id,SMILES,bp_K,ValidMol,RDKit_InChIKey,MolWt,ExactMolWt,MolLogP,TPSA,HBondDonorCount,HBondAcceptorCount,RotatableBondCount,RingCount,AromaticRingCount,AliphaticRingCount,HeterocycleCount,FractionCarbonSP3,HeavyAtomCount,HeteroatomCount,NumValenceElectrons,NumRadicalElectrons,MaxPartialCharge,MinPartialCharge
0,C=C(C)[C@H]1CC=C(C)CC1,450.85,True,XMGQYMWWDOXHJM-JTQLQIEISA-N,136.23799999999997,136.125200512,3.308900000000002,0.0,0,0,1,1,0,1,0,0.6,10,0,56,0,-0.017096319446087898,-0.099849370815529
1,ClC(Cl)c1ccccc1,478.25,True,CAHQGWAXKLQREW-UHFFFAOYSA-N,161.031,159.984655552,3.1628000000000016,0.0,0,0,1,1,1,0,0,0.14285714285714285,9,2,48,0,0.13230563906999554,-0.10006374653481886
2,c1ccc(cc1)\C=C\c2ccccc2,580.25,True,PJANXHGTPQOBST-VAWYXSNFSA-N,180.24999999999997,180.093900384,3.857000000000003,0.0,0,0,2,2,2,0,0,0.0,14,0,68,0,-0.025646180347114717,-0.062226099107525704
3,ClC(Cl)(Cl)c1ccccc1,494.05,True,XEMRAKSQROQPBR-UHFFFAOYSA-N,195.47600000000003,193.9456832,3.513300000000002,0.0,0,0,0,1,1,0,0,0.14285714285714285,10,3,54,0,0.2155312639236141,-0.07841796242069204
4,ClCC(Cl)(Cl)Cl,403.45,True,QVLAWKAXOMEXPM-UHFFFAOYSA-N,167.85,165.891060784,2.5954000000000006,0.0,0,0,0,0,0,0,0,1.0,6,4,38,0,0.2034363907431141,-0.12206273847461951
5,FCC(F)(F)F,299.75,True,LVGUZGTVOIAKKC-UHFFFAOYSA-N,102.03000000000002,102.009262944,1.5182000000000002,0.0,0,0,0,0,0,0,0,1.0,6,4,38,0,0.41630089910816304,-0.24112655579497494
6,FC(F)(F)C(Cl)(Cl)Cl,318.75,True,BOSAWIQFTJIYIS-UHFFFAOYSA-N,187.37500000000003,185.9017677,2.9189,0.0,0,0,0,0,0,0,0,1.0,8,6,50,0,0.43524691185782005,-0.1663811571479959
7,CC(=O)C(Cl)(Cl)Cl,422.25,True,SMZHKGXSEAGRTI-UHFFFAOYSA-N,161.41500000000002,159.924947756,1.9456,17.07,0,1,0,0,0,0,0,0.6666666666666666,7,4,42,0,0.2478781618944826,-0.2951873946132923
8,CC(Cl)(Cl)Cl,347.25,True,UOCLXMDMGBRAIB-UHFFFAOYSA-N,133.405,131.930033136,2.376500000000001,0.0,0,0,0,0,0,0,0,1.0,5,3,32,0,0.18738218534988657,-0.08401345114285742
9,FC(F)(F)C(Cl)Cl,301.07,True,OHMHBGPWCHTMQE-UHFFFAOYSA-N,152.93,151.940740052,2.3524000000000003,0.0,0,0,0,0,0,0,0,1.0,7,5,44,0,0.41808294242509636,-0.1680013943449183
10,CC(F)(F)F,320.45,True,UJPMYEOUBPIPHQ-UHFFFAOYSA-N,84.04,84.018684756,1.5686000000000002,0.0,0,0,0,0,0,0,0,1.0,5,3,32,0,0.38592038429099035,-0.1715150103307834
11,FC(Cl)C(F)(F)C(F)(F)Cl,329.35,True,UJIGKESMIPTWJH-UHFFFAOYSA-N,202.93699999999998,201.937546492,2.9877000000000002,0.0,0,0,2,0,0,0,0,1.0,10,7,62,0,0.3879690662049616,-0.2228672704969095
12,BrC(Br)C(Br)Br,516.75,True,QXSZNDIIPUOQMB-UHFFFAOYSA-N,345.654,341.688998464,3.2182000000000004,0.0,0,0,1,0,0,0,0,1.0,6,4,38,0,0.09197940541960592,-0.0742996396999463
13,ClC(Cl)C(Cl)Cl,419.25,True,QPFMBZIOSGYJDE-UHFFFAOYSA-N,167.85,165.891060784,2.5938,0.0,0,0,1,0,0,0,0,1.0,6,4,38,0,0.13734361253139798,-0.10236499019348498
14,FC(F)(Cl)C(F)(Cl)Cl,320.95,True,AJDIZQLSFPQPEY-UHFFFAOYSA-N,187.37500000000003,185.9017677,2.9189,0.0,0,0,1,0,0,0,0,1.0,8,6,50,0,0.3829756476639305,-0.19948948791832122
15,ClCC(Cl)Cl,387.25,True,UBOXGVDOUJQMTN-UHFFFAOYSA-N,133.405,131.930033136,2.0289,0.0,0,0,1,0,0,0,0,1.0,5,3,32,0,0.12082872501594434,-0.12377171147587997
16,C=C(Cl)Cl,304.85,True,LGXVIGDEPROXKC-UHFFFAOYSA-N,96.944,95.953355424,1.9352,0.0,0,0,0,0,0,0,0,0.0,4,2,24,0,0.09918403887268369,-0.07155530834151903
17,CCOC(C)OCC,375.95,True,DHKHKXVYLBGOIT-UHFFFAOYSA-N,118.176,118.099379688,1.4054,18.46,0,2,4,0,0,0,0,1.0,8,2,50,0,0.15425517138581352,-0.3532616030064746
18,COC(C)OC,337.75,True,SPEUIVXLLWOEMJ-UHFFFAOYSA-N,90.122,90.06807956,0.6252,18.46,0,2,2,0,0,0,0,1.0,6,2,38,0,0.15353175643426945,-0.3562252067152514
19,CCOCCOCCOCC,461.25,True,RRQYJINTUHWNHW-UHFFFAOYSA-N,162.22899999999998,162.125594436,1.076,27.69,0,3,8,0,0,0,0,1.0,11,3,68,0,0.07011202089193938,-0.3793466986171839
20,Clc1ccc(Cl)c(Cl)c1Cl,527.25,True,GBDZXPJXOMHESU-UHFFFAOYSA-N,215.894,213.891060784,4.3002,0.0,0,0,0,1,1,0,0,0.0,10,4,54,0,0.07932005703926587,-0.08265371040725315
21,ClCC(Cl)CCl,431.25,True,CFXQEHVMCRXUSD-UHFFFAOYSA-N,147.43200000000002,145.9456832,2.0713999999999997,0.0,0,0,2,0,0,0,0,1.0,6,3,38,0,0.060618612030870274,-0.12506668729947193
22,Cc1cccc(C)c1C,449.37,True,FYGHSUNMUKGBRK-UHFFFAOYSA-N,120.195,120.093900384,2.611860000000001,0.0,0,0,0,1,1,0,0,0.3333333333333333,9,0,48,0,-0.03924826125183226,-0.06172129778023983
23,Clc1ccc(Cl)c(Cl)c1,486.75,True,PBKONEOXTCPAFI-UHFFFAOYSA-N,181.449,179.930033136,3.6468000000000007,0.0,0,0,0,1,1,0,0,0.0,9,3,48,0,0.06066130485936487,-0.08428709445773132
24,Cc1ccc(C)c(C)c1,442.14,True,GWHJZXXIDMPWGX-UHFFFAOYSA-N,120.195,120.093900384,2.611860000000001,0.0,0,0,0,1,1,0,0,0.3333333333333333,9,0,48,0,-0.03950156209354446,-0.059043013944034425
25,CCC(O)CO,470.15,True,BMRWNKZVCUKKSR-UHFFFAOYSA-N,90.122,90.06807956,-0.25039999999999996,40.46,2,2,2,0,0,0,0,1.0,6,2,38,0,0.07678623664008573,-0.39368882817264456
26,NCCN,390.25,True,PIICEJLVQHRZGT-UHFFFAOYSA-N,60.09999999999999,60.06874825599999,-1.0962,52.04,2,2,1,0,0,0,0,1.0,4,2,26,0,0.004613277480336551,-0.3292161911466984
27,BrCCBr,404.55,True,PAAZPARNPHGIKF-UHFFFAOYSA-N,187.862,185.867974328,1.7762,0.0,0,0,1,0,0,0,0,1.0,4,2,26,0,0.012858597828711611,-0.09190389857679508
28,CC(Br)CBr,415.15,True,XFNJYAKDBJUJAJ-UHFFFAOYSA-N,201.889,199.883624392,2.1647,0.0,0,0,1,0,0,0,0,1.0,5,2,32,0,0.02140316444457654,-0.09160846119671515
29,Clc1ccccc1Cl,453.35,True,RFFLAFLAYFXFSW-UHFFFAOYSA-N,147.00399999999996,145.969005488,2.9934000000000003,0.0,0,0,0,1,1,0,0,0.0,8,2,42,0,0.059180344278361545,-0.08271319546492409
30,ClCCCl,356.65,True,WSLDOOZREJYCGB-UHFFFAOYSA-N,98.96000000000001,97.969005488,1.464,0.0,0,0,1,0,0,0,0,1.0,4,2,26,0,0.035889203448099614,-0.12542343074881615
31,CC(Cl)CCl,369.65,True,KNKRKFALVUDBJE-UHFFFAOYSA-N,112.98700000000001,111.98465555199999,1.8525,0.0,0,0,1,0,0,0,0,1.0,5,2,32,0,0.04427922350067608,-0.12512511403767518
32,CCc1ccccc1CC,457.25,True,KVNYFPKFSJIPBJ-UHFFFAOYSA-N,134.22199999999998,134.109550448,2.811400000000001,0.0,0,0,2,1,1,0,0,0.4,10,0,54,0,-0.030470988556806407,-0.06197457993591865
33,COc1ccccc1OC,479.25,True,ABDKAPXRBAPSQN-UHFFFAOYSA-N,138.16599999999997,138.06807956,1.7038,18.46,0,2,2,1,1,0,0,0.25,10,2,54,0,0.16021145103900217,-0.49287034547589753
34,Cc1ccccc1C,417.75,True,CTQNGGLPUBDAKN-UHFFFAOYSA-N,106.16799999999999,106.07825032,2.30344,0.0,0,0,0,1,1,0,0,0.25,8,0,42,0,-0.039511492179969666,-0.06198519188632999
35,Cc1cc(C)cc(C)c1,437.95,True,AUHZEENZYGFFBQ-UHFFFAOYSA-N,120.19499999999998,120.093900384,2.611860000000001,0.0,0,0,0,1,1,0,0,0.3333333333333333,9,0,48,0,-0.03975468316246081,-0.05636528474297494
36,CC(O)CCO,480.75,True,PUPZLCDOIYMWBV-UHFFFAOYSA-N,90.122,90.06807956,-0.25039999999999996,40.46,2,2,2,0,0,0,0,1.0,6,2,38,0,0.05334957508052505,-0.39627512172883306
37,Clc1cccc(Cl)c1,446.25,True,ZPQOPVIELGIULI-UHFFFAOYSA-N,147.004,145.969005488,2.993400000000001,0.0,0,0,0,1,1,0,0,0.0,8,2,42,0,0.0420299105976315,-0.0842889078864603
38,ClCCCCl,393.65,True,YHRUOJUYPBUZOS-UHFFFAOYSA-N,112.98700000000001,111.98465555199999,1.8540999999999999,0.0,0,0,2,0,0,0,0,1.0,5,2,32,0,0.023429490958601872,-0.12667174288054692
39,Cc1cccc(C)c1,412.35,True,IVSZLXZYQVIEFR-UHFFFAOYSA-N,106.16799999999999,106.07825032,2.30344,0.0,0,0,0,1,1,0,0,0.25,8,0,42,0,-0.03976460504894693,-0.06174087142677341
40,O=C1OCCO1,521.25,True,KMTRUDSVKNLOMY-UHFFFAOYSA-N,88.062,88.016043988,0.1532,35.53,0,3,0,1,0,1,1,0.6666666666666666,6,3,34,0,0.5080088228937092,-0.43065700761960857
41,C1COCO1,351.25,True,WNXJIVFYUVYPPR-UHFFFAOYSA-N,74.079,74.036779432,-0.009299999999999975,18.46,0,2,0,1,0,1,1,1.0,5,2,30,0,0.14643943241910296,-0.3530353505749712
42,OCCCO,485.25,True,YPFDHNVEDLHUCE-UHFFFAOYSA-N,76.095,76.052429496,-0.6389,40.46,2,2,2,0,0,0,0,1.0,5,2,32,0,0.045238236823877565,-0.39628647261089006
43,OCCCCO,502.75,True,WERYXYBDKMZEQL-UHFFFAOYSA-N,90.122,90.06807956,-0.24880000000000008,40.46,2,2,3,0,0,0,0,1.0,6,2,38,0,0.04313700838996922,-0.3963750384086942
44,Brc1ccc(Br)cc1,493.65,True,SWJPEBQEEAHIGZ-UHFFFAOYSA-N,235.90599999999998,233.867974328,3.2116000000000007,0.0,0,0,0,1,1,0,0,0.0,8,2,42,0,0.01755406511332249,-0.0508383299396023
45,Clc1ccc(Cl)cc1,447.15,True,OCJBOOLMMGQPQU-UHFFFAOYSA-N,147.00400000000002,145.969005488,2.993400000000001,0.0,0,0,0,1,1,0,0,0.0,8,2,42,0,0.04065275054526879,-0.08434269778179436
46,CCc1ccc(CC)cc1,456.95,True,DSNHSQKRULAAEI-UHFFFAOYSA-N,134.22199999999998,134.109550448,2.811400000000001,0.0,0,0,2,1,1,0,0,0.4,10,0,54,0,-0.030743747647749592,-0.061294135377601325
47,Cc1ccc(C)cc1,411.55,True,URLKBWYHVLBVBO-UHFFFAOYSA-N,106.16799999999999,106.07825032,2.30344,0.0,0,0,0,1,1,0,0,0.25,8,0,42,0,-0.03977419408172197,-0.05906257918023874
48,OCCCCCCO,481.25,True,XXMIOPMDWAUFGU-UHFFFAOYSA-N,118.176,118.099379688,0.5313999999999999,40.46,2,2,5,0,0,0,0,1.0,8,2,50,0,0.0430524188901144,-0.39637656929582127
49,CC12CCC(CC1)C(C)(C)O2,449.25,True,WEEGYLXZBRQIMU-UHFFFAOYSA-N,154.253,154.135765196,2.7441000000000013,9.23,0,1,0,3,0,3,2,1.0,11,1,64,0,0.0661764034177079,-0.3691300164664661
50,ClCCBr,380.25,True,IBYHHJPAARCAIE-UHFFFAOYSA-N,143.411,141.918489908,1.6200999999999999,0.0,0,0,1,0,0,0,0,1.0,4,2,26,0,0.032014214251992267,-0.12581032716612722
51,CC(C)CCBr,394.25,True,YXZFFTJAHVMMLF-UHFFFAOYSA-N,151.047,150.004412452,2.4274000000000004,0.0,0,0,2,0,0,0,0,1.0,6,1,38,0,0.003368674561848821,-0.09279724477724852
52,CCCCBr,374.55,True,MPPPKRYCTPRNTB-UHFFFAOYSA-N,137.01999999999998,135.988762388,2.1814,0.0,0,0,2,0,0,0,0,1.0,5,1,32,0,0.003115222707676138,-0.09280798507522109
53,CCCBr,344.25,True,CYNYIHKIEHGYOZ-UHFFFAOYSA-N,122.993,121.973112324,1.7913000000000001,0.0,0,0,1,0,0,0,0,1.0,4,1,26,0,0.0028627972390594535,-0.0928186496107851
54,CCCCO,390.85,True,LRHPLDYGYMQRHN-UHFFFAOYSA-N,74.12299999999999,74.07316494,0.7787999999999999,20.23,1,1,2,0,0,0,0,1.0,5,1,32,0,0.043042283485206966,-0.39637675206921097
55,CCCCN,351.25,True,HQABUPZFAYXKJW-UHFFFAOYSA-N,73.139,73.08914935199999,0.7452000000000001,26.02,1,1,2,0,0,0,0,1.0,5,1,32,0,-0.0077376425064202455,-0.3304736813706357
56,Cc1ccccc1Cl,432.22,True,IBSQPLPBRSHTTG-UHFFFAOYSA-N,126.586,126.023627904,2.6484200000000007,0.0,0,0,0,1,1,0,0,0.14285714285714285,8,1,42,0,0.043467092305308104,-0.08405299355229609
57,CCCCCl,351.75,True,VFWCMGCRMGJXDK-UHFFFAOYSA-N,92.56899999999999,92.039277968,2.0253,0.0,0,0,2,0,0,0,0,1.0,5,1,32,0,0.02228548512208906,-0.12671715221213103
58,Clc1cccc2ccccc12,601.25,True,JTPNRXUCIXHOKM-UHFFFAOYSA-N,162.61899999999997,162.023627904,3.4932000000000016,0.0,0,0,0,2,2,0,0,0.0,11,1,54,0,0.048389036452779,-0.0836642186269789
59,CCCCCCCCCl,454.75,True,CNDHHGUSRIZDSL-UHFFFAOYSA-N,148.67700000000002,148.101878224,3.5857000000000028,0.0,0,0,6,0,0,0,0,1.0,9,1,56,0,0.022295574346735236,-0.12671696964452742
60,CCCCCCl,381.15,True,SQCZQTSHSZLZIQ-UHFFFAOYSA-N,106.596,106.05492803199999,2.415400000000001,0.0,0,0,3,0,0,0,0,1.0,6,1,38,0,0.022295401268088152,-0.12671697108785232
61,CCCCl,319.85,True,SNMVRZFUUCLYTO-UHFFFAOYSA-N,78.542,78.023627904,1.6352,0.0,0,0,1,0,0,0,0,1.0,4,1,26,0,0.022033046330598795,-0.12672788713835664
62,CCCCCCCCCCO,502.25,True,MWKFXSUHUHTGQN-UHFFFAOYSA-N,158.285,158.167065324,3.119400000000002,20.23,1,1,8,0,0,0,0,1.0,11,1,68,0,0.043052407228889096,-0.39637656934228244
63,CCCCCCCCC=C,443.81,True,AFFLGGQVNFXPEV-UHFFFAOYSA-N,140.26999999999998,140.15650064,3.9230000000000036,0.0,0,0,7,0,0,0,0,0.8,10,0,60,0,-0.03534129310993146,-0.10308297893627165
64,CCCCCCCCCCC=C,487.05,True,CRSBERNSMYQZNG-UHFFFAOYSA-N,168.32399999999998,168.187800768,4.703200000000004,0.0,0,0,9,0,0,0,0,0.8333333333333334,12,0,72,0,-0.0353412931099218,-0.10308297893627165
65,CC(F)(Cl)Cl,305.25,True,FRCHKSNAZZFGCA-UHFFFAOYSA-N,116.95,115.959583676,2.1071999999999997,0.0,0,0,0,0,0,0,0,1.0,5,3,32,0,0.2539674477867957,-0.2084810996624261
66,CCCCCC=C,366.85,True,ZGEGCLOFRBLKSE-UHFFFAOYSA-N,98.189,98.109550448,2.752700000000001,0.0,0,0,4,0,0,0,0,0.7142857142857143,7,0,42,0,-0.03534146559247401,-0.10308297894147123
67,CCCCCCS,427.25,True,PMBXCGGQNSVESQ-UHFFFAOYSA-N,118.24499999999999,118.08162144799999,2.4965000000000015,0.0,1,1,4,0,0,0,0,1.0,7,1,44,0,-0.009791410855685948,-0.1793639005798648
68,C=CCCCC,336.65,True,LIKMAJRDDDTEIG-UHFFFAOYSA-N,84.16199999999999,84.093900384,2.3626000000000005,0.0,0,0,3,0,0,0,0,0.6666666666666666,6,0,36,0,-0.03535136060568804,-0.10308298030401146
69,COc1ccccc1C,445.25,True,DTFKRVXLBCAIOZ-UHFFFAOYSA-N,122.16699999999997,122.07316494,2.0036199999999997,9.23,0,1,1,1,1,0,0,0.25,9,1,48,0,0.12126196245781415,-0.4964893528963514
70,COc1ccccc1[N+](=O)[O-],550.25,True,CFBYEGUGFPZCNF-UHFFFAOYSA-N,153.13699999999997,153.042593084,1.6033999999999997,52.370000000000005,0,3,2,1,1,0,0,0.14285714285714285,11,4,58,0,0.3103991523572057,-0.49013592912749804
71,Cc1cccc2ccccc12,517.25,True,QPUYECUOLPXSFR-UHFFFAOYSA-N,142.201,142.07825032,3.148220000000002,0.0,0,0,0,2,2,0,0,0.09090909090909091,11,0,54,0,-0.015473597845287701,-0.06162938043001279
72,CCC[N+](=O)[O-],404.45,True,JSZOAYXJRCEYSX-UHFFFAOYSA-N,89.09399999999998,89.047678464,0.6731,43.14,0,2,2,0,0,0,0,1.0,6,3,36,0,0.2031542109616376,-0.2645488497261411
73,CCCCCCCC=C,420.15,True,JRZJOMJEPLMPRA-UHFFFAOYSA-N,126.243,126.14085057599999,3.5329000000000024,0.0,0,0,6,0,0,0,0,0.7777777777777778,9,0,54,0,-0.03534129311518334,-0.10308297893627165
74,CCCCCCCCCc1ccc(O)cc1,590.25,True,IGFHQQFPSIBGKE-UHFFFAOYSA-N,220.35600000000002,220.182715388,4.685300000000005,20.23,1,1,8,1,1,0,0,0.6,16,1,90,0,0.11509484011770371,-0.5079666452523371
75,CCCCCS,399.85,True,ZRKMQKLGEQPLNS-UHFFFAOYSA-N,104.218,104.065971384,2.1064000000000003,0.0,1,1,3,0,0,0,0,1.0,6,1,38,0,-0.009791582292102878,-0.17936390199217297
76,CCCCCO,410.75,True,AMQJEAYHLZJPGS-UHFFFAOYSA-N,88.14999999999999,88.088815004,1.1689,20.23,1,1,3,0,0,0,0,1.0,6,1,38,0,0.04305223345357219,-0.3963765707960063
77,CC(O)COc1ccccc1,514.45,True,IBLKWZIFZMJLFL-UHFFFAOYSA-N,152.19299999999998,152.083729624,1.4462,29.46,1,2,3,1,1,0,0,0.3333333333333333,11,2,60,0,0.11893454079558832,-0.49091520979271164
78,CC(O)c1ccccc1,477.25,True,WAPNOHKVXSQRPX-UHFFFAOYSA-N,122.16699999999996,122.07316494,1.7399,20.23,1,1,1,1,1,0,0,0.25,9,1,48,0,0.07614397553191857,-0.3887122290252251
79,CCCCCCCCCCCC=C,506.05,True,VQOXUMQBYILCKR-UHFFFAOYSA-N,182.35099999999997,182.203450832,5.0933000000000055,0.0,0,0,10,0,0,0,0,0.8461538461538461,13,0,78,0,-0.0353412931099218,-0.10308297893627165
80,CCCCCCCCCC=C,465.95,True,DCTOHCCUXLBQMS-UHFFFAOYSA-N,154.297,154.172150704,4.313100000000004,0.0,0,0,8,0,0,0,0,0.8181818181818182,11,0,66,0,-0.03534129310992181,-0.10308297893627165
81,NCCNCCO,313.25,True,LHIJANUOQQMGNT-UHFFFAOYSA-N,104.15299999999999,104.094963004,-1.4729999999999996,58.28,3,3,4,0,0,0,0,1.0,7,3,44,0,0.05554462568961221,-0.39505444851273497
82,CC(C)CC(C)(C)C,372.488,True,NHTMVDHEPJAVLT-UHFFFAOYSA-N,114.23199999999999,114.14085057599999,3.0786000000000016,0.0,0,0,1,0,0,0,0,1.0,8,0,50,0,-0.038018218252164164,-0.06275372160759639
83,OCCSCCO,555.25,True,YODZTKMDCQEPHD-UHFFFAOYSA-N,122.189,122.04015056,-0.2958,40.46,2,3,4,0,0,0,0,1.0,7,3,44,0,0.05212351047879036,-0.3955185406230167
84,CC(C)(C)CO,387.25,True,KPSSIOMAKSHJJG-UHFFFAOYSA-N,88.14999999999999,88.088815004,1.0248,20.23,1,1,0,0,0,0,0,1.0,6,1,38,0,0.04789883650898876,-0.3958312170553949
85,CCC(C)(C)C,322.95,True,HNRMPXKDFBEGFZ-UHFFFAOYSA-N,86.17799999999998,86.109550448,2.442500000000001,0.0,0,0,0,0,0,0,0,1.0,6,0,38,0,-0.03852311765626792,-0.06488336083848827
86,Cc1ccc(C)c(O)c1C,499.25,True,QQOMQLYQAXGHSU-UHFFFAOYSA-N,136.194,136.088815004,2.3174600000000005,20.23,1,1,0,1,1,0,0,0.3333333333333333,10,1,54,0,0.12114921601129043,-0.5073968985056001
87,CC(C)C(C)C,331.15,True,ZFFMLCVRJBZUDZ-UHFFFAOYSA-N,86.178,86.109550448,2.2984,0.0,0,0,1,0,0,0,0,1.0,6,0,38,0,-0.04481265908420449,-0.06252913230679805
88,Cc1cc(C)nc(C)c1,443.65,True,BWZVCCNYKMEVEX-UHFFFAOYSA-N,121.18299999999999,121.08914935199999,2.00686,12.89,0,1,0,1,1,0,1,0.375,9,1,48,0,0.037799902818995854,-0.25846767959999234
89,Nc1ccc(Cl)cc1Cl,518.25,True,KQCMTOWTPBNWDB-UHFFFAOYSA-N,162.019,160.97990452,2.5756000000000006,26.02,1,1,0,1,1,0,0,0.0,9,3,48,0,0.06497224718056904,-0.3975215489904008
90,Oc1ccc(Cl)cc1Cl,483.25,True,HFZWRUODUSTPEG-UHFFFAOYSA-N,163.003,161.963920108,2.699,20.23,1,1,0,1,1,0,0,0.0,9,3,48,0,0.13377340772986268,-0.5063937792446614
91,CC(C)C(=O)C(C)C,398.65,True,HXVNBWAKAOHACI-UHFFFAOYSA-N,114.18799999999997,114.104465068,1.8675,17.07,0,1,2,0,0,0,0,0.8571428571428571,8,1,48,0,0.13743657236969856,-0.29913450910399353
92,Cc1ccc(N)c(C)c1,487.25,True,CZZZABOKJQXEBO-UHFFFAOYSA-N,121.183,121.08914935199999,1.88564,26.02,1,1,0,1,1,0,0,0.25,9,1,48,0,0.034340571016716365,-0.39851383231669646
93,Cc1ccc(O)c(C)c1,484.75,True,KUFFULVDNCHOFZ-UHFFFAOYSA-N,122.16699999999999,122.07316494,2.0090399999999997,20.23,1,1,0,1,1,0,0,0.25,9,1,48,0,0.11799932341781073,-0.5076869366940918
94,Oc1cc(Cl)ccc1Cl,484.25,True,RANCECPPZPIPNO-UHFFFAOYSA-N,163.003,161.963920108,2.699,20.23,1,1,0,1,1,0,0,0.0,9,3,48,0,0.13515318121342093,-0.5063397423514364
95,Cc1cnc(C)cn1,429.25,True,LCZUOKDVTBMCMX-UHFFFAOYSA-N,108.14399999999999,108.06874825599999,1.09344,25.78,0,2,0,1,1,0,1,0.3333333333333333,8,2,42,0,0.05554923737118271,-0.2581073632916529
96,Oc1c(Cl)cccc1Cl,493.25,True,HOLHYSJJBXSLMV-UHFFFAOYSA-N,163.003,161.963920108,2.699,20.23,1,1,0,1,1,0,0,0.0,9,3,48,0,0.15225077513920984,-0.5048271275158442
97,COc1cccc(OC)c1O,534.25,True,KLIDCXVFHGNTTM-UHFFFAOYSA-N,154.165,154.06299418,1.4093999999999998,38.69,1,3,2,1,1,0,0,0.25,11,3,60,0,0.2002294571644853,-0.5016997255218006
98,CC(C)CC(=O)CC(C)C,442.65,True,PTTPXKJBFFKCEK-UHFFFAOYSA-N,142.242,142.135765196,2.6477000000000013,17.07,0,1,4,0,0,0,0,0.8888888888888888,10,1,60,0,0.1329216283938693,-0.2996957672567549
99,Cc1cccc(C)n1,417.25,True,OISVCGZHLKNMSJ-UHFFFAOYSA-N,107.156,107.073499288,1.69844,12.89,0,1,0,1,1,0,1,0.2857142857142857,8,1,42,0,0.03753601180441258,-0.25848808574390264
100,CC(C)(C)N,319.25,True,YBRBMKDOPFTVDT-UHFFFAOYSA-N,73.13900000000001,73.08914935199999,0.7436,26.02,1,1,0,0,0,0,0,1.0,5,1,32,0,0.006857356991357578,-0.3258160878010253
101,Nc1ccccn1,483.85,True,ICSNLGPSRYBMBD-UHFFFAOYSA-N,94.117,94.053098192,0.6638000000000001,38.91,1,2,0,1,1,0,1,0.0,7,2,36,0,0.12276626581413695,-0.38370281263384987
102,CCC(C)Br,364.45,True,UPSXAPQYNGXVBF-UHFFFAOYSA-N,137.01999999999998,135.988762388,2.1798,0.0,0,0,1,0,0,0,0,1.0,5,1,32,0,0.011445025631977081,-0.08938067149002546
103,CC(C)Br,333.25,True,NAMYKGVDVNBCFQ-UHFFFAOYSA-N,122.993,121.973112324,1.7897,0.0,0,0,0,0,0,0,0,1.0,4,1,26,0,0.008875443213827798,-0.08967031862934308
104,Cc1ccccc1Br,454.95,True,QSSXJPIWXQTSIX-UHFFFAOYSA-N,171.03699999999998,169.973112324,2.7575200000000013,0.0,0,0,0,1,1,0,0,0.14285714285714285,8,1,42,0,0.020397701431466925,-0.061925959628569845
105,CCC(C)O,372.75,True,BTANRVKWQNVYAZ-UHFFFAOYSA-N,74.12299999999999,74.07316494,0.7771999999999999,20.23,1,1,1,0,0,0,0,1.0,5,1,32,0,0.05090390435353903,-0.39343008722162376
106,CCCCOCCO,441.65,True,POAOYUHQDCAZBD-UHFFFAOYSA-N,118.17599999999999,118.099379688,0.7953999999999999,29.46,1,2,5,0,0,0,0,1.0,8,2,50,0,0.06971936249325353,-0.39398034274945215
107,Nc1ccccc1Cl,482.05,True,AKCRQHGQIJBRMN-UHFFFAOYSA-N,127.574,127.01887687199999,1.9222,26.02,1,1,0,1,1,0,0,0.0,8,2,42,0,0.06349140772126322,-0.3975229646084394
108,OCCCl,403.25,True,SZIFAVKTNFCBPC-UHFFFAOYSA-N,80.51400000000001,80.00289246,0.21749999999999997,20.23,1,1,1,0,0,0,0,1.0,4,2,26,0,0.05662987807247733,-0.3951383143442885
109,Oc1ccccc1Cl,448.15,True,ISPYQTSUDJAMAB-UHFFFAOYSA-N,128.558,128.00289246,2.0456000000000003,20.23,1,1,0,1,1,0,0,0.0,8,2,42,0,0.1336666127516892,-0.5063956313983089
110,CC(C)Cl,308.95,True,ULYZAYCEDJDHCC-UHFFFAOYSA-N,78.542,78.023627904,1.6336,0.0,0,0,0,0,0,0,0,1.0,4,1,26,0,0.02791283065305066,-0.12361177098870252
111,Clc1ccccn1,443.25,True,OKDGRDCXVWSXDC-UHFFFAOYSA-N,113.54699999999998,113.003226808,1.7349999999999997,12.89,0,1,0,1,1,0,1,0.0,7,2,36,0,0.1285053076555406,-0.2445835910173591
112,N#Cc1ccccn1,497.75,True,FFNVQNRYTPFDDP-UHFFFAOYSA-N,104.11199999999998,104.037448128,0.9532799999999999,36.68,0,2,0,1,1,0,1,0.0,8,2,38,0,0.1399318192047749,-0.2455722835386355
113,CCOCCOC(C)=O,429.65,True,SVONRAPFKPVNKG-UHFFFAOYSA-N,132.159,132.078644244,0.5860000000000001,35.53,0,3,4,0,0,0,0,0.8333333333333334,9,3,54,0,0.3022073008453582,-0.463422548278865
114,CCC(CC)CO,419.52,True,TZYRSLHNPKPEFV-UHFFFAOYSA-N,102.17699999999999,102.104465068,1.4149,20.23,1,1,3,0,0,0,0,1.0,7,1,44,0,0.04585607462077599,-0.3960885353755221
115,CCCCC(CC)CO,457.59,True,YIWUKEYIRIRTPP-UHFFFAOYSA-N,130.231,130.135765196,2.1951000000000005,20.23,1,1,5,0,0,0,0,1.0,9,1,56,0,0.0458662459549641,-0.3960883514176953
116,CCCCC(CC)COC(C)=O,472.25,True,WOYWLLHHWAMFCB-UHFFFAOYSA-N,172.26799999999997,172.14632988,2.765900000000001,26.3,0,2,6,0,0,0,0,0.9,12,2,72,0,0.3021330276670788,-0.46558239307385973
117,CCc1ccccc1O,477.75,True,IXQGCWUGDFDQMF-UHFFFAOYSA-N,122.16699999999996,122.07316494,1.9545999999999997,20.23,1,1,1,1,1,0,0,0.25,9,1,48,0,0.11825136868411397,-0.5076763141588115
118,OC(=O)CF,441.25,True,QEWYKACRFQMRMB-UHFFFAOYSA-N,78.042,78.011707556,0.040500000000000036,37.3,1,1,1,0,0,0,0,0.5,5,3,30,0,0.33460403330930144,-0.4793089502475297
119,CCCCCC(C)=O,424.75,True,CATSNJVOTSVZJV-UHFFFAOYSA-N,114.18799999999999,114.104465068,2.1557000000000004,17.07,0,1,4,0,0,0,0,0.8571428571428571,8,1,48,0,0.1293399488649192,-0.3000310235003908
120,CCCCC(C)=O,400.45,True,QQZOPKMRPOGIEB-UHFFFAOYSA-N,100.16099999999999,100.088815004,1.7656,17.07,0,1,3,0,0,0,0,0.8333333333333334,7,1,42,0,0.1293397726031704,-0.30003102499487694
121,CC(O)C(O)=O,395.25,True,JVTAAEKCZFNVCJ-UHFFFAOYSA-N,90.07799999999999,90.031694052,-0.5482,57.53,2,2,1,0,0,0,0,0.6666666666666666,6,3,36,0,0.3317230795714236,-0.4793355989963274
122,COc1cc(C)ccc1O,495.25,True,PETRWTHZSKVLRE-UHFFFAOYSA-N,138.166,138.06807956,1.70922,29.46,1,2,1,1,1,0,0,0.25,10,2,54,0,0.1602383079639696,-0.5042546064276908
123,COc1ccccc1N,497.25,True,VMPITZXILSNTON-UHFFFAOYSA-N,123.15499999999999,123.068413908,1.2773999999999999,35.25,1,2,1,1,1,0,0,0.14285714285714285,9,2,48,0,0.1412369048109953,-0.4946015527649382
124,COc1ccccc1C=O,511.25,True,PKZJLOCLABXVMC-UHFFFAOYSA-N,136.14999999999998,136.052429496,1.5076999999999998,26.3,0,2,2,1,1,0,0,0.125,10,2,52,0,0.15327621605336197,-0.49601269299811873
125,COCCO,397.35,True,XNWFRZJHXBZDAG-UHFFFAOYSA-N,76.095,76.052429496,-0.37489999999999996,29.46,1,2,2,0,0,0,0,1.0,5,2,32,0,0.06934265212863683,-0.3939806162163566
126,COc1ccccc1O,478.25,True,LHGVFZTZFXWLCP-UHFFFAOYSA-N,124.13899999999997,124.052429496,1.4008,29.46,1,2,1,1,1,0,0,0.14285714285714285,9,2,48,0,0.159973721120165,-0.5042548357902157
127,CCC(C)CO,401.25,True,QPRQEDXDYOZYLA-UHFFFAOYSA-N,88.14999999999999,88.088815004,1.0248,20.23,1,1,2,0,0,0,0,1.0,6,1,38,0,0.04560232938954998,-0.39609919499473895
128,C=C(C)CC,304.45,True,MHNNAWXXUZQSNM-UHFFFAOYSA-N,70.13499999999999,70.07825032,1.9725,0.0,0,0,1,0,0,0,0,0.6,5,0,30,0,-0.03543505048507542,-0.100151220295327
129,CCCC(C)CO,421.25,True,PFNHSEQQEPMLNI-UHFFFAOYSA-N,102.17699999999999,102.104465068,1.4149,20.23,1,1,3,0,0,0,0,1.0,7,1,44,0,0.045612317373567704,-0.3960990127001897
130,CC(C)CN,342.25,True,KDSNLYIMUZNERS-UHFFFAOYSA-N,73.139,73.08914935199999,0.6011000000000001,26.02,1,1,1,0,0,0,0,1.0,5,1,32,0,-0.005413892141561341,-0.3302183383951626
131,CC(O)CC(C)(C)O,471.25,True,SVTBMSDMJJWYQN-UHFFFAOYSA-N,118.17599999999999,118.099379688,0.5282,40.46,2,2,2,0,0,0,0,1.0,8,2,50,0,0.06157732087321983,-0.3933060128156288
132,CCC(C)(C)O,375.65,True,MSXVEPNJUHWQHW-UHFFFAOYSA-N,88.14999999999998,88.088815004,1.1673,20.23,1,1,1,0,0,0,0,1.0,6,1,38,0,0.05886986149053354,-0.3904828518322725
133,CC=C(C)C,311.75,True,BKOOMYPCSUNDGP-UHFFFAOYSA-N,70.13499999999999,70.07825032,1.9725,0.0,0,0,0,0,0,0,0,0.6,5,0,30,0,-0.044222970392810215,-0.08901317275117566
134,Cc1ccccc1N,473.55,True,RNVCVTLRINQCPJ-UHFFFAOYSA-N,107.156,107.073499288,1.57722,26.02,1,1,0,1,1,0,0,0.14285714285714285,8,1,42,0,0.0343208796951809,-0.39851409803684273
135,CC1CCCCC1=O,438.35,True,LFSAPCRASZRSKS-UHFFFAOYSA-N,112.172,112.088815004,1.7656,17.07,0,1,0,1,0,1,0,0.8571428571428571,8,1,46,0,0.13519971478507345,-0.2994148859068625
136,CCCCCCC(C)C,416.45,True,ZUBZATZOEPUUQF-UHFFFAOYSA-N,128.259,128.15650064,3.6128000000000027,0.0,0,0,5,0,0,0,0,1.0,9,0,56,0,-0.04713257615644698,-0.0653823832175159
137,CCCC(C)C,333.46,True,AFABGHUZZDYHJO-UHFFFAOYSA-N,86.178,86.109550448,2.442500000000001,0.0,0,0,2,0,0,0,0,1.0,6,0,38,0,-0.04714263543756667,-0.06537259817899396
138,CC(C)C,284.95,True,NNPPMTNAJDCUHE-UHFFFAOYSA-N,58.123999999999995,58.078250319999995,1.6622999999999999,0.0,0,0,0,0,0,0,0,1.0,4,0,26,0,-0.04998608114307979,-0.06303725418182882
139,CC(C)C#N,375.25,True,LRDFRRGEGBBSRN-UHFFFAOYSA-N,69.107,69.057849224,1.16598,23.79,0,1,0,0,0,0,0,0.75,5,1,28,0,0.0649457173195011,-0.19805727534481107
140,Cc1cnccn1,408.25,True,CAWHJQAVHZEVTJ-UHFFFAOYSA-N,94.11699999999999,94.053098192,0.7850199999999998,25.78,0,2,0,1,1,0,1,0.2,7,2,36,0,0.05552475830361941,-0.26123511250191794
141,Cc1ccccn1,402.65,True,BSKHPKMHTQYZBB-UHFFFAOYSA-N,93.129,93.057849224,1.39002,12.89,0,1,0,1,1,0,1,0.16666666666666666,7,1,36,0,0.03721465273392041,-0.26161242494491843
142,Oc1ccccc1[N+]([O-])=O,489.25,True,IQUPABOKLQSFBK-UHFFFAOYSA-N,139.10999999999999,139.02694302,1.3004000000000002,63.37,1,3,1,1,1,0,0,0.0,10,4,52,0,0.3101887839338801,-0.502092705332494
143,CC(C)[N+](=O)[O-],393.45,True,FGLBSLMDCBOPQK-UHFFFAOYSA-N,89.094,89.047678464,0.6715,43.14,0,2,1,0,0,0,0,1.0,6,3,36,0,0.20717591219263307,-0.26428222998398154
144,Cc1ccccc1[N+](=O)[O-],495.25,True,PLAZTCDQAHEYBI-UHFFFAOYSA-N,137.138,137.047678464,1.9032200000000001,43.14,0,2,1,1,1,0,0,0.14285714285714285,10,3,52,0,0.271791321288604,-0.2583009410225935
145,CCCCCCC(C)O,452.25,True,SJWFXCIHNDVPSH-UHFFFAOYSA-N,130.231,130.135765196,2.3376000000000006,20.23,1,1,5,0,0,0,0,1.0,9,1,56,0,0.05116668312937806,-0.393419269033318
146,CCCCCCC(C)=O,448.25,True,ZPVFWPFBNIEHGJ-UHFFFAOYSA-N,128.215,128.120115132,2.5458000000000007,17.07,0,1,5,0,0,0,0,0.875,9,1,54,0,0.12933995027687056,-0.30003102349470656
147,CCCC(C)=O,375.51,True,XNLICIUVMPYHGG-UHFFFAOYSA-N,86.13399999999999,86.07316494,1.3755,17.07,0,1,2,0,0,0,0,0.8,6,1,36,0,0.12932953227060026,-0.30003121331851546
148,OCCOc1ccccc1,518.45,True,QCDWFXQBSFUVSP-UHFFFAOYSA-N,138.16599999999997,138.06807956,1.0576999999999999,29.46,1,2,3,1,1,0,0,0.25,10,2,54,0,0.1189178408261219,-0.4912065654965863
149,OCCc1ccccc1,491.45,True,WRMNZCZEMHIOCP-UHFFFAOYSA-N,122.16699999999996,122.07316494,1.2214,20.23,1,1,2,1,1,0,0,0.25,9,1,48,0,0.04709448741986935,-0.3960313152991432
150,CC(C)O,355.55,True,KFZMGEQAYNKOFK-UHFFFAOYSA-N,60.096000000000004,60.057514876,0.38710000000000006,20.23,1,1,0,0,0,0,0,1.0,4,1,26,0,0.04834761180869219,-0.3937069016405105
151,C=CCN,326.75,True,VVJKKWFAADXIJK-UHFFFAOYSA-N,57.09599999999999,57.057849223999995,0.1311000000000001,26.02,1,1,1,0,0,0,0,0.3333333333333333,4,1,24,0,0.010374434455575399,-0.3270522846975318
152,C=CCO,370.15,True,XXROGKLTLUQVRX-UHFFFAOYSA-N,58.08,58.041864812,0.1647,20.23,1,1,1,0,0,0,0,0.3333333333333333,4,1,24,0,0.06093122118130107,-0.3923178086285883
153,C=CC#N,350.45,True,NLHHRLWOUZZQLW-UHFFFAOYSA-N,53.06399999999999,53.026549096,0.6959799999999999,23.79,0,1,0,0,0,0,0,0.0,4,1,20,0,0.09053137537380465,-0.19312126078672762
154,O=C1CCCN1,518.25,True,HNJBEVLQSNELDL-UHFFFAOYSA-N,85.10600000000001,85.052763844,-0.10360000000000008,29.1,1,1,0,1,0,1,1,0.75,6,2,34,0,0.21956247781073204,-0.35609106220576986
155,Cc1ccc(O)c(c1)C(C)(C)C,510.25,True,IKEHOXWJQXIQAG-UHFFFAOYSA-N,164.248,164.120115132,2.998120000000001,20.23,1,1,0,1,1,0,0,0.45454545454545453,12,1,66,0,0.11881784098983801,-0.5076538014334406
156,CCSC,340.25,True,WXEHBUMAEPOYKP-UHFFFAOYSA-N,76.164,76.034671256,1.3693,0.0,0,1,1,0,0,0,0,1.0,4,1,26,0,-0.009879702990655083,-0.16572259354524393
157,CCCCCCCCCC(C)=O,504.75,True,KYWIYKKSMDLRDC-UHFFFAOYSA-N,170.296,170.167065324,3.7161000000000026,17.07,0,1,8,0,0,0,0,0.9090909090909091,12,1,72,0,0.1293399502822748,-0.30003102349469607
158,CC(=O)C(C)(C)C,379.35,True,PJGSXYOJTGTZAV-UHFFFAOYSA-N,100.16099999999999,100.088815004,1.6215,17.07,0,1,0,0,0,0,0,0.8333333333333334,7,1,42,0,0.13463290995980942,-0.29943568716997876
159,Cc1ccc(O)cc1C,498.25,True,YCOXTKKNXUZSKD-UHFFFAOYSA-N,122.16699999999999,122.07316494,2.0090399999999997,20.23,1,1,0,1,1,0,0,0.25,9,1,48,0,0.11535936649447885,-0.5079562241267914
160,Cc1cc(C)cc(O)c1,492.75,True,TUAMRELNJMMDMT-UHFFFAOYSA-N,122.16699999999997,122.07316494,2.0090399999999997,20.23,1,1,0,1,1,0,0,0.25,9,1,48,0,0.11560448564858775,-0.5079461480132894
161,C=CCBr,344.55,True,BHELZAPQIKSEDF-UHFFFAOYSA-N,120.97699999999999,119.95746226,1.5673,0.0,0,0,1,0,0,0,0,0.3333333333333333,4,1,24,0,0.020898848175972935,-0.10224656368421071
162,Cc1cccc(Br)c1,456.95,True,WJIFKOVZNJTSGO-UHFFFAOYSA-N,171.037,169.973112324,2.7575200000000013,0.0,0,0,0,1,1,0,0,0.14285714285714285,8,1,42,0,0.017739096440411488,-0.06088258242944243
163,Nc1cccc(Cl)c1,503.75,True,PNPCRKVUWYDDST-UHFFFAOYSA-N,127.574,127.01887687199999,1.9222,26.02,1,1,0,1,1,0,0,0.0,8,2,42,0,0.04259550351565328,-0.39868630190828575
164,Oc1cccc(Cl)c1,487.25,True,HORNXRXVQWOLPJ-UHFFFAOYSA-N,128.558,128.00289246,2.0456,20.23,1,1,0,1,1,0,0,0.0,8,2,42,0,0.11656188830495293,-0.5079113889979311
165,CCc1cccc(O)c1,491.65,True,HMNKTRSOROOSPP-UHFFFAOYSA-N,122.16699999999996,122.07316494,1.9546,20.23,1,1,1,1,1,0,0,0.25,9,1,48,0,0.11535000714268884,-0.5079563872990431
166,CCCCC(=O)CC,420.25,True,NGAZZOYFWWSOGK-UHFFFAOYSA-N,114.18799999999999,114.104465068,2.1557000000000004,17.07,0,1,4,0,0,0,0,0.8571428571428571,8,1,48,0,0.13213624621267467,-0.29972928203016475
167,CCCC(O)CC,408.25,True,ZOCHHNOQQHDWHG-UHFFFAOYSA-N,102.17699999999999,102.104465068,1.5574,20.23,1,1,3,0,0,0,0,1.0,7,1,44,0,0.053711905178556944,-0.3931423955826943
168,Cc1cccc(O)c1,475.45,True,RLSSMJSEOOYNOY-UHFFFAOYSA-N,108.13999999999999,108.057514876,1.7006199999999998,20.23,1,1,0,1,1,0,0,0.14285714285714285,8,1,42,0,0.11533965245343211,-0.5079565717457838
169,C=CCN=C=S,425.25,True,ZOJBYZNEUISWFT-UHFFFAOYSA-N,99.15799999999999,99.01427016,1.2752,12.36,0,2,2,0,0,0,0,0.25,6,2,32,0,0.06708565753341106,-0.2283522921883799
170,CC(C)C=C,293.35,True,YHQXBTXEYZIYOV-UHFFFAOYSA-N,70.135,70.07825032,1.8284,0.0,0,0,1,0,0,0,0,0.6,5,0,30,0,-0.029309967766280236,-0.10282410978035038
171,CC(C)C(C)O,387.25,True,MXLMTQWGSQIYOW-UHFFFAOYSA-N,88.14999999999999,88.088815004,1.0231999999999999,20.23,1,1,1,0,0,0,0,1.0,6,1,38,0,0.0534509591006451,-0.39315213323115145
172,CC(=O)C(C)C,367.58,True,SYBYTAAJFKOIEJ-UHFFFAOYSA-N,86.134,86.07316494,1.2314,17.07,0,1,1,0,0,0,0,0.8,6,1,36,0,0.1318534622268426,-0.2997396385899406
173,Cc1cccc(N)c1,476.55,True,JJYPMNFTHPTTDI-UHFFFAOYSA-N,107.156,107.073499288,1.5772199999999998,26.02,1,1,0,1,1,0,0,0.14285714285714285,8,1,42,0,0.031614018322708416,-0.39872085761311676
174,CC1CCCC(O)C1,437.25,True,HTSABYAWKQAHBT-UHFFFAOYSA-N,114.18799999999999,114.104465068,1.5574,20.23,1,1,0,1,0,1,0,1.0,8,1,48,0,0.05423864068069268,-0.3931206590096048
175,CCC(C)CC,336.521,True,PFEOZHBOMNWTJB-UHFFFAOYSA-N,86.178,86.109550448,2.442500000000001,0.0,0,0,2,0,0,0,0,1.0,6,0,38,0,-0.04480471003954574,-0.06512847364618164
176,Cc1cccc(c1)[N+]([O-])=O,505.25,True,QZYHIOPPLUPUJF-UHFFFAOYSA-N,137.138,137.047678464,1.90322,43.14,0,2,1,1,1,0,0,0.14285714285714285,10,3,52,0,0.26918728708782313,-0.25830949470105513
177,CCCCCC(O)CC,448.25,True,NMRPBPVERJPACX-UHFFFAOYSA-N,130.23099999999997,130.135765196,2.3376,20.23,1,1,5,0,0,0,0,1.0,9,1,56,0,0.05372202737458578,-0.3931422119493265
178,CCC(=O)CC,374.95,True,FDPIMTJIUBPUKL-UHFFFAOYSA-N,86.134,86.07316494,1.3755,17.07,0,1,2,0,0,0,0,0.8,6,1,36,0,0.13186152172966464,-0.2997406513908195
179,OCCCc1ccccc1,514.25,True,VAJVDSVGBWFCLW-UHFFFAOYSA-N,136.194,136.088815004,1.6115,20.23,1,1,3,1,1,0,0,0.3333333333333333,10,1,54,0,0.04336966675192703,-0.3963644531513796
180,Cc1cccnc1,417.35,True,ITQTTZVARXURQS-UHFFFAOYSA-N,93.129,93.057849224,1.39002,12.89,0,1,0,1,1,0,1,0.16666666666666666,7,1,36,0,0.029653003828134867,-0.264459387256486
181,Cc1ccc(N(C)C)cc1,484.25,True,GYVGXEWAOAAJEU-UHFFFAOYSA-N,135.21,135.104799416,2.06102,3.24,0,1,1,1,1,0,0,0.3333333333333333,10,1,54,0,0.03606838172619256,-0.37766121366641847
182,Oc1ccc(Br)cc1,511.25,True,GZFGOTFRPZRKDS-UHFFFAOYSA-N,173.00900000000001,171.95237688,2.1547,20.23,1,1,0,1,1,0,0,0.0,8,2,42,0,0.11515415357900853,-0.507965628687595
183,CC(=O)c1ccc(Cl)cc1,510.25,True,BUZYGTVTZYSBCU-UHFFFAOYSA-N,154.596,154.018542524,2.542600000000001,17.07,0,1,1,1,1,0,0,0.125,10,2,52,0,0.15930022761846468,-0.29451219272984314
184,Oc1ccc(Cl)cc1,493.25,True,WXNZTHHGJRFXKQ-UHFFFAOYSA-N,128.558,128.00289246,2.0456,20.23,1,1,0,1,1,0,0,0.0,8,2,42,0,0.11517975998882711,-0.5079651858460357
185,Cc1ccc(Cl)cc1,435.65,True,NPDACUSDTOMAMK-UHFFFAOYSA-N,126.586,126.023627904,2.6484200000000007,0.0,0,0,0,1,1,0,0,0.14285714285714285,8,1,42,0,0.040567993120455316,-0.08434413556465584
186,CCc1ccc(O)cc1,491.15,True,HXDOZKJGKXYMEW-UHFFFAOYSA-N,122.16699999999996,122.07316494,1.9546,20.23,1,1,1,1,1,0,0,0.25,9,1,48,0,0.11509483734922345,-0.5079666452633226
187,CCCC(=O)CCC,417.25,True,HCFAJYNVAYBARA-UHFFFAOYSA-N,114.18799999999999,114.104465068,2.1557000000000004,17.07,0,1,4,0,0,0,0,0.8571428571428571,8,1,48,0,0.13239048773034137,-0.2997182890076654
188,COc1ccc(C=O)cc1,528.25,True,ZRSNZINYAWTAHE-UHFFFAOYSA-N,136.14999999999998,136.052429496,1.5076999999999998,26.3,0,2,2,1,1,0,0,0.125,10,2,52,0,0.14955258130421192,-0.49676779267846277
189,COc1ccc(O)cc1,526.25,True,NWVVVBRKAWDGAB-UHFFFAOYSA-N,124.13899999999997,124.052429496,1.4008,29.46,1,2,1,1,1,0,0,0.14285714285714285,9,2,48,0,0.11862884646960269,-0.5079622349506875
190,CC(C)CC(C)O,406.25,True,WVYWICLMDOOCFB-UHFFFAOYSA-N,102.17699999999998,102.104465068,1.4133,20.23,1,1,2,0,0,0,0,1.0,7,1,44,0,0.05141023570958835,-0.3934087426759659
191,CC(=O)CC(C)C,388.95,True,NTIZESTWPVYFNL-UHFFFAOYSA-N,100.16099999999999,100.088815004,1.6215,17.07,0,1,2,0,0,0,0,0.8333333333333334,7,1,42,0,0.12959512117371577,-0.3000199627172533
192,CC(=O)C=C(C)C,403.25,True,SHOJXDKTYKFBRD-UHFFFAOYSA-N,98.145,98.07316494,1.5415999999999999,17.07,0,1,1,0,0,0,0,0.5,7,1,40,0,0.15204742635692042,-0.2951827654226325
193,Cc1ccc(N)cc1,473.65,True,RZXMPPFPUUCRFN-UHFFFAOYSA-N,107.156,107.073499288,1.5772199999999998,26.02,1,1,0,1,1,0,0,0.14285714285714285,8,1,42,0,0.03136724816814624,-0.3987285645842668
194,COc1ccc(C)cc1,448.75,True,CHLICZRVGGXEOD-UHFFFAOYSA-N,122.16699999999997,122.07316494,2.0036199999999997,9.23,0,1,1,1,1,0,0,0.25,9,1,48,0,0.11837738457272944,-0.49676822175454044
195,Cc1ccc(O)cc1,475.15,True,IWDCLRJOBJJRNH-UHFFFAOYSA-N,108.13999999999999,108.057514876,1.7006199999999998,20.23,1,1,0,1,1,0,0,0.14285714285714285,8,1,42,0,0.11509448895139268,-0.5079666481555334
196,Cc1ccncc1,418.25,True,FKNQCJSGGFJEIZ-UHFFFAOYSA-N,93.12899999999999,93.057849224,1.39002,12.89,0,1,0,1,1,0,1,0.16666666666666666,7,1,36,0,0.02699300482342639,-0.2647166344741127
197,Cc1ccc(cc1)[N+]([O-])=O,511.55,True,ZPTVNYMJQHSSEA-UHFFFAOYSA-N,137.138,137.047678464,1.90322,43.14,0,2,1,1,1,0,0,0.14285714285714285,10,3,52,0,0.26894145561733507,-0.25830963621589803
198,CCCCC(=O)CCCC,461.65,True,WSGCRAOTEDLMFQ-UHFFFAOYSA-N,142.242,142.135765196,2.935900000000001,17.07,0,1,6,0,0,0,0,0.8888888888888888,10,1,60,0,0.1324109690533248,-0.2997179119890417
199,c1cc2c3c(cccc3c1)CC2,550.75,True,CWRYPZZKDGJXCA-UHFFFAOYSA-N,154.21199999999993,154.07825032,2.9384000000000006,0.0,0,0,0,3,2,1,0,0.16666666666666666,12,0,58,0,-0.011957882143257156,-0.06135478571963333
200,CC=O,294.05,True,IKHGUXGNUITLKF-UHFFFAOYSA-N,44.053,44.026214748,0.2052,17.07,0,1,0,0,0,0,0,0.5,3,1,18,0,0.1164052831422626,-0.30371526986366926
201,CC=NO,388.25,True,FZENGILVLUJGJX-UHFFFAOYSA-N,59.068000000000005,59.03711378,0.4663,32.59,1,2,0,0,0,0,0,0.5,4,2,24,0,0.04044431417857613,-0.41113634236272567
202,COc1ccc(cc1)C(C)=O,527.25,True,NTPLXRHDUXRPNE-UHFFFAOYSA-N,150.17699999999996,150.06807956,1.8978,26.3,0,2,2,1,1,0,0,0.2222222222222222,11,2,58,0,0.15930305126923566,-0.4967677897237497
203,CC(=O)O,391.15,True,QTBSBXVTEAMEQO-UHFFFAOYSA-N,60.05200000000001,60.021129368000004,0.09089999999999993,37.3,1,1,0,0,0,0,0,0.5,4,2,24,0,0.2996845531582142,-0.481433475172105
204,CC(=O)OCC(C)C,389.75,True,GJRQTCIYDGXPES-UHFFFAOYSA-N,116.16,116.083729624,1.2055,26.3,0,2,2,0,0,0,0,0.8333333333333334,8,2,48,0,0.3021326858670147,-0.46560442645794653
205,CC(=O)OC1CCCCC1,446.25,True,YYLLIJHXUHJATK-UHFFFAOYSA-N,142.19799999999998,142.099379688,1.8821999999999999,26.3,0,2,1,1,0,1,0,0.875,10,2,58,0,0.30239934917782924,-0.4625664738968723
206,CC(=O)OC(C)=O,412.75,True,WFDIJRYMOXRFFG-UHFFFAOYSA-N,102.089,102.031694052,0.09600000000000009,43.370000000000005,0,3,0,0,0,0,0,0.5,7,3,40,0,0.3097681903271179,-0.3935616726354605
207,CC(C)=O,329.33,True,CSCPPACGZOOCGX-UHFFFAOYSA-N,58.080000000000005,58.041864812,0.5952999999999999,17.07,0,1,0,0,0,0,0,0.6666666666666666,4,1,24,0,0.12626794356014373,-0.30034390268719197
208,CC#N,354.85,True,WEVYAHXRMPXWCK-UHFFFAOYSA-N,41.053,41.026549096,0.52988,23.79,0,1,0,0,0,0,0,0.5,3,1,16,0,0.05871482377124906,-0.1986584259265234
209,CC(=O)c1ccccc1,475.35,True,KWOLFJPFCHCOCG-UHFFFAOYSA-N,120.15099999999995,120.057514876,1.8892,17.07,0,1,1,1,1,0,0,0.125,9,1,46,0,0.15929849657429365,-0.2945122071568907
210,CC(C)=NO,406.25,True,PXAJQJMDEXJWFB-UHFFFAOYSA-N,73.095,73.052763844,0.8564,32.59,1,2,0,0,0,0,0,0.6666666666666666,5,2,30,0,0.05086855170982018,-0.41092197945263764
211,CC(=O)Cl,324.25,True,WETWJCDKMRHUPV-UHFFFAOYSA-N,78.498,77.987242396,0.7717,17.07,0,1,0,0,0,0,0,0.5,4,2,24,0,0.21803726065585663,-0.281669370391811
212,CC(=O)CC(C)=O,411.25,True,YRKCREAYFQTBPV-UHFFFAOYSA-N,100.11699999999999,100.052429496,0.5545,34.14,0,2,2,0,0,0,0,0.6,7,2,40,0,0.1366720688163241,-0.2995372651428887
213,C#C,357.95,True,HSFWRNGVRCDJHI-UHFFFAOYSA-N,26.037999999999997,26.015650064,0.24939999999999998,0.0,0,0,0,0,0,0,0,0.0,2,0,10,0,-0.12354428742869349,-0.12354428742869349
214,CCCCOC(=O)CC(CC(=O)OCCCC)(OC(C)=O)C(=O)OCCCC,604.25,True,QZCLKYGREBVARF-UHFFFAOYSA-N,402.4840000000002,402.22536804799995,3.0984000000000016,105.2,0,8,15,0,0,0,0,0.8,28,8,162,0,0.3513690071770849,-0.4655521342175024
215,NC(=O)C=C,465.85,True,HRPVXLWXLXDGHG-UHFFFAOYSA-N,71.07900000000001,71.03711378,-0.34230000000000005,43.09,1,1,1,0,0,0,0,0.0,5,2,28,0,0.2402973983266299,-0.36613333016051547
216,OC(=O)C=C,415.25,True,NIXOWILDQLNWCW-UHFFFAOYSA-N,72.06300000000002,72.021129368,0.25700000000000006,37.3,1,1,1,0,0,0,0,0.0,5,2,28,0,0.32719811224525835,-0.4780891485530972
217,CC(=O)OCC=C,376.75,True,FWZUNOYOVVKUNF-UHFFFAOYSA-N,100.117,100.052429496,0.7355,26.3,0,2,2,0,0,0,0,0.4,7,2,40,0,0.3024395456821245,-0.4616563268663379
218,C=CCCl,318.25,True,OSDWBNJEKMUWAV-UHFFFAOYSA-N,76.526,76.00797784,1.4112,0.0,0,0,1,0,0,0,0,0.3333333333333333,4,1,24,0,0.040106491218081464,-0.12221964766558473
219,SCC=C,340.25,True,ULIKDJVNUXNQHS-UHFFFAOYSA-N,74.14800000000001,74.019021192,1.1022,0.0,1,1,1,0,0,0,0,0.3333333333333333,4,1,24,0,0.007985597253156503,-0.1752058522190834
220,CC(=C)C(=O)OCC=C,423.25,True,FBCQUCJYYPMKRO-UHFFFAOYSA-N,126.15499999999999,126.06807956,1.2917,26.3,0,2,3,0,0,0,0,0.2857142857142857,9,2,50,0,0.33291963293662447,-0.4581329933776209
221,N,306.6,True,QGZKDVFQNNGYKY-UHFFFAOYSA-N,17.031,17.026549096,0.16199999999999998,35.0,1,1,0,0,0,0,0,0.0,1,1,8,0,-0.34392573610777344,-0.34392573610777344
222,Nc1ccccc1,457.35,True,PAYRUJLWNCNPSJ-UHFFFAOYSA-N,93.12899999999999,93.057849224,1.2688000000000001,26.02,1,1,0,1,1,0,0,0.0,7,1,36,0,0.03134759259121864,-0.39872882948659094
223,COc1ccccc1,428.75,True,RDOXTESZEPMUJZ-UHFFFAOYSA-N,108.13999999999997,108.057514876,1.6952,9.23,0,1,1,1,1,0,0,0.14285714285714285,8,1,42,0,0.11835771513702235,-0.4967685686134767
224,c1ccc2cc3ccccc3cc2c1,614.55,True,MWPLVEDNUUSJAV-UHFFFAOYSA-N,178.23399999999995,178.07825032,3.993000000000002,0.0,0,0,0,3,3,0,0,0.0,14,0,66,0,-0.01776516776969768,-0.061629349784588755
225,O=Cc1ccccc1,451.95,True,HUMNYLRZRPPJDN-UHFFFAOYSA-N,106.12399999999997,106.041864812,1.4990999999999999,17.07,0,1,1,1,1,0,0,0.0,8,1,40,0,0.14954802883036308,-0.2978964116504968
226,c1ccccc1,353.33,True,UHOVQNZJYSORNB-UHFFFAOYSA-N,78.11399999999999,78.046950192,1.6866,0.0,0,0,0,1,1,0,0,0.0,6,0,30,0,-0.062268570782092456,-0.062268570782092456
227,N#Cc1ccccc1,463.95,True,JFDZBHWFFUWGJE-UHFFFAOYSA-N,103.12399999999997,103.04219916,1.5582799999999999,23.79,0,1,0,1,1,0,0,0.0,8,1,38,0,0.09910883682440627,-0.1924370514343749
228,O=C(c1ccccc1)c2ccccc2,579.15,True,RWCCWEUUXYIKHB-UHFFFAOYSA-N,182.222,182.07316494,2.917600000000001,17.07,0,1,2,2,2,0,0,0.0,14,1,68,0,0.1925196653354077,-0.2886159649049109
229,O=C(Cl)c1ccccc1,474.25,True,PASDCCFISLVPSO-UHFFFAOYSA-N,140.569,140.00289246,2.0656,17.07,0,1,1,1,1,0,0,0.0,9,2,46,0,0.25188518908408497,-0.27561502221289413
230,CC(=O)OCc1ccccc1,486.25,True,QUKGYYKBILRGFE-UHFFFAOYSA-N,150.177,150.06807956,1.7496999999999998,26.3,0,2,2,1,1,0,0,0.2222222222222222,11,2,58,0,0.30246072005009045,-0.46100343395037224
231,OCc1ccccc1,478.55,True,WVDDGKGOMKODPV-UHFFFAOYSA-N,108.13999999999997,108.057514876,1.1789,20.23,1,1,1,1,1,0,0,0.14285714285714285,8,1,42,0,0.06813693972174781,-0.3916804684282009
232,O=C(OCc1ccccc1)c2ccccc2,594.55,True,SESFRYSPDFLNCH-UHFFFAOYSA-N,212.248,212.083729624,3.0436000000000014,26.3,0,2,3,2,2,0,0,0.07142857142857142,16,2,80,0,0.3379551839851818,-0.45722281014698424
233,ClCc1ccccc1,447.25,True,KCXMKQUNVWSEMD-UHFFFAOYSA-N,126.58599999999996,126.023627904,2.4254000000000007,0.0,0,0,1,1,1,0,0,0.14285714285714285,8,1,42,0,0.047356316262688825,-0.12155111872017932
234,CCOCc1ccccc1,361.25,True,AXPZDYVDTMMLNB-UHFFFAOYSA-N,136.194,136.088815004,2.2231000000000005,9.23,0,1,3,1,1,0,0,0.3333333333333333,10,1,54,0,0.07162232757703527,-0.377061057335097
235,Oc1ccccc1C(=O)OCc2ccccc2,593.25,True,ZCTQGTTXIYCGGC-UHFFFAOYSA-N,228.24699999999999,228.078644244,2.749200000000001,46.53,1,3,3,2,2,0,0,0.07142857142857142,17,3,86,0,0.34174583112785833,-0.5070527973358621
236,NCc1ccccc1,458.25,True,WGQKYBSKWIADBV-UHFFFAOYSA-N,107.15599999999996,107.073499288,1.1453,26.02,1,1,1,1,1,0,0,0.14285714285714285,8,1,42,0,0.01776076294675399,-0.3264975066178272
237,O=C1CCO1,334.25,True,VEZXCJBBBCKRPI-UHFFFAOYSA-N,72.063,72.021129368,-0.06669999999999998,26.3,0,2,0,1,0,1,1,0.6666666666666666,5,2,28,0,0.30876178270908533,-0.4649625568301388
238,c1ccc(-c2ccccc2)cc1,529.35,True,ZUOUZKKEUPVFJK-UHFFFAOYSA-N,154.21199999999996,154.07825032,3.353600000000001,0.0,0,0,1,2,2,0,0,0.0,12,0,58,0,-0.018404256076149473,-0.062225394893666276
239,ClCCOCCCl,451.75,True,ZNSMNVMLTJELDZ-UHFFFAOYSA-N,143.013,141.995220236,1.4806,9.23,0,1,4,0,0,0,0,1.0,7,3,44,0,0.06018525802315276,-0.3789795786376722
240,CCCCC(CC)COC(=O)c1ccccc1C(=O)OCC(CC)CCCC,657.25,True,BJQHLKABXJIVAM-UHFFFAOYSA-N,390.5640000000003,390.277009696,6.433000000000007,52.60000000000001,0,4,14,1,1,0,0,0.6666666666666666,28,4,158,0,0.3385161286350641,-0.4617829068048831
241,Brc1ccccc1,429.45,True,QARVLSVVCXYDNA-UHFFFAOYSA-N,157.01,155.95746226,2.4491000000000005,0.0,0,0,0,1,1,0,0,0.0,7,1,36,0,0.017475282511436593,-0.0621899905650267
242,ClCBr,341.25,True,JPOXNPPZZKNXOV-UHFFFAOYSA-N,129.384,127.902839844,1.5776,0.0,0,0,0,0,0,0,0,1.0,3,2,20,0,0.0777631430150728,-0.1141985641082697
243,CCBr,311.45,True,RDHPKYGYEGBMSE-UHFFFAOYSA-N,108.966,107.95746226,1.4012,0.0,0,0,0,0,0,0,0,1.0,3,1,20,0,0.0002805112836771427,-0.09310768028380192
244,ClC(Cl)(Cl)Br,378.25,True,XNNQFQFUQLJSQT-UHFFFAOYSA-N,198.274,195.82489514,2.709,0.0,0,0,0,0,0,0,0,1.0,5,4,32,0,0.2453634680074808,-0.07130210763408236
245,CCCC=O,348.05,True,ZTQSAGDEMFDKMZ-UHFFFAOYSA-N,72.107,72.057514876,0.9854,17.07,0,1,2,0,0,0,0,0.75,5,1,30,0,0.11947978113414225,-0.30340309725779463
246,CCCC,273.75,True,IJDNQMDRQITEOD-UHFFFAOYSA-N,58.123999999999995,58.078250319999995,1.8064,0.0,0,0,1,0,0,0,0,1.0,4,0,26,0,-0.05643437041758633,-0.06539244288085166
247,CCCCS,374.95,True,WQAQPCDUOCURKW-UHFFFAOYSA-N,90.19099999999999,90.05032132,1.7163,0.0,1,1,2,0,0,0,0,1.0,5,1,32,0,-0.009801490450561945,-0.17936407937677334
248,CCC(C)=O,352.84,True,ZWEHNKRNPOVVGH-UHFFFAOYSA-N,72.10699999999999,72.057514876,0.9854,17.07,0,1,1,0,0,0,0,0.75,5,1,30,0,0.12906503252603763,-0.3000423849594125
249,CCCCOC(=O)c1ccccc1,523.25,True,XSIFPSYPOVKYCO-UHFFFAOYSA-N,178.231,178.099379688,2.6435000000000013,26.3,0,2,4,1,1,0,0,0.36363636363636365,13,2,70,0,0.33761721871256933,-0.46209730073266087
250,CCCCOC(=O)CCC,439.25,True,XUPYJHCZDLZNFP-UHFFFAOYSA-N,144.21399999999997,144.115029752,2.1298000000000004,26.3,0,2,5,0,0,0,0,0.875,10,2,60,0,0.30526689412139096,-0.465675318404953
251,CCCCOC=O,379.35,True,NMJJFJNHVMGPGM-UHFFFAOYSA-N,102.13299999999998,102.06807956,0.9595,26.3,0,2,4,0,0,0,0,0.8,7,2,42,0,0.2925755176100331,-0.46790117334695996
252,CCCCCCCCCCCCCCCCCC(=O)OCCCC,616.25,True,ULBTUVJTXULMLP-UHFFFAOYSA-N,340.5920000000001,340.334130648,7.591200000000009,26.3,0,2,19,0,0,0,0,0.9545454545454546,24,2,144,0,0.3052775141617927,-0.465675191765929
253,CCCCOC(=O)CC,418.25,True,BTMVHUNTONAYDX-UHFFFAOYSA-N,130.18699999999998,130.099379688,1.7397,26.3,0,2,4,0,0,0,0,0.8571428571428571,9,2,54,0,0.3049964083190467,-0.46568271458915556
254,CCCCC1CCCCC1,454.15,True,GGBJHURWWWLEQH-UHFFFAOYSA-N,140.26999999999998,140.15650064,3.7569000000000026,0.0,0,0,3,1,0,1,0,1.0,10,0,60,0,-0.04142875124098035,-0.06538220962149477
255,CCCC(=O)O,436.75,True,FERIUCNNQQJTOY-UHFFFAOYSA-N,88.10599999999998,88.052429496,0.8711,37.3,1,1,2,0,0,0,0,0.75,6,2,36,0,0.30282893657949883,-0.48123051640943176
256,CCCC(=O)OC(=O)CCC,473.25,True,YHASWHZGWUONAO-UHFFFAOYSA-N,158.19699999999995,158.094294308,1.6563999999999999,43.370000000000005,0,3,4,0,0,0,0,0.75,11,3,64,0,0.31291814073042146,-0.3931474813867636
257,CCCC#N,390.75,True,KVNRLNFWIYMESJ-UHFFFAOYSA-N,69.107,69.057849224,1.31008,23.79,0,1,1,0,0,0,0,0.75,5,1,28,0,0.0621137429049083,-0.1983475739310898
258,CC1(C)C2CCC(C2)C1=C,434.25,True,CRPUJAZIXJMDBK-UHFFFAOYSA-N,136.238,136.125200512,2.9987000000000013,0.0,0,0,0,2,0,2,0,0.8,10,0,56,0,-0.011613816461015865,-0.09902931614640997
259,O=C=O,351.714,True,CURLTUGMZLYLDI-UHFFFAOYSA-N,44.009,43.98982924,-0.5835,34.14,0,2,0,0,0,0,0,0.0,3,2,16,0,0.3729288194127355,-0.18646440970636774
260,S=C=S,319.45,True,QGJOPFRUJISHPQ-UHFFFAOYSA-N,76.14500000000001,75.944142,1.0181,0.0,0,2,0,0,0,0,0,0.0,3,2,16,0,0.029653019229405265,-0.014826509614702632
261,CC1=CC[C@H](C(C)=C)CC1=O,504.25,True,ULDHMXUKGWMISQ-VIFPVBQESA-N,150.221,150.104465068,2.4879000000000007,17.07,0,1,1,1,0,1,0,0.5,11,1,60,0,0.15836923542949272,-0.2945568590881993
262,ClC(Cl)(Cl)C=O,371.05,True,HFFLGKNGCAIQMO-UHFFFAOYSA-N,147.388,145.909297692,1.5554999999999999,17.07,0,1,0,0,0,0,0,0.5,6,4,36,0,0.24514962226398995,-0.29857483655026695
263,OC(=O)CCl,462.35,True,FOCAUTSVDIKZOP-UHFFFAOYSA-N,94.49700000000001,93.982157016,0.3098,37.3,1,1,1,0,0,0,0,0.5,5,3,30,0,0.31793644218012207,-0.4803542522396578
264,CC(=O)CCl,392.25,True,BULLHNJGPPOUOX-UHFFFAOYSA-N,92.525,92.00289246,0.8142,17.07,0,1,1,0,0,0,0,0.6666666666666666,5,2,30,0,0.14402840434545278,-0.2986834985296125
265,ClCC#N,399.75,True,RENMDAKOXSCIGH-UHFFFAOYSA-N,75.498,74.987576744,0.74878,23.79,0,1,0,0,0,0,0,0.5,4,2,22,0,0.10946980530287262,-0.19700783941595343
266,Clc1ccccc1,404.85,True,MVPPADPHJFYWMZ-UHFFFAOYSA-N,112.55899999999997,112.00797784,2.34,0.0,0,0,0,1,1,0,0,0.0,7,1,36,0,0.04054844089419866,-0.08434447652490142
267,ClC1CCCCC1,415.25,True,UNFUYWDGSFDHCW-UHFFFAOYSA-N,118.60700000000001,118.05492803199999,2.557900000000001,0.0,0,0,0,1,0,1,0,1.0,7,1,42,0,0.033563602769998375,-0.12300888303532763
268,CCl,296.95,True,NEHMKBQYUWJMIP-UHFFFAOYSA-N,50.488,49.992327775999996,0.855,0.0,0,0,0,0,0,0,0,1.0,2,1,14,0,0.010839185573870135,-0.13043063419853143
269,C1CC[C@H]2CCCC[C@H]2C1,428.75,True,NNBZCPXTIHJBJL-AOOOYVTPSA-N,138.254,138.140850576,3.3668000000000022,0.0,0,0,0,2,0,2,0,1.0,10,0,58,0,-0.03858457793998495,-0.05302166586531271
270,CC(C)c1ccccc1,425.65,True,RWGFKTVRMDUZSP-UHFFFAOYSA-N,120.19499999999995,120.093900384,2.8100000000000014,0.0,0,0,1,1,1,0,0,0.3333333333333333,9,0,48,0,-0.021882385616707155,-0.06224839474669082
271,C1CCCCCC1,391.73,True,DMEGYFMYUHOHGS-UHFFFAOYSA-N,98.18900000000001,98.109550448,2.7307000000000015,0.0,0,0,0,1,0,1,0,1.0,7,0,42,0,-0.0533059727891157,-0.0533059727891157
272,C1CCCCC1,353.95,True,XDTMQSROBMDMFD-UHFFFAOYSA-N,84.162,84.093900384,2.3406000000000002,0.0,0,0,0,1,0,1,0,1.0,6,0,36,0,-0.0533059727891157,-0.0533059727891157
273,O=C(O)C1CCCCC1,506.25,True,NZNMSOFKMUBTKW-UHFFFAOYSA-N,128.17100000000002,128.083729624,1.6513,37.3,1,1,1,1,0,1,0,0.8571428571428571,9,2,52,0,0.30598714269546706,-0.4810264618631636
274,OC1CCCCC1,435.09,True,HPXRVTGHNJAIIH-UHFFFAOYSA-N,100.161,100.088815004,1.3114,20.23,1,1,0,1,0,1,0,1.0,7,1,42,0,0.053984774844812504,-0.39313138246784024
275,O=C1CCCCC1,428.85,True,JHIVVAPYMSGYDF-UHFFFAOYSA-N,98.14500000000001,98.07316494,1.5196,17.07,0,1,0,1,0,1,0,0.8333333333333334,7,1,40,0,0.13241132759858107,-0.2997179089731855
276,C1=CCCCC1,356.25,True,HGCIXCUEYOPUTN-UHFFFAOYSA-N,82.146,82.07825032,2.1166,0.0,0,0,0,1,0,1,0,0.6666666666666666,6,0,34,0,-0.03506250967660176,-0.08853909262111662
277,NC1CCCCC1,407.75,True,PAFZNILMFXTMIY-UHFFFAOYSA-N,99.177,99.10479941599999,1.2778,26.02,1,1,0,1,0,1,0,1.0,7,1,42,0,0.003877844068942019,-0.32771175382425516
278,C1CCCC1,322.45,True,RGSFGYAAUTVSQA-UHFFFAOYSA-N,70.135,70.07825032,1.9505000000000001,0.0,0,0,0,1,0,1,0,1.0,5,0,30,0,-0.0533059727891157,-0.0533059727891157
279,OC1CCCC1,413.65,True,XCIXKGXIYUWCLL-UHFFFAOYSA-N,86.134,86.07316494,0.9213,20.23,1,1,0,1,0,1,0,1.0,6,1,36,0,0.053984801105416404,-0.3931313823625101
280,O=C1CCCC1,403.85,True,BGTOWKSIORTVQH-UHFFFAOYSA-N,84.11800000000001,84.057514876,1.1295,17.07,0,1,0,1,0,1,0,0.8,6,1,34,0,0.13241174098098987,-0.2997179056395969
281,C1CC1,306.05,True,LVZWSLJZHVFIQJ-UHFFFAOYSA-N,42.080999999999996,42.046950192,1.1703,0.0,0,0,0,1,0,1,0,1.0,3,0,18,0,-0.0533059727891157,-0.0533059727891157
282,C[Si]1(C)O[Si](C)(C)O[Si](C)(C)O[Si](C)(C)O[Si](C)(C)O1,483.25,True,XMSXQFUHVRWGNA-UHFFFAOYSA-N,370.7750000000001,370.09395670999993,3.5920000000000023,46.150000000000006,0,5,0,1,0,1,1,1.0,20,10,120,0,0.3136364111885627,-0.41587201632452914
283,CCCCCCCCCC(=O)OC,497.25,True,YRHYCMZPEVDGFQ-UHFFFAOYSA-N,186.295,186.161979944,3.3001000000000023,26.3,0,2,8,0,0,0,0,0.9090909090909091,13,2,78,0,0.3050018388563536,-0.4689954278205915
284,CC(=O)CC(C)(C)O,441.15,True,SWXVUIWOUIDPGS-UHFFFAOYSA-N,116.15999999999998,116.083729624,0.7363999999999999,37.3,1,2,2,0,0,0,0,0.8333333333333334,8,2,48,0,0.13218099052709145,-0.3900121029867823
285,C=CCNCC=C,384.25,True,DYUWTXWIYMHBQS-UHFFFAOYSA-N,97.16099999999999,97.08914935199999,0.948,12.03,1,1,4,0,0,0,0,0.3333333333333333,7,1,40,0,0.01347446911184258,-0.3098481159274171
286,c1ccc2c(c1)oc1ccccc12,560.25,True,TXCDCPKCNAJMEE-UHFFFAOYSA-N,168.195,168.057514876,3.586000000000001,13.14,0,1,0,3,3,0,1,0.0,13,1,62,0,0.13492001115410548,-0.4560668379804644
287,c1ccc(COCc2ccccc2)cc1,571.25,True,MHDVGSVTJDSBDK-UHFFFAOYSA-N,198.26500000000001,198.104465068,3.403400000000002,9.23,0,1,4,2,2,0,0,0.14285714285714285,15,1,76,0,0.07209664108064073,-0.3720967403051906
288,BrCBr,370.25,True,FJBFPHVGVWTDIP-UHFFFAOYSA-N,173.83499999999998,171.852324264,1.7337,0.0,0,0,0,0,0,0,0,1.0,3,2,20,0,0.05878888811867264,-0.08024865081729037
289,CCCCOC(=O)CCCCCCCCC(=O)OCCCC,617.75,True,PYGXAGIECVVIOZ-UHFFFAOYSA-N,314.46600000000007,314.245709568,4.7938000000000045,52.60000000000001,0,4,15,0,0,0,0,0.8888888888888888,22,4,130,0,0.3052775141617927,-0.465675191765929
290,CCCCOCCCC,414.05,True,DURPTKYDGMDSBL-UHFFFAOYSA-N,130.231,130.135765196,2.603200000000001,9.23,0,1,6,0,0,0,0,1.0,9,1,56,0,0.046543272315233225,-0.3814528145933262
291,CCCCOC(=O)c1ccccc1C(=O)OCCCC,613.25,True,DOIRQSBPFJWKBE-UHFFFAOYSA-N,278.348,278.151809184,3.600400000000003,52.60000000000001,0,4,8,1,1,0,0,0.5,20,4,110,0,0.33850596455259063,-0.4620783967394106
292,CCCCNCCCC,433.25,True,JQVDAXLFBXTEQA-UHFFFAOYSA-N,129.24699999999999,129.151749608,2.1761999999999997,12.03,1,1,6,0,0,0,0,1.0,9,1,56,0,-0.004902053327343576,-0.3167329494204101
293,OC(=O)C(Cl)Cl,466.25,True,JXTHNDFMNIQAHM-UHFFFAOYSA-N,128.942,127.943184664,0.8747,37.3,1,1,1,0,0,0,0,0.5,6,4,36,0,0.33651727022280464,-0.47923801916660524
294,ClCCl,313.0,True,YMWUJEATGCHHMB-UHFFFAOYSA-N,84.93299999999999,83.953355424,1.4215,0.0,0,0,0,0,0,0,0,1.0,3,2,20,0,0.09670639037649198,-0.10913232990050524
295,C1=CC2C3C=CC(C3)C2C1,445.25,True,HECLRDQVFMWTQS-UHFFFAOYSA-N,132.20599999999996,132.093900384,2.3846000000000007,0.0,0,0,0,3,0,3,0,0.6,10,0,52,0,-0.013336894154707755,-0.08790806282206703
296,OCCNCCO,542.05,True,ZBCBWPMODOFKDW-UHFFFAOYSA-N,105.137,105.078978592,-1.4393999999999998,52.489999999999995,3,3,4,0,0,0,0,1.0,7,3,44,0,0.05554536814885113,-0.3950544422943303
297,CCOCC,307.85,True,RTZKZFJDLAIYFH-UHFFFAOYSA-N,74.123,74.07316494,1.0428000000000002,9.23,0,1,2,0,0,0,0,1.0,5,1,32,0,0.043708412524692805,-0.3820258357826421
298,CCOC(=O)CC(=O)OCC,473.25,True,IYXGSMUGOJNHAZ-UHFFFAOYSA-N,160.16899999999998,160.073558864,0.5027,52.60000000000001,0,4,4,0,0,0,0,0.7142857142857143,11,4,64,0,0.3166348316492712,-0.46554520948592226
299,CCOC(=O)c1ccccc1C(=O)OCC,568.25,True,FLKPEMZONWLCSK-UHFFFAOYSA-N,222.23999999999995,222.089208928,2.04,52.60000000000001,0,4,4,1,1,0,0,0.3333333333333333,16,4,86,0,0.33849587273304266,-0.46237242193829203
300,CCOC(=O)CCC(=O)OCC,491.25,True,DKMROQRQHGEIOW-UHFFFAOYSA-N,174.19599999999997,174.089208928,0.8927999999999999,52.60000000000001,0,4,5,0,0,0,0,0.75,12,4,70,0,0.30586043921555606,-0.4659577512007539
301,CCSCC,365.35,True,LJSQFQKUNVCTIA-UHFFFAOYSA-N,90.191,90.05032132,1.7593999999999999,0.0,0,1,2,0,0,0,0,1.0,5,1,32,0,-0.00961226448078238,-0.16258392367315136
302,CCO[S](=O)(=O)OCC,482.75,True,DENRZWYUOJLTMF-UHFFFAOYSA-N,154.18699999999998,154.0299798,0.30420000000000014,52.60000000000001,0,4,4,0,0,0,0,1.0,9,5,56,0,0.3993316830661476,-0.24848420809367655
303,CCNCC,328.75,True,HPNMFZURTQLUMO-UHFFFAOYSA-N,73.139,73.08914935199999,0.6157999999999999,12.03,1,1,2,0,0,0,0,1.0,5,1,32,0,-0.007751361127527677,-0.317281591027501
304,CCOC(=O)OCC,399.25,True,OIFBSDVPJOWBCH-UHFFFAOYSA-N,118.13199999999999,118.06299418,1.1794,35.53,0,3,2,0,0,0,0,0.8,8,3,48,0,0.5077358221025684,-0.43458785003783723
305,CCSSCC,425.25,True,CETBSQOFQKLHHZ-UHFFFAOYSA-N,122.258,122.02239232,2.4076000000000004,0.0,0,2,3,0,0,0,0,1.0,6,2,38,0,0.0008442873107774612,-0.09445891215372038
306,CCCCOCCOCCOC(C)=O,518.25,True,VXQBJTKSVGFQOL-UHFFFAOYSA-N,204.26599999999996,204.13615912,1.3828,44.760000000000005,0,4,9,0,0,0,0,0.9,14,4,84,0,0.30220730091591025,-0.46342252779117227
307,CCCCOCCOCCO,503.65,True,OAYXUHPQHDHDDZ-UHFFFAOYSA-N,162.22899999999998,162.125594436,0.812,38.69,1,3,8,0,0,0,0,1.0,11,3,68,0,0.07011205673592238,-0.3939803248745099
308,CCOCCOCCO,469.25,True,XXJWXESWEXIICW-UHFFFAOYSA-N,134.175,134.094294308,0.031799999999999884,38.69,1,3,6,0,0,0,0,1.0,9,3,56,0,0.07011180366411143,-0.3939803248745099
309,CCOCCOCCOC(C)=O,491.75,True,FPZWZCWUIYYYBU-UHFFFAOYSA-N,176.212,176.104858992,0.6025999999999998,44.760000000000005,0,4,7,0,0,0,0,0.875,12,4,72,0,0.30220730091591025,-0.46342252779117227
310,COCCOCCO,466.25,True,SBASXUCJHJRPEV-UHFFFAOYSA-N,120.148,120.078644244,-0.3583,38.69,1,3,5,0,0,0,0,1.0,8,3,50,0,0.07009702039881631,-0.39398032487453216
311,OCCOCCO,519.05,True,MTHSVFCYNBDYFN-UHFFFAOYSA-N,106.121,106.06299418,-1.0124,49.69,2,3,4,0,0,0,0,1.0,7,3,44,0,0.06983770901314526,-0.3939803248815449
312,COCCOCCOC,435.25,True,SBZXBUIDTXKZTM-UHFFFAOYSA-N,134.175,134.094294308,0.29580000000000006,27.69,0,3,6,0,0,0,0,1.0,9,3,56,0,0.07009723476105108,-0.3822977261723157
313,CCCCCCOC(=O)c1ccccc1C(=O)OCCCCCC,483.25,True,KCXZNSGUUQJJTR-UHFFFAOYSA-N,334.45600000000024,334.21440944,5.160800000000005,52.60000000000001,0,4,12,1,1,0,0,0.6,24,4,134,0,0.33850596590362286,-0.4620782094850137
314,CC(C)COC(=O)CCCCC(=O)OCC(C)C,553.25,True,RDOFJDLLWVCMRU-UHFFFAOYSA-N,258.3579999999999,258.183109312,2.9452000000000016,52.60000000000001,0,4,9,0,0,0,0,0.8571428571428571,18,4,106,0,0.30528756457733885,-0.46540174312761673
315,CC(C)CCCCCCOC(=O)c1ccccc1C(=O)OCCCCCCC(C)C,525.25,True,HBGGXOJOCNVPFY-UHFFFAOYSA-N,418.6180000000004,418.308309824,7.2132000000000085,52.60000000000001,0,4,16,1,1,0,0,0.6923076923076923,30,4,170,0,0.3385059659036322,-0.4620782094793304
316,CC(C)OC(C)C,341.75,True,ZAFNJMIOTHYJRJ-UHFFFAOYSA-N,102.17699999999999,102.104465068,1.8197999999999999,9.23,0,1,2,0,0,0,0,1.0,7,1,44,0,0.052185621038162336,-0.37614367594581366
317,CC(C)SC(C)C,395.25,True,XYWDPYKBIRQXQS-UHFFFAOYSA-N,118.24499999999999,118.08162144799999,2.5364000000000004,0.0,0,1,2,0,0,0,0,1.0,7,1,44,0,-0.0007106039262862146,-0.1563223298084697
318,CC(C)NC(C)C,357.25,True,UAOMVDZJSHZZME-UHFFFAOYSA-N,101.19299999999998,101.12044947999999,1.3927999999999998,12.03,1,1,2,0,0,0,0,1.0,7,1,44,0,0.0012688652752598322,-0.3123344255205416
319,COCCOC,356.25,True,XTHFKEDIFFGKHM-UHFFFAOYSA-N,90.122,90.06807956,0.2792,18.46,0,2,3,0,0,0,0,1.0,6,2,38,0,0.06960196782699893,-0.3822980177166475
320,COCOC,314.85,True,NKDDWNXOKDWJAK-UHFFFAOYSA-N,76.095,76.052429496,0.23670000000000002,18.46,0,2,2,0,0,0,0,1.0,5,2,32,0,0.14544832362631532,-0.3586824811062546
321,CNC,280.55,True,ROSDSFDQCJNGOL-UHFFFAOYSA-N,45.085,45.057849223999995,-0.1644000000000001,12.03,1,1,0,0,0,0,0,1.0,3,1,20,0,-0.016745432546547857,-0.3227722106803942
322,COC(=O)OC,363.75,True,IEJIGPNLZYLLBP-UHFFFAOYSA-N,90.078,90.031694052,0.3992,35.53,0,3,0,0,0,0,0,0.6666666666666666,6,3,36,0,0.5071977938803105,-0.4376213233778794
323,CSSC,382.97,True,WQOXQRCZOLPYPM-UHFFFAOYSA-N,94.20400000000001,93.991092192,1.6274,0.0,0,2,1,0,0,0,0,1.0,4,2,26,0,-0.007925326249272396,-0.0978818338880869
324,COC,298.07,True,LCGLNKUTAGEVQW-UHFFFAOYSA-N,46.069,46.041864812,0.26260000000000006,9.23,0,1,0,0,0,0,0,1.0,3,1,20,0,0.035078372220806404,-0.3879283458815952
325,COC(=O)CCCCC(=O)OC,388.25,True,UDSFAEKRVUSQDD-UHFFFAOYSA-N,174.196,174.089208928,0.8927999999999998,52.60000000000001,0,4,5,0,0,0,0,0.75,12,4,70,0,0.30500207032597487,-0.46899542664993227
326,CO[P](C)(=O)OC,454.25,True,VONWDASPFIQPDY-UHFFFAOYSA-N,124.07599999999998,124.028930778,1.1020999999999999,35.53,0,3,2,0,0,0,0,1.0,7,4,44,0,0.3265965514300988,-0.31213192615031715
327,COC(=O)c1ccccc1C(=O)OC,556.95,True,NIQCNGHVCWTJSM-UHFFFAOYSA-N,194.18599999999995,194.0579088,1.2597999999999998,52.60000000000001,0,4,2,1,1,0,0,0.2,14,4,74,0,0.3382301748364015,-0.46539862017282685
328,COC(=O)CCC(=O)OC,468.55,True,MUXOBHXGJLMRAB-UHFFFAOYSA-N,146.142,146.0579088,0.11259999999999981,52.60000000000001,0,4,3,0,0,0,0,0.6666666666666666,10,4,58,0,0.30559485280552606,-0.4689839717471165
329,COS(=O)(=O)OC,461.25,True,VAYGXNSJCAHWJZ-UHFFFAOYSA-N,126.13299999999998,125.99867967200001,-0.476,52.60000000000001,0,4,2,0,0,0,0,1.0,7,5,44,0,0.3988164840267319,-0.25155018911828
330,CSC,310.25,True,QMMFVYPAHWMCMS-UHFFFAOYSA-N,62.137,62.019021192,0.9792,0.0,0,1,0,0,0,0,0,1.0,3,1,20,0,-0.01867821188826557,-0.1688616875245137
331,CC(=O)N(C)C,438.25,True,FXHOOIRPVKKKFG-UHFFFAOYSA-N,87.122,87.068413908,0.09450000000000003,20.310000000000002,0,1,0,0,0,0,0,0.75,6,2,36,0,0.2184251307903347,-0.3490642652721722
332,CN(C)C(Cl)=O,440.25,True,YIIMEMSDCNDGTB-UHFFFAOYSA-N,107.53999999999999,107.013791492,0.9068,20.310000000000002,0,1,0,0,0,0,0,0.6666666666666666,6,3,36,0,0.31535295252249146,-0.335351093223509
333,CN(C)C#N,436.75,True,OAGOUCJGXNLJNL-UHFFFAOYSA-N,70.095,70.053098192,0.029079999999999995,27.03,0,2,0,0,0,0,0,0.6666666666666666,5,2,28,0,0.17825031111084244,-0.3167545378479867
334,CN(C)CCO,407.35,True,UEEJHVSXFDXPFK-UHFFFAOYSA-N,89.13799999999999,89.084063972,-0.45970000000000016,23.47,1,2,2,0,0,0,0,1.0,6,2,38,0,0.05577352146773954,-0.39504500608688486
335,CN(C)C=O,426.05,True,ZMXDDKWLCZADIW-UHFFFAOYSA-N,73.095,73.052763844,-0.2956000000000001,20.310000000000002,0,1,1,0,0,0,0,0.6666666666666666,5,2,30,0,0.2086847180796838,-0.35138679501082243
336,CS(C)=O,462.25,True,IAZDPXIOMUYVGZ-UHFFFAOYSA-N,78.136,78.013935812,-0.005299999999999971,17.07,0,1,0,0,0,0,0,1.0,4,2,26,0,0.014804214088221839,-0.2601579626577377
337,CCCCSCCCC,462.25,True,HTIRHQRTDBPHNZ-UHFFFAOYSA-N,146.29899999999998,146.112921576,3.3198000000000016,0.0,0,1,6,0,0,0,0,1.0,9,1,56,0,-0.006763955067658525,-0.16200837575345503
338,C1COCCO1,374.45,True,RYHBNJHYFVUHQT-UHFFFAOYSA-N,88.106,88.052429496,0.03320000000000001,18.46,0,2,0,1,0,1,1,1.0,6,2,36,0,0.07011439546557022,-0.37666763607345255
339,c1ccc(Oc2ccccc2)cc1,531.25,True,USIUVYZYUHIAEV-UHFFFAOYSA-N,170.21099999999998,170.07316494,3.478900000000001,9.23,0,1,2,2,2,0,0,0.0,13,1,64,0,0.1269277489093993,-0.45738459774589524
340,N(c1ccccc1)c2ccccc2,575.25,True,DMBHHRLKUKUOEG-UHFFFAOYSA-N,169.227,169.089149352,3.430200000000002,12.03,1,1,2,2,2,0,0,0.0,13,1,64,0,0.038370136695393395,-0.3555271921456535
341,c1ccc(Cc2ccccc2)cc1,537.75,True,CZZYITDELCSZES-UHFFFAOYSA-N,168.239,168.093900384,3.277400000000002,0.0,0,0,2,2,2,0,0,0.07692307692307693,13,0,64,0,-0.002577562398651189,-0.06224836070985519
342,CCCOCCC,364.25,True,POLCUAVZOMRGSN-UHFFFAOYSA-N,102.17699999999999,102.104465068,1.823,9.23,0,1,4,0,0,0,0,1.0,7,1,44,0,0.046290069989292804,-0.38147401199827174
343,CCCNCCC,382.55,True,WEHWNAOGRSTTBQ-UHFFFAOYSA-N,101.193,101.12044947999999,1.396,12.03,1,1,4,0,0,0,0,1.0,7,1,44,0,-0.005155141548156406,-0.31675342986641986
344,CCCCCCCCCCCCCCCCCCCCCC,642.25,True,HOWGUJZVBDQJKV-UHFFFAOYSA-N,310.61,310.359951472,8.828200000000002,0.0,0,0,19,0,0,0,0,1.0,22,0,134,0,-0.0533059727891157,-0.06538238322279266
345,CCCCCCCCCCCC,489.55,True,SNRUBQQJIBEYMU-UHFFFAOYSA-N,170.33999999999997,170.203450832,4.9272000000000045,0.0,0,0,9,0,0,0,0,1.0,12,0,74,0,-0.05330597417108836,-0.06538238322279266
346,CCCCCCCCCCCC(=O)OC,540.25,True,UQDUPQYQJKYHQI-UHFFFAOYSA-N,214.34899999999996,214.193280072,4.080300000000003,26.3,0,2,10,0,0,0,0,0.9230769230769231,15,2,90,0,0.3050018388563536,-0.4689954278205915
347,CCCCCCCCCCCCO,532.25,True,LQZZUXJYWNFBMV-UHFFFAOYSA-N,186.33899999999997,186.198365452,3.8996000000000035,20.23,1,1,10,0,0,0,0,1.0,13,1,80,0,0.043052407228889096,-0.39637656934228244
348,CCCCCCCCCCCCCCCCCCCC,617.35,True,CBFCDTFDPHXCNY-UHFFFAOYSA-N,282.5559999999999,282.328651344,8.048000000000007,0.0,0,0,17,0,0,0,0,1.0,20,0,122,0,-0.0533059727891157,-0.06538238322279266
349,ClCC1CO1,391.15,True,BRLQWZUYTZBJKN-UHFFFAOYSA-N,92.525,92.00289246,0.624,12.53,0,1,1,1,0,1,1,1.0,5,2,30,0,0.09443704728685037,-0.3718344373926424
350,CC,361.85,True,OTMSDBZUPAUEDD-UHFFFAOYSA-N,30.07,30.046950192,1.0262,0.0,0,0,0,0,0,0,0,1.0,2,0,14,0,-0.06826238342059164,-0.06826238342059164
351,CCS,308.35,True,DNJIEGIFACGWOD-UHFFFAOYSA-N,62.137,62.019021192,0.9360999999999999,0.0,1,1,0,0,0,0,0,1.0,3,1,20,0,-0.012640478636079259,-0.179652169871682
352,CCO,351.49,True,LFQSCWFLJHTTHZ-UHFFFAOYSA-N,46.069,46.041864812,-0.0014000000000000123,20.23,1,1,0,0,0,0,0,1.0,3,1,20,0,0.04022058174908642,-0.3966637147812598
353,NCCO,443.55,True,HZAXFHJVJLSVMW-UHFFFAOYSA-N,61.083999999999996,61.052763844,-1.0626000000000002,46.25,2,2,1,0,0,0,0,1.0,4,2,26,0,0.0553245806721056,-0.3950627389113919
354,C=C,377.05,True,VGGSQFUCUMXWEO-UHFFFAOYSA-N,28.053999999999995,28.031300127999998,0.8022,0.0,0,0,0,0,0,0,0,0.0,2,0,12,0,-0.10631107461236379,-0.10631107461236379
355,CCOc1ccccc1,446.25,True,DLRJIFUOBPOJNS-UHFFFAOYSA-N,122.16699999999996,122.07316494,2.0853,9.23,0,1,2,1,1,0,0,0.25,9,1,48,0,0.11876930548015822,-0.49389011429960394
356,CCOCCO,408.95,True,ZNQVEEAIQZEUHB-UHFFFAOYSA-N,90.122,90.06807956,0.015200000000000047,29.46,1,2,3,0,0,0,0,1.0,6,2,38,0,0.06970519849679675,-0.39398034488025224
357,CCOC=C,308.75,True,FJKIXWOMBXYWOQ-UHFFFAOYSA-N,72.10700000000001,72.057514876,1.1664,9.23,0,1,2,0,0,0,0,0.5,5,1,30,0,0.08443560484543425,-0.5021067515215596
358,CCOC(=O)C(C)O,427.25,True,LZCLXQDLBQLTDK-UHFFFAOYSA-N,118.13199999999998,118.06299418,-0.06970000000000004,46.53,1,3,2,0,0,0,0,0.8,8,3,48,0,0.33414768930295624,-0.464078219287178
359,CCOC(=O)C(C)C,386.25,True,WDAXFOBOLVPGLV-UHFFFAOYSA-N,116.15999999999998,116.083729624,1.2055,26.3,0,2,2,0,0,0,0,0.8333333333333334,8,2,48,0,0.30785106891033664,-0.465780805159007
360,CCOC(C)=O,350.35,True,XEKOWRVHYACXOJ-UHFFFAOYSA-N,88.106,88.052429496,0.5694,26.3,0,2,1,0,0,0,0,0.75,6,2,36,0,0.3021127777269908,-0.4661718899744166
361,CCOC(=O)CC(C)=O,454.05,True,XYIBRDXRRQCHLP-UHFFFAOYSA-N,130.143,130.06299418,0.5286,43.370000000000005,0,3,3,0,0,0,0,0.6666666666666666,9,3,52,0,0.3127834997135031,-0.4656469596214534
362,CCOC(=O)C=C,372.65,True,JIGUQPWFLRLWPJ-UHFFFAOYSA-N,100.11699999999999,100.052429496,0.7355,26.3,0,2,2,0,0,0,0,0.4,7,2,40,0,0.3296277829557422,-0.46284039207159905
363,CCCCCC(=O)CC,440.75,True,RHLVCLIPMVJYKS-UHFFFAOYSA-N,128.21499999999997,128.120115132,2.5458000000000007,17.07,0,1,5,0,0,0,0,0.875,9,1,54,0,0.13213642248814716,-0.29972928053425624
364,CCOC(=O)c1ccccc1,348.75,True,MTZQAGJQAFMTAQ-UHFFFAOYSA-N,150.177,150.06807956,1.8633,26.3,0,2,2,1,1,0,0,0.2222222222222222,11,2,58,0,0.33760712680806904,-0.4623913259160252
365,CCCC(=O)OCC,394.25,True,OBNCKNCVKJNDBV-UHFFFAOYSA-N,116.15999999999998,116.083729624,1.3496000000000001,26.3,0,2,3,0,0,0,0,0.8333333333333334,8,2,48,0,0.30525680561770935,-0.46596933451826794
366,CCOC(N)=O,458.25,True,JOYRKODLDBILNP-UHFFFAOYSA-N,89.09400000000001,89.047678464,0.10160000000000025,52.32,1,2,1,0,0,0,0,0.6666666666666666,6,3,36,0,0.4039758342451568,-0.4500081277705684
367,CCCl,285.55,True,HRYZWHHZPQKTII-UHFFFAOYSA-N,64.515,64.00797784,1.2451,0.0,0,0,0,0,0,0,0,1.0,3,1,20,0,0.019456700381332993,-0.12701765618915772
368,CCOC(=O)CCl,419.25,True,VEUUMBGHMNQHGO-UHFFFAOYSA-N,122.551,122.013457144,0.7883,26.3,0,2,2,0,0,0,0,0.75,7,3,42,0,0.3203628052711666,-0.46509472173016025
369,CCOC(Cl)=O,368.25,True,RIFGWPKJUGCATF-UHFFFAOYSA-N,108.524,107.99780708,1.3817000000000002,26.3,0,2,1,0,0,0,0,0.6666666666666666,6,3,36,0,0.40324738689302503,-0.4539839500795262
370,CCOC(=O)CC#N,478.25,True,ZIUSEGSNTOUIPT-UHFFFAOYSA-N,113.116,113.047678464,0.46318,50.09,0,3,2,0,0,0,0,0.6,8,3,44,0,0.3196462850167559,-0.4652145857787642
371,CCCCCCCCCCCC(=O)OCC,544.25,True,MMXKVMNBHPAILY-UHFFFAOYSA-N,228.37599999999995,228.208930136,4.470400000000004,26.3,0,2,11,0,0,0,0,0.9285714285714286,16,2,96,0,0.3052674256589853,-0.4659692078794497
372,CCOC=O,327.75,True,WBJINCZRORDGAQ-UHFFFAOYSA-N,74.07900000000001,74.036779432,0.17930000000000001,26.3,0,2,2,0,0,0,0,0.6666666666666666,5,2,30,0,0.2925654199437486,-0.46819518164403584
373,CCCCCCCCCCCCCCCC(=O)OCC,466.25,True,XIRNKXNNONJFQO-UHFFFAOYSA-N,284.484,284.271530392,6.030800000000006,26.3,0,2,15,0,0,0,0,0.9444444444444444,20,2,120,0,0.3052674256589853,-0.4659692078794497
374,CCCCCC(=O)OCC,441.25,True,SHZIWNPUGXLXDT-UHFFFAOYSA-N,144.21399999999997,144.115029752,2.1298000000000004,26.3,0,2,5,0,0,0,0,0.875,10,2,60,0,0.3052674242159281,-0.46596920788327123
375,CCC(=O)C(C)C,386.75,True,HYTRYEXINDDXJK-UHFFFAOYSA-N,100.16099999999999,100.088815004,1.6215,17.07,0,1,2,0,0,0,0,0.8333333333333334,7,1,42,0,0.13464934930726752,-0.2994376886755307
376,CCO[N+](=O)[O-],360.45,True,IDNUEBSJWINEMI-UHFFFAOYSA-N,91.06599999999999,91.02694302,0.2146,52.370000000000005,0,3,2,0,0,0,0,1.0,6,4,36,0,0.2939845015911819,-0.3142020705962173
377,CCOC(=O)C(=O)OCC,458.95,True,WYACBZDAHNBPPB-UHFFFAOYSA-N,146.14199999999997,146.0579088,0.11260000000000003,52.60000000000001,0,4,2,0,0,0,0,0.6666666666666666,10,4,58,0,0.4169612440040684,-0.4575721095461552
378,CCCCC(=O)OCC,418.25,True,ICMAFTSLXCXHRK-UHFFFAOYSA-N,130.18699999999998,130.099379688,1.7397,26.3,0,2,4,0,0,0,0,0.8571428571428571,9,2,54,0,0.3052672446877203,-0.4659692088842844
379,CCOC(=O)Cc1ccccc1,501.25,True,DULCUDSUACXJJC-UHFFFAOYSA-N,164.204,164.083729624,1.7922,26.3,0,2,3,1,1,0,0,0.3,12,2,64,0,0.309742211250131,-0.46572543544810774
380,CCOC(=O)CC,372.45,True,FKRCODPIKNYEAC-UHFFFAOYSA-N,102.133,102.06807956,0.9595,26.3,0,2,2,0,0,0,0,0.8,7,2,42,0,0.304986319783951,-0.4659767306979968
381,CCOC(=O)c1ccccc1O,508.25,True,GYCKQBWUSACYIF-UHFFFAOYSA-N,166.176,166.06299418,1.5688999999999997,46.53,1,3,2,1,1,0,0,0.2222222222222222,12,3,64,0,0.34139779838962675,-0.5070527991696192
382,CCOC(C)(C)C,345.85,True,NUMQCACRALPSHD-UHFFFAOYSA-N,102.17699999999999,102.104465068,1.8214000000000001,9.23,0,1,1,0,0,0,0,1.0,7,1,44,0,0.0597870072614378,-0.3761533363675448
383,CCSC#N,419.25,True,WFCLYEAZTHWNEH-UHFFFAOYSA-N,87.147,87.01427016,1.22058,23.79,0,2,1,0,0,0,0,0.6666666666666666,5,2,28,0,0.1328434297172921,-0.18515740098176617
384,CCN,289.85,True,QUSNBJAOOMFDIB-UHFFFAOYSA-N,45.084999999999994,45.057849223999995,-0.03499999999999981,26.02,1,1,0,0,0,0,0,1.0,3,1,20,0,-0.010576265829206462,-0.3307484184390755
385,CCc1ccccc1,409.45,True,YNQLUTRBYVCPMQ-UHFFFAOYSA-N,106.16799999999996,106.07825032,2.2490000000000006,0.0,0,0,1,1,1,0,0,0.25,8,0,42,0,-0.03074408282510195,-0.06224874165506165
386,OCCC#N,494.25,True,WSGYTJNNHPZFKR-UHFFFAOYSA-N,71.07900000000001,71.03711378,-0.10762000000000005,44.019999999999996,1,2,1,0,0,0,0,0.6666666666666666,5,2,28,0,0.06453663537150202,-0.3953069555770814
387,CCCCOCCOC(C)=O,465.25,True,NQBXSWAWVZHKBZ-UHFFFAOYSA-N,160.213,160.109944372,1.3662,35.53,0,3,6,0,0,0,0,0.875,11,3,66,0,0.30220730085287006,-0.46342254609673267
388,CCOCCOCC,394.65,True,LZDKZFUFMNSQCJ-UHFFFAOYSA-N,118.176,118.099379688,1.0594000000000001,18.46,0,2,5,0,0,0,0,1.0,8,2,50,0,0.06997929385611126,-0.379346718645991
389,CCCCCCOCCO,481.25,True,UPGSWASWQBLSKZ-UHFFFAOYSA-N,146.23,146.130679816,1.5756,29.46,1,2,7,0,0,0,0,1.0,10,2,62,0,0.06971936441554955,-0.3939803427494372
390,CC(C)OCCO,417.25,True,HCGFUIQPSOCUHI-UHFFFAOYSA-N,104.149,104.083729624,0.4037,29.46,1,2,3,0,0,0,0,1.0,7,2,44,0,0.07006890510678894,-0.3939800715269912
391,C1CO1,283.85,True,IAYPIBMASNFSPL-UHFFFAOYSA-N,44.053,44.026214748,0.016600000000000004,12.53,0,1,0,1,0,1,1,1.0,3,1,18,0,0.07011439546557022,-0.37666763607345255
392,CC(Cl)Cl,330.65,True,SCYULBFZEHDVBN-UHFFFAOYSA-N,98.96000000000001,97.969005488,1.81,0.0,0,0,0,0,0,0,0,1.0,4,2,26,0,0.10458917262570656,-0.10570628923282722
393,COc1cc(CC=C)ccc1O,526.25,True,RRAFCDWBNXTKKO-UHFFFAOYSA-N,164.204,164.083729624,2.1293,29.46,1,2,3,1,1,0,0,0.2,12,2,64,0,0.16026030577317685,-0.5042546024667084
394,C=O,292.75,True,WSFSSNUMVMOOMR-UHFFFAOYSA-N,30.026,30.010564684,-0.1849,17.07,0,1,0,0,0,0,0,0.0,2,1,12,0,0.10638225365854179,-0.3070970261864102
395,NC=O,483.75,True,ZHNUHDYFZUAESO-UHFFFAOYSA-N,45.041,45.021463716,-0.8985000000000001,43.09,1,1,0,0,0,0,0,0.0,3,2,18,0,0.20403079255745618,-0.37226356988470927
396,O=CO,374.25,True,BDAGIHXWWSANSR-UHFFFAOYSA-N,46.025,46.005479304,-0.29919999999999997,37.3,1,1,0,0,0,0,0,0.0,3,2,18,0,0.29012882761761255,-0.483466609975982
397,c1ccoc1,304.75,True,YLQBMQCUIZJEEH-UHFFFAOYSA-N,68.07499999999999,68.026214748,1.2795999999999998,13.14,0,1,0,1,1,0,1,0.0,5,1,26,0,0.09020235450853635,-0.4726377692765222
398,O=Cc1ccco1,434.95,True,HYBBIBNJHNGZAN-UHFFFAOYSA-N,96.08499999999998,96.021129368,1.0920999999999998,30.21,0,2,1,1,1,0,1,0.0,7,2,36,0,0.18480086649586971,-0.4615648134016627
399,O=C1CCCO1,477.25,True,YEJRWHAVMIAJKC-UHFFFAOYSA-N,86.09,86.036779432,0.3234,26.3,0,2,0,1,0,1,1,0.75,6,2,34,0,0.30540984130550025,-0.46565655717272214
400,OCC(O)CO,563.25,True,PEDCQBHIVMGVHV-UHFFFAOYSA-N,92.09400000000001,92.047344116,-1.6681000000000001,60.69,3,3,2,0,0,0,0,1.0,6,3,38,0,0.10004702601723478,-0.3935933161206694
401,CC(=O)OCC(COC(C)=O)OC(C)=O,532.25,True,URAYPUMNDPQOKB-UHFFFAOYSA-N,218.20499999999998,218.079038168,0.044299999999999784,78.9,0,6,5,0,0,0,0,0.6666666666666666,15,6,86,0,0.30265255720774037,-0.46178258082648094
402,CCCC(=O)OCC(COC(=O)CCC)OC(=O)CCC,580.25,True,UYXTWWCETRIEDR-UHFFFAOYSA-N,302.367,302.172938552,2.3849,78.9,0,6,11,0,0,0,0,0.8,21,6,122,0,0.3057965516551162,-0.4615800228853426
403,CC(=O)OCCOC(C)=O,464.25,True,JTXMVXSTHSMVQF-UHFFFAOYSA-N,146.142,146.0579088,0.11260000000000003,52.6,0,4,3,0,0,0,0,0.6666666666666666,10,4,58,0,0.3022482902033888,-0.4622466419588056
404,CCCCCCC=O,426.05,True,FXHGMKSSBGDXIY-UHFFFAOYSA-N,114.18799999999999,114.104465068,2.1557000000000004,17.07,0,1,5,0,0,0,0,0.8571428571428571,8,1,48,0,0.11949019866492745,-0.30340290814946846
405,CCCCCCC,371.63,True,IMNFDUFMRHMDMM-UHFFFAOYSA-N,100.205,100.12520051199999,2.976700000000002,0.0,0,0,4,0,0,0,0,1.0,7,0,44,0,-0.05332609175221321,-0.06538238322804024
406,CCCCCCC(O)=O,495.45,True,MNWFXJYAOYHMED-UHFFFAOYSA-N,130.18699999999998,130.099379688,2.0414,37.3,1,1,5,0,0,0,0,0.8571428571428571,9,2,54,0,0.3028395565266828,-0.481230389785224
407,CCCCCCCO,449.05,True,BBMCTIGTTCKYKF-UHFFFAOYSA-N,116.204,116.120115132,1.9491,20.23,1,1,5,0,0,0,0,1.0,8,1,50,0,0.04305240722358137,-0.39637656934229265
408,ClC(Cl)(Cl)C(=O)C(Cl)(Cl)Cl,477.25,True,DOJXGHGHTWFZHK-UHFFFAOYSA-N,264.75,261.8080307,3.2958999999999996,17.07,0,1,0,0,0,0,0,0.6666666666666666,10,7,60,0,0.25278077626981615,-0.28996668418907867
409,ClC(Cl)=C(Cl)C(Cl)=C(Cl)Cl,488.25,True,RWNKSTSCBHKHTB-UHFFFAOYSA-N,260.762,257.81311608,4.7574,0.0,0,0,1,0,0,0,0,0.0,10,6,58,0,0.12652917259721735,-0.07998469364369698
410,ClC1=C(Cl)C(Cl)(Cl)C(=C1Cl)Cl,512.25,True,VUNCWTMEJYMOOR-UHFFFAOYSA-N,272.773,269.81311608,4.5523,0.0,0,0,0,1,0,1,0,0.2,11,6,62,0,0.19136213819649292,-0.08880088198586139
411,ClC(Cl)=C(Cl)C(Cl)(Cl)Cl,482.75,True,VFDYKPARTDCDCU-UHFFFAOYSA-N,248.751,245.81311608,4.2421,0.0,0,0,0,0,0,0,0,0.3333333333333333,9,6,54,0,0.22816326814897153,-0.08181800204464776
412,CCCCCCCCCCCCCCCCO,607.25,True,BXWNKGSJHAJOGX-UHFFFAOYSA-N,242.44699999999992,242.26096570800001,5.460000000000006,20.23,1,1,14,0,0,0,0,1.0,17,1,104,0,0.043052407228889096,-0.39637656934228244
413,C[Si](C)(C)O[Si](C)(C)C,372.25,True,UQEAIHBTYFGYIE-UHFFFAOYSA-N,162.38099999999997,162.089618256,2.6728000000000005,9.23,0,1,2,0,0,0,0,1.0,9,3,56,0,0.16986295509254018,-0.45593439336605684
414,CN(C)P(=O)(N(C)C)N(C)C,506.25,True,GNOIPBMMFNIUFM-UHFFFAOYSA-N,179.204,179.118748826,0.7792999999999999,26.790000000000006,0,1,3,0,0,0,0,1.0,11,5,68,0,0.28482484645812,-0.2703247809049113
415,CCCCCC=O,402.85,True,JARKCYVAAOWBJS-UHFFFAOYSA-N,100.16099999999999,100.088815004,1.7656,17.07,0,1,4,0,0,0,0,0.8333333333333334,7,1,42,0,0.11949019725434507,-0.303402908155129
416,CCCCCC,341.98,True,VLKZOEOYAKHREP-UHFFFAOYSA-N,86.178,86.109550448,2.5866000000000007,0.0,0,0,3,0,0,0,0,1.0,6,0,38,0,-0.05357870225236844,-0.06538238459812357
417,CCCCCCO,430.25,True,ZSIAUFGUXNUGDI-UHFFFAOYSA-N,102.17699999999999,102.104465068,1.559,20.23,1,1,4,0,0,0,0,1.0,7,1,44,0,0.04305240583871402,-0.396376569347818
418,CCCCCCN,405.25,True,BMVXCPBXGZKUPN-UHFFFAOYSA-N,101.19300000000001,101.12044947999999,1.5253999999999999,26.02,1,1,4,0,0,0,0,1.0,7,1,44,0,-0.007727548087909907,-0.33047350396881303
419,NN,386.8,True,OAKJQQAXSVQMHS-UHFFFAOYSA-N,32.046,32.037448128,-1.1812,52.04,2,2,0,0,0,0,0,0.0,2,2,14,0,-0.27413882810857587,-0.27413882810857587
420,S,333.58,True,RWSOTUBLDIXVET-UHFFFAOYSA-N,34.083,33.987721064,0.11280000000000001,0.0,0,0,0,0,0,0,0,0.0,1,1,8,0,-0.1969353581032263,-0.1969353581032263
421,[nH]1ccc2ccccc12,526.25,True,SIKJAQJRHWYJAI-UHFFFAOYSA-N,117.15099999999997,117.057849224,2.1679000000000004,15.79,1,0,0,2,2,0,1,0.0,9,1,44,0,0.04533934729771151,-0.3611762912891017
422,Ic1ccccc1,461.65,True,SNHMUERNLJLMHN-UHFFFAOYSA-N,204.01000000000002,203.94359816,2.2912,0.0,0,0,0,1,1,0,0,0.0,7,1,36,0,0.012980903726569128,-0.06219492662386137
423,CI,315.75,True,INQOMBQAUSQDDS-UHFFFAOYSA-N,141.939,141.927948096,1.0512000000000001,0.0,0,0,0,0,0,0,0,1.0,2,1,14,0,-0.012097334964143454,-0.09013435838830033
424,CC(=O)OCCC(C)C,415.25,True,MLFHJEHSLIIPHL-UHFFFAOYSA-N,130.18699999999998,130.099379688,1.5956000000000001,26.3,0,2,3,0,0,0,0,0.8571428571428571,9,2,54,0,0.302123037200498,-0.46586693130001083
425,CCC(=O)OCCC(C)C,434.25,True,XAOGXQMKWQFZEM-UHFFFAOYSA-N,144.21399999999997,144.115029752,1.9857,26.3,0,2,4,0,0,0,0,0.875,10,2,60,0,0.3049965789427499,-0.4656717719704307
426,CC(C)CO,381.25,True,ZXEKIIBDNHEJCQ-UHFFFAOYSA-N,74.12299999999999,74.07316494,0.6347,20.23,1,1,1,0,0,0,0,1.0,5,1,32,0,0.045348803787554154,-0.39610984383746906
427,CC(C)COC=O,372.25,True,AVMSWPWPYJVYKY-UHFFFAOYSA-N,102.13299999999998,102.06807956,0.8154,26.3,0,2,3,0,0,0,0,0.8,7,2,42,0,0.29258534569416605,-0.4676277321796983
428,CC(C)COC(=O)C(C)C,421.85,True,RXGUIWHIADMCFC-UHFFFAOYSA-N,144.21399999999997,144.115029752,1.8416000000000001,26.3,0,2,3,0,0,0,0,0.875,10,2,60,0,0.30787097579871536,-0.4652133415325127
429,CC(C)C(=O)O,428.25,True,KQNPFQTWMSNSAP-UHFFFAOYSA-N,88.10599999999998,88.052429496,0.727,37.3,1,1,1,0,0,0,0,0.75,6,2,36,0,0.3054235297285997,-0.4810415895699593
430,CC(C)CCO,405.75,True,PHTQWCKDNZKARW-UHFFFAOYSA-N,88.14999999999999,88.088815004,1.0248,20.23,1,1,2,0,0,0,0,1.0,6,1,38,0,0.04329631139781931,-0.3963660786745106
431,CC1=CC(=O)CC(C)(C)C1,488.57,True,HJOVHMDZYOCNQW-UHFFFAOYSA-N,138.20999999999998,138.104465068,2.3218000000000005,17.07,0,1,0,1,0,1,0,0.6666666666666666,10,1,56,0,0.15567809158093762,-0.2948441306074027
432,C=CC(=C)C,307.317,True,RRHGJUQNOFWUDK-UHFFFAOYSA-N,68.119,68.062600256,1.7485,0.0,0,0,1,0,0,0,0,0.2,5,0,28,0,-0.040383549426410544,-0.09882310718358248
433,CC(C)OC(C)=O,361.85,True,JMMWKPVZQRWMSS-UHFFFAOYSA-N,102.133,102.06807956,0.9579,26.3,0,2,1,0,0,0,0,0.8,7,2,42,0,0.3023791003505635,-0.4631559932494283
434,CCCCCCCCCCCCCCCC(=O)OC(C)C,433.25,True,XUGNVMKQXJXZCD-UHFFFAOYSA-N,298.51099999999997,298.287180456,6.419300000000007,26.3,0,2,15,0,0,0,0,0.9473684210526315,21,2,126,0,0.3055337242115604,-0.4629533082631881
435,CC(C)N,305.05,True,JJWLVOIRVHMVIS-UHFFFAOYSA-N,59.111999999999995,59.073499287999994,0.35350000000000004,26.02,1,1,0,0,0,0,0,1.0,4,1,26,0,-0.0017924242320082565,-0.328262980899961
436,c1ccc2cnccc2c1,516.25,True,AWJUIBRHMBBTKR-UHFFFAOYSA-N,129.16199999999998,129.057849224,2.2348,12.89,0,1,0,2,2,0,1,0.0,10,1,48,0,0.034583362760742704,-0.26406547735893676
437,CC(C)CC(=O)O,449.75,True,GWYFCOCPABKNJV-UHFFFAOYSA-N,102.13299999999998,102.06807956,1.1171,37.3,1,1,2,0,0,0,0,0.8,7,2,42,0,0.30310054985898266,-0.4812230637329638
438,CC(=O)CCC(=O)O,519.25,True,JOOXCMJARBKPKM-UHFFFAOYSA-N,116.11599999999999,116.047344116,0.4402,54.370000000000005,1,2,3,0,0,0,0,0.6,8,3,46,0,0.30328869968374067,-0.4812206333209309
439,CC(C)[C@@H]1CC[C@@H](C)C[C@H]1O,485.25,True,NOOLISFMXDJSKH-KXUCPTDWSA-N,156.269,156.15141526,2.439500000000001,20.23,1,1,1,1,0,1,0,1.0,11,1,66,0,0.05729302557713654,-0.39282090888948124
440,CC(=C)C=O,341.65,True,STNJBCKSHOAVAJ-UHFFFAOYSA-N,70.09100000000001,70.041864812,0.7614000000000001,17.07,0,1,1,0,0,0,0,0.25,5,1,28,0,0.14464746563280093,-0.2982913909836627
441,C,434.75,True,VNWKTOKETHGBQD-UHFFFAOYSA-N,16.043,16.031300127999998,0.6361,0.0,0,0,0,0,0,0,0,1.0,1,0,8,0,-0.07755789119307553,-0.07755789119307553
442,CO,337.95,True,OKKJLVBELUTLKV-UHFFFAOYSA-N,32.042,32.026214748,-0.3915,20.23,1,1,0,0,0,0,0,1.0,2,1,14,0,0.031940683717728124,-0.3996302435573072
443,COC(=O)c1ccccc1O,497.25,True,OSWPMRLSEDHDFF-UHFFFAOYSA-N,152.14899999999997,152.047344116,1.1787999999999998,46.53,1,3,1,1,1,0,0,0.125,11,3,58,0,0.3411321188257538,-0.5070528008609642
444,COC(C)=O,329.95,True,KXKVLQRXCPHEJC-UHFFFAOYSA-N,74.079,74.036779432,0.17930000000000001,26.3,0,2,0,0,0,0,0,0.6666666666666666,5,2,30,0,0.3018471669894446,-0.46919810705104836
445,COC(=O)CC(C)=O,444.95,True,WRQNANDWMGAFTP-UHFFFAOYSA-N,116.116,116.047344116,0.13849999999999985,43.370000000000005,0,3,2,0,0,0,0,0.6,8,3,46,0,0.31251795989786135,-0.468673187720123
446,C=CC(=O)OC,353.35,True,BAPJBEWLBFYGME-UHFFFAOYSA-N,86.08999999999999,86.036779432,0.34539999999999993,26.3,0,2,1,0,0,0,0,0.25,6,2,34,0,0.32936202683512367,-0.46586658161961975
447,COC(=O)c1ccccc1,472.25,True,QPJVMBTYPHYUOC-UHFFFAOYSA-N,136.14999999999998,136.052429496,1.4732,26.3,0,2,1,1,1,0,0,0.125,10,2,52,0,0.33734142683544294,-0.4654175231959395
448,CCCC(=O)OC,376.05,True,UUIQMZJEGPQKFD-UHFFFAOYSA-N,102.13299999999998,102.06807956,0.9595,26.3,0,2,2,0,0,0,0,0.8,7,2,42,0,0.30499121879740626,-0.46899555445129654
449,COC(Cl)=O,344.25,True,XMJHPCRAQCTCFT-UHFFFAOYSA-N,94.497,93.982157016,0.9916,26.3,0,2,0,0,0,0,0,0.5,5,3,30,0,0.4029808862121892,-0.45701007038136976
450,COC=O,304.75,True,TZIHFWKZFHZASV-UHFFFAOYSA-N,60.05200000000001,60.021129368000004,-0.2108000000000001,26.3,0,2,1,0,0,0,0,0.5,4,2,24,0,0.29229926118868244,-0.47122144651324294
451,CCCCCCC(=O)OC,447.25,True,XNCNNDVCAUWAIT-UHFFFAOYSA-N,144.214,144.115029752,2.1298000000000004,26.3,0,2,5,0,0,0,0,0.875,10,2,60,0,0.30500183885085225,-0.4689954278205985
452,O=C(OC)CCCCC,423.25,True,NUKZAGXMHTUAFE-UHFFFAOYSA-N,130.18699999999998,130.099379688,1.7397,26.3,0,2,4,0,0,0,0,0.8571428571428571,9,2,54,0,0.30500183741330067,-0.4689954278244128
453,CC(C)CCC(C)=O,417.25,True,FFWSICBKRCICMR-UHFFFAOYSA-N,114.18799999999999,114.104465068,2.0116,17.07,0,1,3,0,0,0,0,0.8571428571428571,8,1,48,0,0.1293500851723421,-0.300030835096211
454,COC(=O)C=C,353.35,True,BAPJBEWLBFYGME-UHFFFAOYSA-N,86.09,86.036779432,0.34539999999999993,26.3,0,2,1,0,0,0,0,0.25,6,2,34,0,0.32936202683512367,-0.46586658161961975
455,CCCCCCCC(=O)OC,466.15,True,JGHZJRVDZXSNKQ-UHFFFAOYSA-N,158.24099999999999,158.130679816,2.5199000000000007,26.3,0,2,6,0,0,0,0,0.8888888888888888,11,2,66,0,0.30500183885634347,-0.4689954278205915
456,CCC(=O)OC,353.05,True,RJUFJBKOKNCXHH-UHFFFAOYSA-N,88.106,88.052429496,0.5694,26.3,0,2,1,0,0,0,0,0.75,6,2,36,0,0.30472073144092393,-0.46900295028300515
457,COC(C)(C)C,328.35,True,BZLVMXJERCGZMT-UHFFFAOYSA-N,88.14999999999999,88.088815004,1.4313,9.23,0,1,0,0,0,0,0,1.0,6,1,38,0,0.05942520764405295,-0.3791035972502146
458,CSC#N,406.25,True,VYHVQEYOFIYNJP-UHFFFAOYSA-N,73.12,72.998620096,0.8304799999999999,23.79,0,2,0,0,0,0,0,0.5,4,2,22,0,0.13256903173360504,-0.1851677280595251
459,CCCCC(=O)OC,392.25,True,HNBDRPTVWVGKBR-UHFFFAOYSA-N,116.15999999999998,116.083729624,1.3496000000000001,26.3,0,2,3,0,0,0,0,0.8333333333333334,8,2,48,0,0.3050016578853253,-0.46899542882535256
460,CC(=O)C=C,354.65,True,FUSUHKVFWTUUBE-UHFFFAOYSA-N,70.09100000000001,70.041864812,0.7614,17.07,0,1,1,0,0,0,0,0.25,5,1,28,0,0.151523696082162,-0.29520406932855386
461,COC(=O)c1ccc(C)cc1,495.75,True,QSSJZLPUHJDYKF-UHFFFAOYSA-N,150.177,150.06807956,1.78162,26.3,0,2,1,1,1,0,0,0.2222222222222222,11,2,58,0,0.3373417638630558,-0.4654175213296152
462,CN,279.65,True,BAVYZALUXZFZLV-UHFFFAOYSA-N,31.058,31.042199159999996,-0.4251,26.02,1,1,0,0,0,0,0,1.0,2,1,14,0,-0.019502380004263062,-0.33326905475707136
463,CCCCC,309.31,True,OFBQJSOFQDEBGM-UHFFFAOYSA-N,72.151,72.093900384,2.1965000000000003,0.0,0,0,2,0,0,0,0,1.0,5,0,32,0,-0.05383131543183678,-0.06538255537938412
464,CC1CCCCC1,374.15,True,UAEPNZWRGJTJPN-UHFFFAOYSA-N,98.18900000000001,98.109550448,2.5866000000000007,0.0,0,0,0,1,0,1,0,1.0,7,0,42,0,-0.04428007559516109,-0.06250972284470455
465,CC1CCCC1,345.05,True,GDOPTJXRTPNYNR-UHFFFAOYSA-N,84.162,84.093900384,2.1965000000000003,0.0,0,0,0,1,0,1,0,1.0,6,0,36,0,-0.04428007283563192,-0.06250972283408605
466,CC\C(C)=N\O,425.75,True,WHIVNJATOVLWBW-SNAWJCMRSA-N,87.12199999999999,87.068413908,1.2465,32.59,1,2,1,0,0,0,0,0.75,6,2,36,0,0.05368003022376739,-0.41091380446634346
467,CNC=O,458.25,True,ATHHXGZTWNVVOU-UHFFFAOYSA-N,59.068000000000005,59.03711378,-0.6378000000000001,29.1,1,1,1,0,0,0,0,0.5,4,2,24,0,0.20636389853512746,-0.36175235047866455
468,CSc1ccccc1,466.25,True,HNKJADCVZUBCPG-UHFFFAOYSA-N,124.20799999999996,124.034671256,2.4085,0.0,0,1,1,1,1,0,0,0.14285714285714285,8,1,42,0,0.006906893238164152,-0.1296018262146687
469,C1COCCN1,401.25,True,YNAVUWVOSKDBBP-UHFFFAOYSA-N,87.122,87.068413908,-0.3938000000000001,21.259999999999998,1,2,0,1,0,1,1,1.0,6,2,36,0,0.05910807224558097,-0.37881251357971846
470,CC(C)=CCCC(=C)C=C,440.25,True,UAHWPYUMFXYFJY-UHFFFAOYSA-N,136.238,136.125200512,3.4750000000000023,0.0,0,0,4,0,0,0,0,0.4,10,0,56,0,-0.025013725022777593,-0.09881252036792461
471,CCN(CC)C(C)=O,458.75,True,AJFDBNQQDYLMJN-UHFFFAOYSA-N,115.17599999999999,115.099714036,0.8747,20.310000000000002,0,1,2,0,0,0,0,0.8333333333333334,8,2,48,0,0.21892269850981425,-0.34349991280799663
472,CCN(CC)c1ccccc1,489.55,True,GGSUCNLOZRCGPQ-UHFFFAOYSA-N,149.237,149.12044948,2.532800000000001,3.24,0,1,3,1,1,0,0,0.4,11,1,60,0,0.03654827716189696,-0.3720922269386495
473,CN(C)c1ccccc1,466.25,True,JLTDJTHDQAWBAV-UHFFFAOYSA-N,121.18299999999995,121.08914935199999,1.7526,3.24,0,1,1,1,1,0,0,0.25,9,1,48,0,0.03604872581555625,-0.37766147871275463
474,c1ccc2ccccc2c1,492.25,True,UFWIBTONFRDIAS-UHFFFAOYSA-N,128.17399999999995,128.062600256,2.839800000000001,0.0,0,0,0,2,2,0,0,0.0,10,0,48,0,-0.018404250672442266,-0.06162971144687501
475,CCCCOC(C)=O,399.25,True,DKPFZGUDAPQIHT-UHFFFAOYSA-N,116.15999999999998,116.083729624,1.3496000000000001,26.3,0,2,3,0,0,0,0,0.8333333333333334,8,2,48,0,0.3021228665755719,-0.46587787390632607
476,CCCCc1ccccc1,456.55,True,OCKPCBLVNKHBMX-UHFFFAOYSA-N,134.22199999999998,134.109550448,3.0292000000000012,0.0,0,0,3,1,1,0,0,0.4,10,0,54,0,-0.027897295142604965,-0.0653710717316953
477,CCCCCCCCCC,447.35,True,DIOQZVSQGTUSAI-UHFFFAOYSA-N,142.286,142.172150704,4.147000000000004,0.0,0,0,7,0,0,0,0,1.0,10,0,62,0,-0.053306146439862805,-0.06538238322279266
478,CC(C)(C)C,282.75,True,CRSOQBOWXPBRES-UHFFFAOYSA-N,72.151,72.093900384,2.0524,0.0,0,0,0,0,0,0,0,1.0,5,0,32,0,-0.04110154814903501,-0.060438148494705184
479,CCNC(C)=O,478.25,True,PMDCZENCAXMSOU-UHFFFAOYSA-N,87.12199999999999,87.068413908,0.14240000000000014,29.1,1,1,1,0,0,0,0,0.75,6,2,36,0,0.21636252640512219,-0.3566248267966946
480,CCCCCCCCCCCCCCCC,560.15,True,DCAYPVUWAIABOU-UHFFFAOYSA-N,226.44799999999992,226.26605108799998,6.487600000000007,0.0,0,0,13,0,0,0,0,1.0,16,0,98,0,-0.05330597278912537,-0.06538238322279266
481,CCCCCC(=O)O,479.05,True,FUZZWVXGSFPDMH-UHFFFAOYSA-N,116.15999999999998,116.083729624,1.6513,37.3,1,1,4,0,0,0,0,0.8333333333333334,8,2,48,0,0.30283955508920857,-0.48123038978903615
482,CCCCCCOC(C)=O,444.75,True,AOGQPLXWSUTHQB-UHFFFAOYSA-N,144.21399999999997,144.115029752,2.1298000000000004,26.3,0,2,5,0,0,0,0,0.875,10,2,60,0,0.30212286792609416,-0.4658776866736629
483,O=[N+]([O-])O,356.25,True,GRYLNZFGIOXLOG-UHFFFAOYSA-N,63.01200000000001,62.995642892000006,-0.34770000000000006,63.370000000000005,1,2,0,0,0,0,0,0.0,4,4,24,0,0.29129547909447084,-0.32775202492854333
484,O=[N+]([O-])c1ccccc1,484.05,True,LQNUZADURLCDLV-UHFFFAOYSA-N,123.11099999999996,123.0320284,1.5948,43.14,0,2,1,1,1,0,0,0.0,9,3,46,0,0.2689216270439583,-0.2583096384435056
485,[O-][N+](=O)C1CCCCC1,478.75,True,NJNQUTDUIPVROZ-UHFFFAOYSA-N,129.15900000000002,129.078978592,1.5957999999999999,43.14,0,2,1,1,0,1,0,1.0,9,3,52,0,0.21269548322069498,-0.2642594263113917
486,CC[N+](=O)[O-],387.35,True,MCSAJNNLRCFZED-UHFFFAOYSA-N,75.067,75.0320284,0.2829999999999999,43.14,0,2,1,0,0,0,0,1.0,5,3,30,0,0.20064608791858585,-0.26456002874527473
487,C[N+](=O)[O-],374.35,True,LYGJENNIWJXYER-UHFFFAOYSA-N,61.040000000000006,61.016378336,-0.10710000000000008,43.14,0,2,0,0,0,0,0,1.0,4,3,24,0,0.19399732388258517,-0.26483732574805025
488,CN1CCCC1=O,475.25,True,SECXISVLQFMRJM-UHFFFAOYSA-N,99.133,99.068413908,0.23859999999999992,20.310000000000002,0,1,0,1,0,1,1,0.8,7,2,40,0,0.2218735635044728,-0.34574891494977367
489,CNC(C)=O,478.25,True,OHLUUHNLEMFGTQ-UHFFFAOYSA-N,73.095,73.052763844,-0.24770000000000003,29.1,1,1,0,0,0,0,0,0.6666666666666666,5,2,30,0,0.2161137935640745,-0.3594196242661188
490,CNc1ccccc1,469.5,True,AFBPFSWMIHJQDM-UHFFFAOYSA-N,107.15599999999998,107.073499288,1.7283,12.03,1,1,1,1,1,0,0,0.14285714285714285,8,1,42,0,0.03370429145852783,-0.3881220693538709
491,CCCCN(CCCC)N=O,508.25,True,YGJHZCLPZAZIHH-UHFFFAOYSA-N,158.24499999999998,158.141913196,2.570000000000001,32.67,0,2,7,0,0,0,0,1.0,11,3,66,0,0.05234685641411214,-0.26090908096470555
492,CCN(CC)N=O,445.25,True,WBNQDOYYEUMPFS-UHFFFAOYSA-N,102.137,102.07931294,1.0095999999999998,32.67,0,2,3,0,0,0,0,1.0,7,3,42,0,0.05232692312256749,-0.26146542469789014
493,CC(C)N(N=O)C(C)C,467.75,True,AUIKJTGFPFLMFP-UHFFFAOYSA-N,130.19099999999997,130.110613068,1.7866,32.67,0,2,3,0,0,0,0,1.0,9,3,54,0,0.05285472959667909,-0.2559353989250967
494,CN(C)N=O,425.25,True,UMFJAHHVKNCGLG-UHFFFAOYSA-N,74.083,74.048012812,0.22939999999999994,32.67,0,2,1,0,0,0,0,1.0,5,3,30,0,0.0518010397915032,-0.2670155046627136
495,CCCCCCCCC,423.72,True,BKIMMITUMNQMOS-UHFFFAOYSA-N,128.259,128.15650064,3.7569000000000026,0.0,0,0,6,0,0,0,0,1.0,9,0,56,0,-0.053306317337172206,-0.06538238322279268
496,CCCCCCCCCO,486.55,True,ZWRUINPWMLAQRD-UHFFFAOYSA-N,144.258,144.15141526,2.7293000000000016,20.23,1,1,7,0,0,0,0,1.0,10,1,62,0,0.04305240722888908,-0.39637656934228244
497,Cc1ccccc1O,464.25,True,QWVGKYWNOKOFNN-UHFFFAOYSA-N,108.13999999999999,108.057514876,1.70062,20.23,1,1,0,1,1,0,0,0.14285714285714285,8,1,42,0,0.11797961868439863,-0.5076872844527907
498,CCCCCCCCCCCCCCCCCCO,483.75,True,GLDOVTGHNKAZLK-UHFFFAOYSA-N,270.50099999999986,270.292265836,6.240200000000008,20.23,1,1,16,0,0,0,0,1.0,19,1,116,0,0.043052407228889096,-0.39637656934228244
499,CCCCCCCCCCCCCCCCCC(O)=O,644.25,True,QIQXTHQIDYTFRH-UHFFFAOYSA-N,284.4839999999999,284.271530392,6.332500000000007,37.3,1,1,16,0,0,0,0,0.9444444444444444,20,2,120,0,0.30283955653218375,-0.481230389785217
500,CCCCCCCC,398.87,True,TVMXDCGIABBOFY-UHFFFAOYSA-N,114.232,114.14085057599999,3.3668000000000022,0.0,0,0,5,0,0,0,0,1.0,8,0,50,0,-0.053316204543896704,-0.0653823832228023
501,CCCCCCCC(=O)O,512.25,True,WWZKQHOCKIZLMA-UHFFFAOYSA-N,144.214,144.115029752,2.4314999999999998,37.3,1,1,6,0,0,0,0,0.875,10,2,60,0,0.30283955653217365,-0.481230389785217
502,CCCCCCCCO,467.95,True,KBPLFHHGFOOTCA-UHFFFAOYSA-N,130.23100000000002,130.135765196,2.3392000000000013,20.23,1,1,6,0,0,0,0,1.0,9,1,56,0,0.04305240722887934,-0.3963765693422825
503,C=CCCCCCC,394.45,True,KWKAKUADMBZCLK-UHFFFAOYSA-N,112.216,112.12520051199999,3.142800000000002,0.0,0,0,5,0,0,0,0,0.75,8,0,48,0,-0.03534129448857064,-0.10308297893628117
504,CCCCCCCCOC(C)=O,484.25,True,YLYBTZIQSIBWLI-UHFFFAOYSA-N,172.268,172.14632988,2.910000000000002,26.3,0,2,7,0,0,0,0,0.9,12,2,72,0,0.30212286792610354,-0.46587768666799095
505,C1CCOCC1,361.25,True,DHXVGJBLRPWPCS-UHFFFAOYSA-N,86.134,86.07316494,1.1869,9.23,0,1,0,1,0,1,1,1.0,6,1,36,0,0.04655485505248134,-0.3814524244186342
506,C1COC1,321.25,True,AHHWIHXENZJRFG-UHFFFAOYSA-N,58.07999999999999,58.041864812,0.40670000000000006,9.23,0,1,0,1,0,1,1,1.0,4,1,24,0,0.048750503369774996,-0.3812719221141719
507,COc1ccc(N)cc1,516.25,True,BHAAPTBBJKJZER-UHFFFAOYSA-N,123.15499999999999,123.068413908,1.2773999999999999,35.25,1,2,1,1,1,0,0,0.14285714285714285,9,2,48,0,0.11850965849470418,-0.4967658936287139
508,CC1OC(C)OC(C)O1,397.75,True,SQYNKIJPMDEDEG-UHFFFAOYSA-N,132.159,132.078644244,1.0877999999999999,27.69,0,3,0,1,0,1,1,1.0,9,3,54,0,0.16059083235493757,-0.32426093351267604
509,Cc1ccc(Br)cc1,457.75,True,ZBTMRBYMKUEVEU-UHFFFAOYSA-N,171.03700000000003,169.973112324,2.7575200000000013,0.0,0,0,0,1,1,0,0,0.14285714285714285,8,1,42,0,0.017494816583335678,-0.058204338975286894
510,Cc1cc(O)ccc1Cl,508.25,True,CFKMVGJGLGKFKI-UHFFFAOYSA-N,142.58499999999998,142.018542524,2.3540200000000002,20.23,1,1,0,1,1,0,0,0.14285714285714285,9,2,48,0,0.11544483389341337,-0.5079547579712229
511,Cc1ccc(C(C)C)cc1,450.35,True,HFPZCAJZSCWRBC-UHFFFAOYSA-N,134.222,134.109550448,3.1184200000000013,0.0,0,0,1,1,1,0,0,0.4,10,0,54,0,-0.021882053067443556,-0.0590419921968874
512,ClC(Cl)C(Cl)(Cl)Cl,435.25,True,BNIXVQGCZULYKV-UHFFFAOYSA-N,202.29500000000002,199.852088432,3.1603000000000003,0.0,0,0,0,0,0,0,0,1.0,7,5,44,0,0.2197573178161509,-0.10060672077280805
513,CCCCCCCCCCCCCCC,543.85,True,YCOZIPAWZNQLMR-UHFFFAOYSA-N,212.42099999999994,212.25040102399998,6.097500000000006,0.0,0,0,12,0,0,0,0,1.0,15,0,92,0,-0.053305972789135014,-0.06538238322279266
514,OCCCCCO,513.25,True,ALQSHHUCVQOPAS-UHFFFAOYSA-N,104.149,104.083729624,0.14130000000000004,40.46,2,2,4,0,0,0,0,1.0,7,2,44,0,0.043053863150362574,-0.3963765571479563
515,CCCCC=O,376.25,True,HGBOYTHUEUWSSQ-UHFFFAOYSA-N,86.13399999999999,86.07316494,1.3755,17.07,0,1,3,0,0,0,0,0.8,6,1,36,0,0.11949002111110747,-0.3034029096435604
516,CCCCC#N,415.25,True,RFFFKMOABOFIDF-UHFFFAOYSA-N,83.134,83.073499288,1.70018,23.79,0,1,2,0,0,0,0,0.8,6,1,34,0,0.06212432779319017,-0.19834739312121255
517,CCCCC(=O)O,460.25,True,NQPDZGIKBAWPEJ-UHFFFAOYSA-N,102.13299999999998,102.06807956,1.2612,37.3,1,1,3,0,0,0,0,0.8,7,2,42,0,0.3028393755682016,-0.4812303907895895
518,C=CCCC,303.15,True,YWAKXRMUMFPDSH-UHFFFAOYSA-N,70.13499999999999,70.07825032,1.9725,0.0,0,0,2,0,0,0,0,0.6,5,0,30,0,-0.0356039482616076,-0.10308315147465182
519,CCCCCOC(C)=O,422.45,True,PGMYKACGEOXYJE-UHFFFAOYSA-N,130.18699999999998,130.099379688,1.7397,26.3,0,2,4,0,0,0,0,0.8571428571428571,9,2,54,0,0.3021228679209696,-0.4658776881575565
520,CCCCCOC=O,404.25,True,DIQMPQMYFZXDAX-UHFFFAOYSA-N,116.15999999999998,116.083729624,1.3496,26.3,0,2,5,0,0,0,0,0.8333333333333334,8,2,48,0,0.2925755189554515,-0.46790098761435744
521,CCCCCOC(=O)CC,442.25,True,TWSRVQVEYJNFKQ-UHFFFAOYSA-N,144.21399999999997,144.115029752,2.1298000000000004,26.3,0,2,5,0,0,0,0,0.875,10,2,60,0,0.30499640966445174,-0.465682528839917
522,Oc1ccccc1,455.0,True,ISWSIDIOOBJBQZ-UHFFFAOYSA-N,94.11299999999999,94.041864812,1.3921999999999999,20.23,1,1,0,1,1,0,0,0.0,7,1,36,0,0.11507481947527982,-0.5079669948663066
523,CC(=O)Oc1ccccc1,469.25,True,IPBVNPXQWQGGJP-UHFFFAOYSA-N,136.14999999999998,136.052429496,1.6118999999999999,26.3,0,2,1,1,1,0,0,0.125,10,2,52,0,0.307523937689319,-0.4267339377171449
524,O=C=Nc1ccccc1,441.25,True,DGTNSSLYPYDJGL-UHFFFAOYSA-N,119.12299999999995,119.03711378,1.6539,29.43,0,2,1,1,1,0,0,0.0,9,2,44,0,0.24000701364253066,-0.21096862326485644
525,N#CCc1ccccc1,506.75,True,SUSQOBVLVYHIEX-UHFFFAOYSA-N,117.15099999999995,117.057849224,1.75268,23.79,0,1,1,1,1,0,0,0.125,9,1,44,0,0.06692145166948295,-0.19797459049898375
526,NNc1ccccc1,516.75,True,HKOOXMFOFWEVGF-UHFFFAOYSA-N,108.14399999999998,108.06874825599999,0.9722000000000002,38.05,2,2,1,1,1,0,0,0.0,8,2,42,0,0.04845667295205318,-0.32415116117014997
527,ClP(Cl)Cl,349.35,True,FAIAAWCVCHQXDN-UHFFFAOYSA-N,137.33300000000003,135.88031967,2.9296999999999995,0.0,0,0,0,0,0,0,0,0.0,4,4,26,0,0.17874866724676433,-0.05958288908225477
528,C1CCNCC1,379.25,True,NQRYJNQNLNOLGT-UHFFFAOYSA-N,85.15,85.08914935199999,0.7599,12.03,1,1,0,1,0,1,1,1.0,6,1,36,0,-0.004891140011689818,-0.3167325809905548
529,CC(C)(C)C(O)=O,437.05,True,IUGYQRQAERSCNH-UHFFFAOYSA-N,102.13299999999998,102.06807956,1.1171,37.3,1,1,0,0,0,0,0,0.8,7,2,42,0,0.3082795074066913,-0.4808445083134276
530,O=P(Cl)(Cl)Cl,379.05,True,XHXFXVLFKHQFAL-UHFFFAOYSA-N,153.332,151.87523428999998,2.8109,17.07,0,1,0,0,0,0,0,0.0,5,5,32,0,0.3391407924443306,-0.2711899367007073
531,CCC=O,321.25,True,NBBJYMSMWIIQGU-UHFFFAOYSA-N,58.08,58.041864812,0.5952999999999999,17.07,0,1,1,0,0,0,0,0.6666666666666666,4,1,24,0,0.11921494428801727,-0.30341423261619294
532,CCC,315.35,True,ATUOYWHBWRKTHZ-UHFFFAOYSA-N,44.096999999999994,44.062600255999996,1.4163,0.0,0,0,0,0,0,0,0,1.0,3,0,20,0,-0.059038363929048716,-0.06564544121023959
533,N#CCC#N,492.25,True,CUONGYYJJVDODC-UHFFFAOYSA-N,66.063,66.021798064,0.42366000000000004,47.58,0,2,0,0,0,0,0,0.3333333333333333,5,2,24,0,0.12221011624706095,-0.19719550231124405
534,CCCO,370.45,True,BDERNNFJNOPAEC-UHFFFAOYSA-N,60.096,60.057514876,0.3887,20.23,1,1,1,0,0,0,0,1.0,4,1,26,0,0.04278927992053378,-0.39638735063233616
535,C=CC,320.93,True,QQONPFPTGQHPMA-UHFFFAOYSA-N,42.080999999999996,42.046950192,1.1923,0.0,0,0,0,0,0,0,0,0.3333333333333333,3,0,18,0,-0.0472598095819833,-0.10336125074726941
536,CCC(=O)O,414.35,True,XBDQKXXYIPTUBI-UHFFFAOYSA-N,74.079,74.036779432,0.481,37.3,1,1,1,0,0,0,0,0.6666666666666666,5,2,30,0,0.30255843749205596,-0.4812379170193394
537,CCC(=O)OC(=O)CC,443.25,True,WYVAMUWZEOHJOQ-UHFFFAOYSA-N,130.14299999999997,130.06299418,0.8762,43.370000000000005,0,3,2,0,0,0,0,0.6666666666666666,9,3,52,0,0.31264757703388796,-0.39316244439546266
538,CCC#N,370.45,True,FVSKHRXBFJPNKK-UHFFFAOYSA-N,55.07999999999999,55.042199159999996,0.91998,23.79,0,1,0,0,0,0,0,0.6666666666666666,4,1,22,0,0.06183424059086474,-0.1983584061194375
539,CCC(Cl)=O,353.25,True,RZWZRACFZGVKFM-UHFFFAOYSA-N,92.52499999999999,92.00289246,1.1618,17.07,0,1,1,0,0,0,0,0.6666666666666666,5,2,30,0,0.220853312692219,-0.2813587128228262
540,CCC(=O)c1ccccc1,491.25,True,KRIOVPPHQSLHCZ-UHFFFAOYSA-N,134.17799999999997,134.07316494,2.2793,17.07,0,1,2,1,1,0,0,0.2222222222222222,10,1,52,0,0.1620970253357633,-0.29420774463959265
541,CCCOC(C)=O,374.55,True,YKYONYBAUNKHLG-UHFFFAOYSA-N,102.13299999999998,102.06807956,0.9595,26.3,0,2,2,0,0,0,0,0.8,7,2,42,0,0.3021226973628453,-0.46588873984264995
542,CCCOC(=O)c1ccccc1,504.25,True,UDEWPOVQBGFNGE-UHFFFAOYSA-N,164.20399999999998,164.083729624,2.2534,26.3,0,2,3,1,1,0,0,0.3,12,2,64,0,0.33761704944114623,-0.46210816756826517
543,CCCOC(=O)CCC,416.25,True,HUAZGNHGCJGYNP-UHFFFAOYSA-N,130.18699999999998,130.099379688,1.7397,26.3,0,2,4,0,0,0,0,0.8571428571428571,9,2,54,0,0.30526672491010765,-0.46568618435369896
544,CCCOC=O,355.25,True,KFNNIILCVOLYIR-UHFFFAOYSA-N,88.10599999999998,88.052429496,0.5694,26.3,0,2,3,0,0,0,0,0.75,6,2,36,0,0.2925753483471992,-0.46791203855956276
545,CCCO[N+](=O)[O-],383.25,True,JNTOKFNBDFMTIV-UHFFFAOYSA-N,105.09299999999999,105.042593084,0.6047,52.370000000000005,0,3,3,0,0,0,0,1.0,7,4,42,0,0.2939945430909231,-0.31392056475959584
546,CCCOC(=O)CC,397.25,True,MCSINKKTEDDPNK-UHFFFAOYSA-N,116.15999999999998,116.083729624,1.3496000000000001,26.3,0,2,3,0,0,0,0,0.8333333333333334,8,2,48,0,0.30499623910753,-0.46569358053783955
547,CCCN,322.25,True,WGYKZJWCGVVSQN-UHFFFAOYSA-N,59.11199999999999,59.073499287999994,0.3551000000000001,26.02,1,1,1,0,0,0,0,1.0,4,1,26,0,-0.007990568627305066,-0.3304839223850739
548,CCCc1ccccc1,432.45,True,ODLMAHJVESYWTB-UHFFFAOYSA-N,120.19499999999995,120.093900384,2.639100000000001,0.0,0,0,2,1,1,0,0,0.3333333333333333,9,0,48,0,-0.02814979848791882,-0.06506543814455573
549,CC1COC(=O)O1,514.85,True,RUOJZAUFBMNUDX-UHFFFAOYSA-N,102.08899999999998,102.031694052,0.5417000000000001,35.53,0,3,0,1,0,1,1,0.75,7,3,40,0,0.5082899390744735,-0.4303457162325387
550,CC(O)CO,460.85,True,DNIAPMSPPWPWGF-UHFFFAOYSA-N,76.095,76.052429496,-0.6405000000000001,40.46,2,2,1,0,0,0,0,1.0,5,2,32,0,0.07423864406366021,-0.3937000421977661
551,COCC(C)O,393.25,True,ARXJGSRGQADJSQ-UHFFFAOYSA-N,90.122,90.06807956,0.013600000000000112,29.46,1,2,2,0,0,0,0,1.0,6,2,38,0,0.07449767715783018,-0.39101929803651053
552,COCC(C)OC(C)=O,419.25,True,LLHKCFNBLRBOGN-UHFFFAOYSA-N,132.159,132.078644244,0.5844,35.53,0,3,3,0,0,0,0,0.8333333333333334,9,3,54,0,0.3024738964629727,-0.4604029614577355
553,CC#C,296.45,True,MWWATHDPGQKSAR-UHFFFAOYSA-N,40.065000000000005,40.031300128,0.6395,0.0,0,0,0,0,0,0,0,0.3333333333333333,3,0,16,0,-0.0029671457278247545,-0.1204050604029647
554,c1cnccn1,389.25,True,KYQCOXFCLRTKLS-UHFFFAOYSA-N,80.09,80.037448128,0.4765999999999999,25.78,0,2,0,1,1,0,1,0.0,6,2,30,0,0.04510753126065995,-0.2615195591346822
555,c1ccncc1,388.55,True,JUJWROOIHBZHMG-UHFFFAOYSA-N,79.10199999999998,79.04219916,1.0816,12.89,0,1,0,1,1,0,1,0.0,6,1,30,0,0.02672876829526118,-0.264736970888988
556,c1cc[nH]c1,402.95,True,KAESVJOAVNADME-UHFFFAOYSA-N,67.091,67.04219916,1.0147,15.79,1,0,0,1,1,0,1,0.0,5,1,26,0,0.0004958447284679488,-0.3676367128834121
557,C1CCNC1,359.81,True,RWRDLPDLKQPQOW-UHFFFAOYSA-N,71.123,71.073499288,0.36979999999999996,12.03,1,1,0,1,0,1,1,1.0,5,1,30,0,-0.004844703952428027,-0.3167309205412665
558,c1ccc2ncccc2c1,510.95,True,SMWDFEZZVXVKRB-UHFFFAOYSA-N,129.16199999999998,129.057849224,2.2348,12.89,0,1,0,2,2,0,1,0.0,10,1,48,0,0.07014348447327305,-0.25626672847773607
559,O=Cc1ccccc1O,470.25,True,SMQUZDBALVYZAC-UHFFFAOYSA-N,122.12299999999996,122.036779432,1.2047,37.3,1,2,1,1,1,0,0,0.0,9,2,46,0,0.1532681322488156,-0.5072100278982061
560,Oc1ccccc1C(=O)Oc2ccccc2,446.25,True,ZQBAKBUEJOMQEX-UHFFFAOYSA-N,214.22,214.06299418,2.6114000000000006,46.53,1,3,2,2,2,0,0,0.0,16,3,80,0,0.3468118641435122,-0.5070525222360159
561,CCC(C)OC(C)=O,385.25,True,DCKVNWZUADLDEH-UHFFFAOYSA-N,116.15999999999998,116.083729624,1.3479999999999999,26.3,0,2,2,0,0,0,0,0.8333333333333334,8,2,48,0,0.30238904886416573,-0.4628724496596981
562,C=Cc1ccccc1,418.55,True,PPBRXRYQALVLMV-UHFFFAOYSA-N,104.15199999999997,104.062600256,2.3296,0.0,0,0,1,1,1,0,0,0.0,8,0,40,0,-0.02625578937784246,-0.09847005004016512
563,NCCCCN,431.75,True,KIDHWZJUCRJVML-UHFFFAOYSA-N,88.15400000000001,88.10004838399999,-0.3159999999999998,52.04,2,2,3,0,0,0,0,1.0,6,2,38,0,-0.007680429860571516,-0.3304726685915315
564,O=S1(=O)CCCC1,558.25,True,HXJUTPCZVOIRIF-UHFFFAOYSA-N,120.173,120.024500496,0.19500000000000006,34.14,0,2,0,1,0,1,1,1.0,7,3,42,0,0.14981949494895422,-0.2288403865057567
565,O=[S]=O,283.25,True,RAHZWNYVWXNFOC-UHFFFAOYSA-N,64.065,63.961900240000006,-0.6701999999999999,34.14,0,2,0,0,0,0,0,0.0,3,3,18,0,0.335215750537904,-0.167607875268952
566,O=S(=O)(Cl)Cl,342.55,True,YBBRCQOCSYXUOC-UHFFFAOYSA-N,134.971,133.8996056,0.7088000000000001,34.14,0,2,0,0,0,0,0,0.0,5,5,32,0,0.3170103325665553,-0.19499189738523273
567,CCC(C)(C)OC,359.55,True,HVZJRWJGKQPSFL-UHFFFAOYSA-N,102.17699999999998,102.104465068,1.8214000000000001,9.23,0,1,2,0,0,0,0,1.0,7,1,44,0,0.06196829188924273,-0.3788268169818775
568,CC(C)(C)O,355.55,True,DKGAVHZHDRPRBM-UHFFFAOYSA-N,74.12299999999999,74.07316494,0.7771999999999999,20.23,1,1,0,0,0,0,0,1.0,5,1,32,0,0.05632585341065862,-0.3907600879079809
569,CC(=O)OC(C)(C)C,368.35,True,WMOVHXAZOJBABW-UHFFFAOYSA-N,116.16,116.083729624,1.3479999999999999,26.3,0,2,0,0,0,0,0,0.8333333333333334,8,2,48,0,0.3026461161791004,-0.4601506704482133
570,CC(C)(C)Br,346.55,True,RKSOPLXZQNSWAS-UHFFFAOYSA-N,137.01999999999998,135.988762388,2.1798,0.0,0,0,0,0,0,0,0,1.0,5,1,32,0,0.017310058281612188,-0.08623978500584617
571,CC(C)(C)c1ccccc1,442.35,True,YTZKOQUCBOVLHL-UHFFFAOYSA-N,134.22199999999998,134.109550448,2.9841000000000015,0.0,0,0,0,1,1,0,0,0.4,10,0,54,0,-0.013185421336817146,-0.06224804505884843
572,CC(C)(C)S,337.45,True,WMXCDAVJEZZYLT-UHFFFAOYSA-N,90.19099999999999,90.05032132,1.7147,0.0,1,1,0,0,0,0,0,1.0,5,1,32,0,0.004490184867793459,-0.17337209830667005
573,FC(Cl)(Cl)C(F)(Cl)Cl,366.05,True,UGCSPKPEHQEOSR-UHFFFAOYSA-N,203.83,201.87221716,3.1882,0.0,0,0,1,0,0,0,0,1.0,8,6,50,0,0.319612308839706,-0.20133238065179046
574,ClC(Cl)=C(Cl)Cl,394.45,True,CYTYCFOTNPOANT-UHFFFAOYSA-N,165.834,163.87541072,3.0682,0.0,0,0,0,0,0,0,0,0.0,6,4,36,0,0.13644179327201345,-0.06822089663600672
575,ClC(Cl)(Cl)Cl,349.95,True,VZGDMQKNWNREIO-UHFFFAOYSA-N,153.823,151.87541072,2.5529,0.0,0,0,0,0,0,0,0,1.0,5,4,32,0,0.26568521128753525,-0.06642130282188381
576,FC(F)(F)C(F)(F)C(F)(F)C(F)(F)C(F)(F)C(F)(F)F,330.45,True,ZJIJAJXFLBMLCK-UHFFFAOYSA-N,338.03799999999995,337.97764508,4.652200000000001,0.0,0,0,3,0,0,0,0,1.0,20,14,122,0,0.4596473223421968,-0.19210315101369407
577,CCO[Si](OCC)(OCC)OCC,442.05,True,BOTDANWDWHJENH-UHFFFAOYSA-N,208.32999999999996,208.11308565,1.568,36.92,0,4,8,0,0,0,0,1.0,13,5,80,0,0.6791845026500313,-0.3514835966667159
578,OCCOCCOCCOCCO,600.55,True,UWHCKJMYHZGTIT-UHFFFAOYSA-N,194.22699999999998,194.115423676,-0.979199999999999,68.15,2,5,10,0,0,0,0,1.0,13,5,80,0,0.07011439369107968,-0.39398032487450974
579,FC(F)(F)F,401.15,True,TXEYQDLBPFQVAA-UHFFFAOYSA-N,88.00300000000001,87.99361288,1.4756999999999998,0.0,0,0,0,0,0,0,0,1.0,5,4,32,0,0.5594364844715236,-0.1398591211178809
580,C1CCOC1,338.25,True,WYURNTSHIVDZCO-UHFFFAOYSA-N,72.107,72.057514876,0.7968,9.23,0,1,0,1,0,1,1,1.0,5,1,30,0,0.046638169849841704,-0.3814493819627182
581,OCC1CCCO1,451.25,True,BSYVTEYKTMYBMK-UHFFFAOYSA-N,102.13300000000001,102.06807956,0.15769999999999995,29.46,1,2,1,1,0,1,1,1.0,7,2,42,0,0.08061179343490381,-0.39367837065173167
582,c1ccc2c(c1)CCCC2,480.85,True,CXWXQJXEFPUFDZ-UHFFFAOYSA-N,132.206,132.093900384,2.5654000000000003,0.0,0,0,0,2,1,1,0,0.4,10,0,52,0,-0.027602666714009613,-0.06197440256795898
583,C1CCSC1,394.37,True,RAOIDOHSFRTOEL-UHFFFAOYSA-N,88.175,88.034671256,1.5133999999999999,0.0,0,1,0,1,0,1,1,1.0,5,1,30,0,-0.0067244922446366585,-0.1620069864821892
584,C[Si](C)(C)C,299.85,True,CZDYPVPMEAXLPK-UHFFFAOYSA-N,88.22599999999998,88.070826914,1.9544,0.0,0,0,0,0,0,0,0,1.0,5,1,32,0,0.041113738195957476,-0.06974707149008706
585,CN(C)C(=O)N(C)C,449.75,True,AVQQQNCBBIEMEU-UHFFFAOYSA-N,116.16399999999999,116.094963004,0.22960000000000003,23.550000000000004,0,1,0,0,0,0,0,0.8,8,3,48,0,0.31845467476024386,-0.3307910491164176
586,O=[N+]([O-])C([N+](=O)[O-])([N+](=O)[O-])[N+](=O)[O-],399.25,True,NYTOUQBROMCLBJ-UHFFFAOYSA-N,196.031,195.97161296000002,-1.2954999999999997,172.56,0,8,4,0,0,0,0,1.0,13,12,72,0,0.9549442702762805,-0.24622522583260242
587,CC(S)=O,361.25,True,DUYAAUVXQSMXQP-UHFFFAOYSA-N,76.12,75.998285748,0.46269999999999994,17.07,1,1,0,0,0,0,0,0.5,4,2,24,0,0.18233284715846113,-0.2878268232861794
588,O=S(Cl)Cl,349.25,True,FYSNRJHAOHDILO-UHFFFAOYSA-N,118.97200000000001,117.90469098,1.0427,17.07,0,1,0,0,0,0,0,0.0,4,4,26,0,0.21094206505869717,-0.22512004081525586
589,c1ccsc1,357.25,True,YTPLMLYBLZKORZ-UHFFFAOYSA-N,84.14299999999999,84.003371128,1.7480999999999998,0.0,0,1,0,1,1,0,1,0.0,5,1,26,0,-0.009338438056026077,-0.152454341484825
590,Sc1ccccc1,442.35,True,RMVRSNDYEFQCLF-UHFFFAOYSA-N,110.18099999999997,110.019021192,1.9752999999999996,0.0,1,1,0,1,1,0,0,0.0,7,1,36,0,0.003992005065301783,-0.14342689229770952
591,CC(C)c1ccc(C)cc1O,506.25,True,MGSRCZKZVOBKFT-UHFFFAOYSA-N,150.22099999999998,150.104465068,2.824020000000002,20.23,1,1,1,1,1,0,0,0.4,11,1,60,0,0.1187890206084793,-0.5076548360000178
592,Cc1ccccc1,383.85,True,YXFVVABEGXRONW-UHFFFAOYSA-N,92.14099999999999,92.062600256,1.99502,0.0,0,0,0,1,1,0,0,0.14285714285714285,7,0,36,0,-0.039774526323627504,-0.06224908578199481
593,C1CC[C@H]2CCCC[C@@H]2C1,428.75,True,NNBZCPXTIHJBJL-MGCOHNPYSA-N,138.254,138.140850576,3.3668000000000022,0.0,0,0,0,2,0,2,0,1.0,10,0,58,0,-0.03858457793998495,-0.05302166586531271
594,BrC(Br)Br,422.45,True,DIKBFYAXUHHXCS-UHFFFAOYSA-N,252.731,249.762836332,2.4547,0.0,0,0,0,0,0,0,0,1.0,4,3,26,0,0.1242210391429418,-0.06371690512631244
595,CCCCO[P](=O)(OCCCC)OCCCC,562.25,True,STCOOQWBFONSKY-UHFFFAOYSA-N,266.3179999999999,266.164695974,4.544600000000004,44.760000000000005,0,4,12,0,0,0,0,1.0,17,5,104,0,0.4742777516396874,-0.28687676100582693
596,CCCCN(CCCC)CCCC,480.25,True,IMFACGCPASFAPR-UHFFFAOYSA-N,185.35499999999993,185.21434986399998,3.6887000000000025,3.24,0,1,9,0,0,0,0,1.0,13,1,80,0,-0.001883891983599321,-0.30333814628454187
597,O=C(O)C(Cl)(Cl)Cl,468.75,True,YNJBWRMUSHSURL-UHFFFAOYSA-N,163.387,161.904212312,1.4412,37.3,1,1,0,0,0,0,0,0.5,7,5,42,0,0.35561076068249464,-0.4780803156766705
598,N#CC(Cl)(Cl)Cl,358.95,True,DRUIESSIVFYOMK-UHFFFAOYSA-N,144.388,142.90963204,1.88018,23.79,0,1,0,0,0,0,0,0.5,6,4,34,0,0.2771407646015829,-0.19353009583571426
599,ClC=C(Cl)Cl,360.45,True,XSTXAVWGXDQKEL-UHFFFAOYSA-N,131.389,129.914383072,2.5017000000000005,0.0,0,0,0,0,0,0,0,0.0,5,3,30,0,0.1176031867403948,-0.0903590844896965
600,FC(Cl)(Cl)Cl,296.95,True,CYRMSUTZVYGINF-UHFFFAOYSA-N,137.368,135.90496126,2.2836,0.0,0,0,0,0,0,0,0,1.0,5,4,32,0,0.3332652876584487,-0.1891693418719329
601,ClC(Cl)Cl,334.37,True,HEDRZPFGACZZDS-UHFFFAOYSA-N,119.37800000000001,117.91438307199999,1.9864,0.0,0,0,0,0,0,0,0,1.0,4,3,26,0,0.18010663547779673,-0.08741152777904436
602,O=[N+]([O-])C(Cl)(Cl)Cl,385.25,True,LFHISGNCFUNFFM-UHFFFAOYSA-N,164.37500000000003,162.89946128,1.5908,43.14,0,2,0,0,0,0,0,1.0,7,6,42,0,0.4487069857899306,-0.26044934082533305
603,CCCCCCCCCCCCCO,425.25,True,XFRVVPUIAFSTFO-UHFFFAOYSA-N,200.36599999999996,200.21401551600002,4.289700000000004,20.23,1,1,11,0,0,0,0,1.0,14,1,86,0,0.043052407228889096,-0.39637656934228244
604,OCCN(CCO)CCO,623.25,True,GSEJCLTVZPLZKY-UHFFFAOYSA-N,149.19,149.10519334,-1.734699999999999,63.93000000000001,3,4,6,0,0,0,0,1.0,10,4,62,0,0.05580092448598239,-0.39504454192636634
605,CCOC(=O)CC(O)(CC(=O)OCC)C(=O)OCC,567.25,True,DOOTYTYQINUNNV-UHFFFAOYSA-N,276.28499999999997,276.12090298000004,0.18700000000000006,99.13000000000001,1,7,8,0,0,0,0,0.75,19,7,110,0,0.33884392141170666,-0.46587764397742953
606,CCOP(=O)(OCC)OCC,488.75,True,DQWPFSLDHJDLRL-UHFFFAOYSA-N,182.15599999999998,182.07079559,2.2039999999999997,44.760000000000005,0,4,6,0,0,0,0,1.0,11,5,68,0,0.4742480477050508,-0.2871683552461137
607,CCN(CC)CC,362.05,True,ZMANZCXQSJIPKH-UHFFFAOYSA-N,101.193,101.12044947999999,1.3481,3.24,0,1,3,0,0,0,0,1.0,7,1,44,0,-0.004743854124823915,-0.3041599430182366
608,OCCOCCOCCO,558.25,True,ZIBGPFATKBEMQZ-UHFFFAOYSA-N,150.174,150.089208928,-0.9958000000000002,58.92,2,4,7,0,0,0,0,1.0,10,4,62,0,0.07011417636253671,-0.39398032487450974
609,O=C(O)C(F)(F)F,345.65,True,DTQVDTLACAAQTR-UHFFFAOYSA-N,114.02200000000002,113.992863932,0.6333,37.3,1,1,0,0,0,0,0,0.5,7,5,42,0,0.49024031830700304,-0.4745811720256028
610,FC(F)(F)c1ccccc1,376.71,True,GETTZEONDQJALK-UHFFFAOYSA-N,146.111,146.03433482,2.705400000000001,0.0,0,0,0,1,1,0,0,0.14285714285714285,10,3,54,0,0.41590950251941283,-0.16613755000650515
611,COP(=O)(OC)OC,470.45,True,WVLBCYQITXONBZ-UHFFFAOYSA-N,140.075,140.02384539800002,1.0337,44.760000000000005,0,4,3,0,0,0,0,1.0,8,5,50,0,0.47346724969102466,-0.2902439117977184
612,CN(C)C,276.12,True,GETQZCLCWQTVFV-UHFFFAOYSA-N,59.111999999999995,59.073499287999994,0.17779999999999996,3.24,0,1,0,0,0,0,0,1.0,4,1,26,0,-0.014001049782722104,-0.31243196593173367
613,CCCN(CCC)CCC,429.25,True,YFTHZRPMJXBUME-UHFFFAOYSA-N,143.27399999999997,143.167399672,2.5184000000000006,3.24,0,1,6,0,0,0,0,1.0,10,1,62,0,-0.002137141865000792,-0.30336886719791284
614,CCCCCCCCCCC,469.15,True,RSJKGSCJYJTIGS-UHFFFAOYSA-N,156.313,156.187800768,4.537100000000004,0.0,0,0,8,0,0,0,0,1.0,11,0,68,0,-0.053305975542553626,-0.06538238322279266
615,CCCCCCCCCCCO,516.25,True,KJIOQYGWTQBHNH-UHFFFAOYSA-N,172.31199999999998,172.182715388,3.5095000000000023,20.23,1,1,9,0,0,0,0,1.0,12,1,74,0,0.043052407228889096,-0.39637656934228244
616,C=COC(C)=O,346.05,True,XTXRWKRVRITETP-UHFFFAOYSA-N,86.08999999999999,86.036779432,0.693,26.3,0,2,1,0,0,0,0,0.25,6,2,34,0,0.30691520483941015,-0.4353234316490274
617,CCCCOC=C,367.25,True,UZKWTJUDCOPSNM-UHFFFAOYSA-N,100.16099999999999,100.088815004,1.9465999999999999,9.23,0,1,4,0,0,0,0,0.6666666666666666,7,1,42,0,0.08724264616891268,-0.5018186780452695
618,ClC=C,287.05,True,BZHJMEDXRYGGRV-UHFFFAOYSA-N,62.499,61.992327775999996,1.3687,0.0,0,0,0,0,0,0,0,0.0,3,1,18,0,-0.0029594085237178614,-0.09359791565319732
619,C=CC#C,278.35,True,WFYPICNXBKQZGB-UHFFFAOYSA-N,52.076,52.031300128,0.8055999999999999,0.0,0,0,0,0,0,0,0,0.0,4,0,20,0,-0.019366042147325038,-0.115316465228295
620,O,373.224,True,XLYOFNOQVPJJNP-UHFFFAOYSA-N,18.015,18.010564684,-0.8247,31.5,0,0,0,0,0,0,0,0.0,1,1,8,0,-0.4115095219374226,-0.4115095219374226
621,CC(=C)c1ccccc1,438.65,True,XYLMUPLGERFSHI-UHFFFAOYSA-N,118.17899999999996,118.07825032,2.7197000000000005,0.0,0,0,1,1,1,0,0,0.1111111111111111,9,0,46,0,-0.02332520625238293,-0.09551616043242918
622,CC1=CCC2CC1C2(C)C,429.25,True,GRWFGVWFFZKLTI-UHFFFAOYSA-N,136.238,136.125200512,2.9987000000000013,0.0,0,0,0,3,0,3,0,0.8,10,0,56,0,-0.014892219704730342,-0.08501290675016873
623,CC1(C)C2CCC(=C)C1C2,439.25,True,WTARULDDTDQWMU-UHFFFAOYSA-N,136.238,136.125200512,2.9987000000000013,0.0,0,0,0,3,0,3,0,0.8,10,0,56,0,-0.014905781855990823,-0.09956033328791052
624,CC1CCC(=O)O1,481.25,True,GAEKPEKOJKCEMS-UHFFFAOYSA-N,100.11699999999999,100.052429496,0.7119,26.3,0,2,0,1,0,1,1,0.8,7,2,40,0,0.3056876596821109,-0.46264003197434184
625,OCCCCCCCC,467.95,True,KBPLFHHGFOOTCA-UHFFFAOYSA-N,130.231,130.135765196,2.3392,20.23,1,1,6,0,0,0,0,1.0,9,1,56,0,0.04305240722887934,-0.3963765693422825
626,OCC(CC1)CCC1C,348.25,True,OSINZLLLLCUKJH-UHFFFAOYSA-N,128.215,128.120115132,1.805,20.23,1,1,1,1,0,1,0,1.0,9,1,54,0,0.0458767704563652,-0.396088164492912
627,Clc1ccc(cc1)N(=O)=O,515.25,True,CZGCEKJOLUNIFY-UHFFFAOYSA-N,157.55599999999998,156.993056048,2.2482000000000006,43.14,0,2,1,1,1,0,0,0.0,10,4,52,0,0.2690274269930105,-0.25830962693941417
628,Nc1ccc(cc1)N(=O)=O,605.25,True,TYMLOMAKGOJONV-UHFFFAOYSA-N,138.126,138.042927432,1.177,69.16,1,3,1,1,1,0,0,0.0,10,4,52,0,0.26907480043028903,-0.3987220829005813
629,Oc1ccc(cc1)N(=O)=O,552.25,True,BTJIUGUIPKRLHP-UHFFFAOYSA-N,139.10999999999999,139.02694302,1.3003999999999998,63.37,1,3,1,1,1,0,0,0.0,10,4,52,0,0.2691949560161654,-0.5079581647909615
630,COc1ccc(C(C)=O)cc1,527.25,True,NTPLXRHDUXRPNE-UHFFFAOYSA-N,150.177,150.06807956,1.8978,26.3,0,2,2,1,1,0,0,0.2222222222222222,11,2,58,0,0.15930305126923566,-0.4967677897237497
631,CC(C)c1ccc(C(C)C)cc1,483.55,True,SPPWGCYEYAMHDT-UHFFFAOYSA-N,162.27599999999998,162.140850576,3.9334000000000033,0.0,0,0,2,1,1,0,0,0.5,12,0,66,0,-0.02188204747651175,-0.058682261490242645
632,ClC(=O)c1ccc(C(Cl)=O)cc1,532.25,True,LXEJRKJRKIFVNY-UHFFFAOYSA-N,203.02399999999997,201.958834728,2.4446000000000003,34.14,0,2,2,1,1,0,0,0.0,12,4,62,0,0.25188595025326116,-0.2756150158724331
633,O=N(=O)c1ccc(cc1)N(=O)=O,570.25,True,FYFDQJRXFWGIBS-UHFFFAOYSA-N,168.10799999999995,168.017106608,1.503,86.28,0,4,2,1,1,0,0,0.0,12,6,62,0,0.269429190579248,-0.258309581839723
634,OCCN(CC)CC,436.25,True,BFSVOASYOCHEOV-UHFFFAOYSA-N,117.192,117.1153641,0.32049999999999956,23.47,1,2,4,0,0,0,0,1.0,8,2,50,0,0.055797107120473165,-0.3950445740257861
635,C=Cc1ccncc1,338.25,True,KFDVPJUYSDEJTH-UHFFFAOYSA-N,105.13999999999999,105.057849224,1.7246000000000001,12.89,0,1,1,1,1,0,1,0.0,8,1,40,0,0.027325478776349495,-0.2646926541665777
636,O=CC1CC=CCC1,378.25,True,DCFDVJPDXYGCOK-UHFFFAOYSA-N,110.15599999999999,110.07316494,1.5415999999999999,17.07,0,1,1,1,0,1,0,0.5714285714285714,8,1,44,0,0.1228891367773498,-0.30307661132019925
637,SCc1ccccc1,468.25,True,UENWRTRMUIOCKN-UHFFFAOYSA-N,124.20799999999996,124.034671256,2.1163999999999996,0.0,1,1,1,1,1,0,0,0.14285714285714285,8,1,42,0,0.015376908016440266,-0.17455304060036086
638,N#Cc1cccnc1,480.15,True,GZPHSAQLYPIAIN-UHFFFAOYSA-N,104.11199999999998,104.037448128,0.9532799999999999,36.68,0,2,0,1,1,0,1,0.0,8,2,38,0,0.10074095790911473,-0.2633548696843816
639,ON=C1CCCCC1,483.25,True,VEZUQRBDRNJBJY-UHFFFAOYSA-N,113.16000000000001,113.084063972,1.7807,32.59,1,2,0,1,0,1,0,0.8333333333333334,8,2,46,0,0.057039254809389935,-0.41090534719466687
640,C=Cc1ccccn1,432.75,True,KGIGUEBEKRSTEW-UHFFFAOYSA-N,105.13999999999999,105.057849224,1.7246,12.89,0,1,1,1,1,0,1,0.0,8,1,40,0,0.062322376826116216,-0.25692223675749265
641,CCN1CCOCC1,412.25,True,HVCNXQOWACZAFN-UHFFFAOYSA-N,115.176,115.099714036,0.3385,12.47,0,2,1,1,0,1,1,1.0,8,2,48,0,0.05936189857618024,-0.3787927438647633
642,O=NN1CCCCC1,492.25,True,UWSDONTXWQOZFN-UHFFFAOYSA-N,114.14800000000001,114.07931294,1.1537,32.67,0,2,1,1,0,1,1,1.0,8,3,46,0,0.05234685913623733,-0.26090869999102845
643,Cc1cc(C=C)ccc1,443.25,True,JZHGRUMIRATHIU-UHFFFAOYSA-N,118.17899999999997,118.07825032,2.638020000000001,0.0,0,0,1,1,1,0,0,0.1111111111111111,9,0,46,0,-0.025991969215468973,-0.09846988607329349
644,CC(C)C[Al](CC(C)C)CC(C)C,359.25,True,MCULRUJILOGHCJ-UHFFFAOYSA-N,198.32999999999996,198.19281449399998,4.449200000000004,0.0,0,0,6,0,0,0,0,1.0,13,1,78,0,0.26211705133551916,-0.09151988231214397
645,CCCCCON(=O)=O,423.25,True,HSNWZBCBUUSSQD-UHFFFAOYSA-N,133.147,133.073893212,1.3849,52.37,0,3,5,0,0,0,0,1.0,9,4,54,0,0.29399471490384455,-0.313909585237073
646,ClP(Cl)(Cl)=O,379.05,True,XHXFXVLFKHQFAL-UHFFFAOYSA-N,153.33200000000002,151.87523429,2.8108999999999997,17.07,0,1,0,0,0,0,0,0.0,5,5,32,0,0.33914079244433065,-0.2711899367007073
647,O=C1CSCC1,448.25,True,DSXFPRKPFJRPIB-UHFFFAOYSA-N,102.158,102.013935812,0.6924,17.07,0,2,0,1,0,1,1,0.75,6,2,34,0,0.14306567247197072,-0.2987493036337664
648,O=C1SCCC1,470.25,True,KMSNYNIWEORQDJ-UHFFFAOYSA-N,102.158,102.013935812,1.04,17.07,0,2,0,1,0,1,1,0.75,6,2,34,0,0.188472965459259,-0.2872328050255083
649,O=Cc1[nH]ccc1,491.25,True,ZSKGQVFRTSEPJT-UHFFFAOYSA-N,95.10099999999997,95.03711378,0.8271999999999999,32.86,1,1,1,1,1,0,1,0.0,7,2,36,0,0.1657356985966464,-0.35904294220634103
650,CCOc1ccc(C=O)cc1,523.25,True,JRHHJNMASOIRDS-UHFFFAOYSA-N,150.177,150.06807956,1.8978,26.3,0,2,3,1,1,0,0,0.2222222222222222,11,2,58,0,0.14955258132185154,-0.49388933828074383
651,CCCCCCC1CC(CO1)OC(C)=O,549.25,True,IAJCTZJZXRAPDK-UHFFFAOYSA-N,214.30499999999995,214.156894564,2.6774000000000013,35.53,0,3,6,1,0,1,1,0.9166666666666666,15,3,88,0,0.30248574341726214,-0.4599997020581087
652,ClCC=CCl,381.25,True,UOORRWUZONOOLO-UHFFFAOYSA-N,110.971,109.969005488,1.9777,0.0,0,0,1,0,0,0,0,0.3333333333333333,5,2,30,0,0.04150878654180268,-0.1221651373758362
653,ClCC=C(C)Cl,404.25,True,WLIADPFXSACYLS-UHFFFAOYSA-N,124.998,123.98465555199999,2.3678,0.0,0,0,1,0,0,0,0,0.5,6,2,36,0,0.04176487702554267,-0.12215458732211018
654,CCCCC(=O)c1ccccc1,518.25,True,XKGLSKVNOSHTAD-UHFFFAOYSA-N,162.232,162.104465068,3.0595000000000017,17.07,0,1,4,1,1,0,0,0.36363636363636365,12,1,64,0,0.1623721296871752,-0.29419625755685863
655,CCCC(OC(C)(C)Cc1ccccc1)=O,528.25,True,SHSGYHAHMQLYRB-UHFFFAOYSA-N,220.312,220.14632988,3.3510000000000018,26.3,0,2,5,1,1,0,0,0.5,16,2,88,0,0.30581164700437974,-0.45929812603360776
656,CC(C(O)=O)Oc(ccc1)cc1Cl,373.25,True,YNTJKQDWYXUTLZ-UHFFFAOYSA-N,200.62099999999998,200.024021828,2.1919000000000004,46.53,1,2,3,1,1,0,0,0.2222222222222222,13,4,70,0,0.3440936818259299,-0.47898457496995445
657,COC(=O)Cc1ccccc1,488.25,True,CRZQGDNQQAALAY-UHFFFAOYSA-N,150.177,150.06807956,1.4021,26.3,0,2,2,1,1,0,0,0.2222222222222222,11,2,58,0,0.30947665547201986,-0.46875165979967304
658,COC(OC)Cc1ccccc1,494.25,True,WNJSKZBEWNVKGU-UHFFFAOYSA-N,166.22,166.099379688,1.8479999999999999,18.46,0,2,4,1,1,0,0,0.4,12,2,66,0,0.16031110332385248,-0.35556749047207903
659,Nc1ccc(Nc2ccccc2)cc1,627.25,True,ATGUVEKSASEFFO-UHFFFAOYSA-N,184.24200000000002,184.100048384,3.0124000000000013,38.05,2,2,2,2,2,0,0,0.0,14,2,70,0,0.03852197461985208,-0.39872678261919114
660,O=C=Nc(cc1)ccc1Cc1ccc(cc1)N=C=O,469.25,True,UPMLOUAZCHDJJD-UHFFFAOYSA-N,250.25699999999995,250.07422756,3.2120000000000024,58.86,0,4,4,2,2,0,0,0.06666666666666667,19,4,92,0,0.2400070161719085,-0.21096862325522897
661,Nc1ccc(Oc(cc2)ccc2N)cc1,573.25,True,HLBLWEWZXPIGSM-UHFFFAOYSA-N,200.241,200.094963004,2.6433,61.269999999999996,2,3,2,2,2,0,0,0.0,15,3,76,0,0.12707972474727325,-0.4573792324887019
662,C(c1ccccc1)c1ccccc1,537.75,True,CZZYITDELCSZES-UHFFFAOYSA-N,168.239,168.093900384,3.277400000000002,0.0,0,0,2,2,2,0,0,0.07692307692307693,13,0,64,0,-0.002577562398651189,-0.06224836070985519
663,C(CC1)CCC1NC1CCCCC1,529.05,True,XBPCUCUWBYBCDP-UHFFFAOYSA-N,181.32299999999995,181.183049736,3.2414000000000023,12.03,1,1,2,2,0,2,0,1.0,13,1,76,0,0.006960531024376656,-0.311233701372739
664,O(c1ccccc1)c1ccccc1,531.25,True,USIUVYZYUHIAEV-UHFFFAOYSA-N,170.211,170.07316494,3.478900000000002,9.23,0,1,2,2,2,0,0,0.0,13,1,64,0,0.1269277489093993,-0.45738459774589524
665,Cc1ccc(OC(=O)Cc2ccccc2)cc1,583.25,True,OJEQSSJFSNLMLB-UHFFFAOYSA-N,226.27500000000003,226.099379688,3.1431200000000015,26.3,0,2,3,2,2,0,0,0.13333333333333333,17,2,86,0,0.31515155935283345,-0.4262860613199174
666,CCOC(=O)Nc1ccccc1,511.25,True,LBKPGNUOUPTQKA-UHFFFAOYSA-N,165.192,165.078978592,2.255,38.33,1,2,2,1,1,0,0,0.2222222222222222,12,3,64,0,0.4111018076372226,-0.4496076320839766
667,CC(C)Nc(n1)nc(SC)nc1NC,612.25,True,HCRWJJJUKUVORR-UHFFFAOYSA-N,213.31,213.10481647999998,1.4554999999999998,62.730000000000004,2,6,4,1,1,0,1,0.625,14,6,78,0,0.22819010237590592,-0.3571214917395336
668,CSCC=C,366.25,True,NVLPQIPTCCLBEU-UHFFFAOYSA-N,88.175,88.034671256,1.5354,0.0,0,1,2,0,0,0,0,0.5,5,1,30,0,0.01074633709037012,-0.16128999901430918
669,O=C(Cc1ccccc1)Cc1ccccc1,604.25,True,YFKBXYGUSOXJGS-UHFFFAOYSA-N,210.27599999999998,210.104465068,3.0409000000000015,17.07,0,1,4,2,2,0,0,0.13333333333333333,16,1,80,0,0.1411207371618759,-0.29896652156971787
670,O=C(Nc1ccccc1)Nc1ccccc1,533.25,True,GWEHVDNNLFDJLR-UHFFFAOYSA-N,212.25199999999998,212.094963004,3.3306000000000013,41.13,2,1,2,2,2,0,0,0.0,16,3,80,0,0.3231784291863308,-0.30772181648939506
671,O=C(Oc1ccccc1)Oc1ccccc1,579.25,True,ROORDVPLFPIABK-UHFFFAOYSA-N,214.21999999999997,214.06299418,3.264400000000002,35.53,0,3,2,2,2,0,0,0.0,16,3,80,0,0.5189243309988207,-0.39471884462288653
672,CC(C)COC(=O)Cc1ccccc1,520.25,True,RJASFPFZACBKBE-UHFFFAOYSA-N,192.258,192.115029752,2.4283,26.3,0,2,4,1,1,0,0,0.4166666666666667,14,2,76,0,0.3097621177148535,-0.46515797176088536
673,O=C(OCc1ccccc1)Cc1ccccc1,593.25,True,MIYFJEKZLFWKLZ-UHFFFAOYSA-N,226.27499999999998,226.099379688,2.972500000000001,26.3,0,2,4,2,2,0,0,0.13333333333333333,17,2,86,0,0.3100900898386624,-0.4605569705841003
674,CCNc(ccc1)cc1C,494.25,True,GUYMMHOQXYZMJQ-UHFFFAOYSA-N,135.20999999999995,135.104799416,2.42682,12.03,1,1,2,1,1,0,0,0.3333333333333333,10,1,54,0,0.03422041905454171,-0.3853168624598868
675,COc(ccc1N)cc1C,521.75,True,CDGNLUSBENXDGG-UHFFFAOYSA-N,137.182,137.084063972,1.5858199999999998,35.25,1,2,1,1,1,0,0,0.25,10,2,54,0,0.11877481498927994,-0.49675546653118713
676,C=CCN(CC=C)CC=C,428.75,True,VPYJNCGUESNPMV-UHFFFAOYSA-N,137.22599999999997,137.12044948,1.8464,3.24,0,1,6,0,0,0,0,0.3333333333333333,10,1,56,0,0.016672072597695677,-0.2924204891220962
677,CC(OCC(COC(C)=O)OC(C)=O)=O,532.25,True,URAYPUMNDPQOKB-UHFFFAOYSA-N,218.20499999999996,218.079038168,0.044299999999999784,78.9,0,6,5,0,0,0,0,0.6666666666666666,15,6,86,0,0.30265255720774037,-0.46178258082648094
678,BrC(Br)(C#N)C(=O)N,463.25,True,UUIVKBHZENILKB-UHFFFAOYSA-N,241.86999999999998,239.853386884,0.48138000000000003,66.88,1,2,1,0,0,0,0,0.3333333333333333,8,5,44,0,0.2593654513083806,-0.3667606980065132
679,BrB(Br)Br,364.55,True,ILAHWRKJUDSMFH-UHFFFAOYSA-N,250.524,247.76431670000002,2.156,0.0,0,0,0,0,0,0,0,0.0,4,4,24,0,0.36900550339747706,-0.12300183446582567
680,ClB(Cl)Cl,285.75,True,FAQYAMRNWDIXMY-UHFFFAOYSA-N,117.171,115.91586344,1.6877,0.0,0,0,0,0,0,0,0,0.0,4,4,24,0,0.4500496773269043,-0.15001655910896813
681,CCCCC(CC)COC(=O)C=C,491.25,True,GOXQRTZXKQZDDN-UHFFFAOYSA-N,184.27899999999997,184.14632988,2.9320000000000013,26.3,0,2,7,0,0,0,0,0.7272727272727273,13,2,76,0,0.3296480407749041,-0.4622508772042368
682,CCCCC(CC)COC(CCCCC(OCC(CC)CCCC)=O)=O,487.25,True,SAOKZLXYCUGLFA-UHFFFAOYSA-N,370.5740000000002,370.30830982399993,6.066000000000007,52.6,0,4,17,0,0,0,0,0.9090909090909091,26,4,154,0,0.30528790637448405,-0.46537970971815246
683,COC(CCc1ccccc1)=O,365.25,True,RPUSRLKKXPQSGP-UHFFFAOYSA-N,164.20399999999998,164.083729624,1.7922,26.3,0,2,3,1,1,0,0,0.3,12,2,64,0,0.3053400331140199,-0.4689869774859604
684,CC(C)C(OCc1ccccc1)=O,503.25,True,UIKJRDSCEYGECG-UHFFFAOYSA-N,178.231,178.099379688,2.3858000000000006,26.3,0,2,3,1,1,0,0,0.36363636363636365,13,2,70,0,0.30819895970114114,-0.4606123429379674
685,CCCC(OCc1ccccc1)=O,513.25,True,VONGZNXBKCOUHB-UHFFFAOYSA-N,178.231,178.099379688,2.5299000000000005,26.3,0,2,4,1,1,0,0,0.36363636363636365,13,2,70,0,0.30560472033475083,-0.46080087498193306
686,CC(C)CC(OCc1ccccc1)=O,389.25,True,HVJKZICIMIWFCP-UHFFFAOYSA-N,192.258,192.115029752,2.775900000000001,26.3,0,2,4,1,1,0,0,0.4166666666666667,14,2,76,0,0.3058763183893924,-0.46079342637845006
687,CC(OCCc1ccccc1)=O,512.25,True,MDHYEMXUFSJLGV-UHFFFAOYSA-N,164.20399999999998,164.083729624,1.7922,26.3,0,2,3,1,1,0,0,0.3,12,2,64,0,0.3021342050184882,-0.46552389494585383
688,CC(C)C(OCCc1ccccc1)=O,503.25,True,JDQVBGQWADMTAM-UHFFFAOYSA-N,192.258,192.115029752,2.428300000000001,26.3,0,2,4,1,1,0,0,0.4166666666666667,14,2,76,0,0.3078724949039437,-0.4651328098599909
689,O(Cc1ccccc1)Cc1ccccc1,571.25,True,MHDVGSVTJDSBDK-UHFFFAOYSA-N,198.265,198.104465068,3.403400000000002,9.23,0,1,4,2,2,0,0,0.14285714285714285,15,1,76,0,0.07209664108064073,-0.3720967403051906
690,CC(C)C(OCCOc1ccccc1)=O,400.25,True,MJTPMXWJHPOWGH-UHFFFAOYSA-N,208.257,208.109944372,2.2646000000000006,35.53,0,3,5,1,1,0,0,0.4166666666666667,15,3,82,0,0.30798655808894715,-0.49004432066179227
691,CCNc1ccccc1,477.75,True,OJGMBLNIHDZDGS-UHFFFAOYSA-N,121.18299999999995,121.08914935199999,2.1184,12.03,1,1,2,1,1,0,0,0.25,9,1,48,0,0.033954008066378334,-0.3853248321134123
692,O=CNc1ccccc1,544.25,True,DYDNPESBYVVLBO-UHFFFAOYSA-N,121.13899999999995,121.052763844,1.2549,29.1,1,1,2,1,1,0,0,0.0,9,2,46,0,0.21101246116160846,-0.3286980306285245
693,OCCc1ccccn1,463.25,True,BXGYBSJAZFGIPX-UHFFFAOYSA-N,123.15499999999997,123.068413908,0.6164,33.120000000000005,1,2,2,1,1,0,1,0.2857142857142857,9,2,48,0,0.04860486179454706,-0.3959710954927907
694,CC(=O)Cc1ccccc1,487.25,True,QCCDLTOVEPVEJK-UHFFFAOYSA-N,134.17799999999997,134.07316494,1.8181,17.07,0,1,2,1,1,0,0,0.2222222222222222,10,1,52,0,0.13369579770425558,-0.29965579580251406
695,OC(=O)Cc1ccccc1,488.25,True,WLJVXDMOQOGPHL-UHFFFAOYSA-N,136.14999999999998,136.052429496,1.3137,37.3,1,1,2,1,1,0,0,0.125,10,2,52,0,0.3073147590435002,-0.4809861733231742
696,CC(=O)Nc1ccccc1,577.25,True,FZERHIULMFGESH-UHFFFAOYSA-N,135.16599999999997,135.068413908,1.6449999999999998,29.1,1,1,1,1,1,0,0,0.125,10,2,52,0,0.22074740345902855,-0.3263390909376533
697,COc1ccc(CC(O)=O)cc1,413.25,True,NRPFNQUDKRYCNX-UHFFFAOYSA-N,166.176,166.06299418,1.3223,46.53,1,2,3,1,1,0,0,0.2222222222222222,12,3,64,0,0.30731479598868977,-0.49676821546612693
698,O=CCc(cc1)ccc1C,495.25,True,CIXAYNMKFFQEFU-UHFFFAOYSA-N,134.17799999999997,134.07316494,1.73642,17.07,0,1,2,1,1,0,0,0.2222222222222222,10,1,52,0,0.12386049645561215,-0.30302837742795796
699,Clc1ccc(cc1)N=C=O,477.25,True,ADAKRBAJFHTIEW-UHFFFAOYSA-N,153.56799999999998,152.998141428,2.3073000000000006,29.43,0,2,1,1,1,0,0,0.0,10,3,50,0,0.24000702659778142,-0.21096862321557525
700,Cc1ccc(cc1)S(O)(=O)=O,413.25,True,JOXIMZWYDAKGHI-UHFFFAOYSA-N,172.20499999999998,172.019415116,1.24172,54.37,1,2,1,1,1,0,0,0.14285714285714285,11,4,60,0,0.2940107853786779,-0.2817918818556824
701,COc1ccc(CCC(C)=O)cc1,426.25,True,PCBSXBYCASFXTM-UHFFFAOYSA-N,178.231,178.099379688,2.2168,26.3,0,2,4,1,1,0,0,0.36363636363636365,13,2,70,0,0.12967082345176967,-0.49676821883714123
702,COc1ccc(COC(C)=O)cc1,410.25,True,HFNGYHHRRMSKEU-UHFFFAOYSA-N,180.203,180.078644244,1.7583,35.53,0,3,3,1,1,0,0,0.3,13,3,70,0,0.3024607201804533,-0.49676818326892164
703,CCCc(cc1)ccc1OC,486.25,True,KBHWKXNXTURZCD-UHFFFAOYSA-N,150.22099999999995,150.104465068,2.6477000000000013,9.23,0,1,3,1,1,0,0,0.4,11,1,60,0,0.11837773574254563,-0.49676821884911265
704,CCCCC1OC(CC1)=O,507.25,True,IPBFYZQJXZJBFQ-UHFFFAOYSA-N,142.19799999999998,142.099379688,1.8821999999999999,26.3,0,2,3,1,0,1,1,0.875,10,2,58,0,0.3056979856368807,-0.46234512742001166
705,O=CCCc1ccccc1,371.25,True,YGCZTXZTJXYWCO-UHFFFAOYSA-N,134.17799999999997,134.07316494,1.8181,17.07,0,1,3,1,1,0,0,0.2222222222222222,10,1,52,0,0.11982142672138138,-0.30339019224718417
706,O=COCc1ccccc1,476.25,True,UYWQUFXKFGHYNT-UHFFFAOYSA-N,136.14999999999998,136.052429496,1.3596,26.3,0,2,3,1,1,0,0,0.125,10,2,52,0,0.29291400077904456,-0.46302674346149275
707,CCCCCC1OC(CC1)=O,407.25,True,OALYTRUKMRCXNH-UHFFFAOYSA-N,156.22499999999997,156.115029752,2.2723000000000004,26.3,0,2,4,1,0,1,1,0.8888888888888888,11,2,64,0,0.3056979856420458,-0.4623451259281576
708,O=COCCc1ccccc1,499.25,True,IKDIJXDZEYHZSD-UHFFFAOYSA-N,150.177,150.06807956,1.4021000000000001,26.3,0,2,4,1,1,0,0,0.2222222222222222,11,2,58,0,0.29258686559453256,-0.46754720546281053
709,CCCCCCCCCCc1ccccc1,571.25,True,UZILCZKGXMQEQR-UHFFFAOYSA-N,218.38400000000001,218.203450832,5.369800000000005,0.0,0,0,9,1,1,0,0,0.625,16,0,90,0,-0.027887227939307323,-0.06538238322279266
710,CCCCC(CO)CC,457.59,True,YIWUKEYIRIRTPP-UHFFFAOYSA-N,130.23099999999997,130.135765196,2.1951,20.23,1,1,5,0,0,0,0,1.0,9,1,56,0,0.0458662459549641,-0.3960883514176953
711,ClCc(cc1)ccc1C,475.25,True,DMHZDOTYAVHSEH-UHFFFAOYSA-N,140.61299999999997,140.039277968,2.7338200000000006,0.0,0,0,1,1,1,0,0,0.25,9,1,48,0,0.04735664994807759,-0.12155111594150236
712,ClCc(cc1)ccc1Cl,496.25,True,JQZAEUFPPSRDOP-UHFFFAOYSA-N,161.03099999999995,159.984655552,3.078800000000001,0.0,0,0,1,1,1,0,0,0.14285714285714285,9,2,48,0,0.04735805745538224,-0.12155110437001979
713,Cc1ccc(C=O)cc1,477.25,True,FXLOVSHXALFLKQ-UHFFFAOYSA-N,120.15099999999998,120.057514876,1.80752,17.07,0,1,1,1,1,0,0,0.125,9,1,46,0,0.14954836042876915,-0.29789640886751306
714,CCc(cn1)ccc1C,451.05,True,NTSLROIKFLNUIJ-UHFFFAOYSA-N,121.18299999999996,121.08914935199999,1.9524199999999998,12.89,0,1,1,1,1,0,1,0.375,9,1,48,0,0.0372366799611105,-0.26132413326825754
715,COc(cc1)ccc1C,448.75,True,CHLICZRVGGXEOD-UHFFFAOYSA-N,122.16699999999997,122.07316494,2.0036199999999997,9.23,0,1,1,1,1,0,0,0.25,9,1,48,0,0.11837738457272944,-0.49676822175454044
716,COc(cc1)ccc1N,516.25,True,BHAAPTBBJKJZER-UHFFFAOYSA-N,123.15499999999999,123.068413908,1.2773999999999999,35.25,1,2,1,1,1,0,0,0.14285714285714285,9,2,48,0,0.11850965849470418,-0.4967658936287139
717,CCC(O)(C)CCc1ccccc1,385.75,True,AEJRTNBCFUOSEM-UHFFFAOYSA-N,178.275,178.135765196,2.7802000000000016,20.23,1,1,4,1,1,0,0,0.5,13,1,72,0,0.061991840016481566,-0.39018230972913165
718,CCCCCCCCCCCCC=O,409.25,True,BGEHHAVMRVXCGR-UHFFFAOYSA-N,198.34999999999997,198.198365452,4.496300000000004,17.07,0,1,11,0,0,0,0,0.9230769230769231,14,1,84,0,0.11949019867032569,-0.3034029081494581
719,CC(C)COC(CCc1occc1)=O,378.25,True,SVDPTFHRRNUNRS-UHFFFAOYSA-N,196.246,196.109944372,2.4114000000000004,39.44,0,3,5,1,1,0,1,0.5454545454545454,14,3,78,0,0.3057466198245646,-0.46935199324595217
720,OCC1CCC(CO)CC1,559.25,True,YIMQCDZDWXUDCA-UHFFFAOYSA-N,144.21399999999997,144.115029752,0.7773999999999999,40.46,2,2,2,1,0,1,0,1.0,10,2,60,0,0.045876796897643735,-0.396088164387415
721,COc1ccc(CO)cc1,533.25,True,MSHFRERJPWKJFX-UHFFFAOYSA-N,138.166,138.06807956,1.1874999999999998,29.46,1,2,2,1,1,0,0,0.25,10,2,54,0,0.1183806346987555,-0.49676819484921514
722,CCOC(CBr)=O,441.75,True,PQJJJMRNHATNKG-UHFFFAOYSA-N,167.00199999999998,165.962941564,0.9444000000000001,26.3,0,2,2,0,0,0,0,0.75,7,3,42,0,0.31604487957619193,-0.4653560331603507
723,CCOC(CC)=O,372.45,True,FKRCODPIKNYEAC-UHFFFAOYSA-N,102.133,102.06807956,0.9595,26.3,0,2,2,0,0,0,0,0.8,7,2,42,0,0.304986319783951,-0.4659767306979968
724,CCOC(CCl)=O,419.25,True,VEUUMBGHMNQHGO-UHFFFAOYSA-N,122.551,122.013457144,0.7883,26.3,0,2,2,0,0,0,0,0.75,7,3,42,0,0.3203628052711666,-0.46509472173016025
725,CCOC(=O)NC,443.25,True,SURZCVYFPAXNGN-UHFFFAOYSA-N,103.121,103.063328528,0.3623,38.33,1,2,1,0,0,0,0,0.75,7,3,42,0,0.40635202888801863,-0.44986598753181967
726,CCC(C)CC(N)C,405.75,True,YAHRDLICUYEDAU-UHFFFAOYSA-N,115.22,115.13609954399999,1.7698,26.02,1,1,3,0,0,0,0,1.0,8,1,50,0,0.0012966792387341078,-0.327977140353894
727,CCC(C)CC(O)=O,471.25,True,IGIDLTISMCAULB-UHFFFAOYSA-N,116.15999999999998,116.083729624,1.5072,37.3,1,1,3,0,0,0,0,0.8333333333333334,8,2,48,0,0.30311103881751256,-0.4812229374116284
728,COC(CC(C)=O)=O,444.95,True,WRQNANDWMGAFTP-UHFFFAOYSA-N,116.11599999999999,116.047344116,0.13849999999999985,43.370000000000005,0,3,2,0,0,0,0,0.6,8,3,46,0,0.31251795989786135,-0.468673187720123
729,CCOC(CC(OCC)=O)=O,473.25,True,IYXGSMUGOJNHAZ-UHFFFAOYSA-N,160.16899999999998,160.073558864,0.5026999999999999,52.6,0,4,4,0,0,0,0,0.7142857142857143,11,4,64,0,0.3166348316492712,-0.46554520948592226
730,CCOC(CCC)=O,394.25,True,OBNCKNCVKJNDBV-UHFFFAOYSA-N,116.16,116.083729624,1.3496000000000001,26.3,0,2,3,0,0,0,0,0.8333333333333334,8,2,48,0,0.30525680561770935,-0.46596933451826794
731,CCOC(CC#N)=O,478.25,True,ZIUSEGSNTOUIPT-UHFFFAOYSA-N,113.116,113.047678464,0.46318000000000004,50.089999999999996,0,3,2,0,0,0,0,0.6,8,3,44,0,0.3196462850167559,-0.4652145857787642
732,CCOC(OCC)=O,399.25,True,OIFBSDVPJOWBCH-UHFFFAOYSA-N,118.13199999999999,118.06299418,1.1794,35.53,0,3,2,0,0,0,0,0.8,8,3,48,0,0.5077358221025684,-0.43458785003783723
733,OCCN(C)CCO,518.25,True,CRVGTESFCCXCTH-UHFFFAOYSA-N,119.16399999999999,119.094628656,-1.0972,43.7,2,3,4,0,0,0,0,1.0,8,3,50,0,0.05578721661716362,-0.395044774103398
734,O=C1NCCCCC1,543.25,True,JBKVHLHDHHXQEQ-UHFFFAOYSA-N,113.16000000000001,113.084063972,0.6765999999999999,29.1,1,1,0,1,0,1,1,0.8333333333333334,8,2,46,0,0.21949405032902755,-0.3561070295708626
735,CCCOC(CCC)=O,416.25,True,HUAZGNHGCJGYNP-UHFFFAOYSA-N,130.18699999999998,130.099379688,1.7397,26.3,0,2,4,0,0,0,0,0.8571428571428571,9,2,54,0,0.30526672491010765,-0.46568618435369896
736,Cc(ccc1O)cc1C,484.75,True,KUFFULVDNCHOFZ-UHFFFAOYSA-N,122.16699999999999,122.07316494,2.0090399999999997,20.23,1,1,0,1,1,0,0,0.25,9,1,48,0,0.11799932341781073,-0.5076869366940918
737,CC(C)CCOC(CC)=O,434.25,True,XAOGXQMKWQFZEM-UHFFFAOYSA-N,144.21399999999997,144.115029752,1.9857,26.3,0,2,4,0,0,0,0,0.875,10,2,60,0,0.3049965789427499,-0.4656717719704307
738,O=C1OCCOC(CCCCCCCCCCC1)=O,415.25,True,XRHCAGNSDHCHFJ-UHFFFAOYSA-N,270.36899999999986,270.183109312,3.377500000000002,52.6,0,4,0,1,0,1,1,0.8666666666666667,19,4,110,0,0.30540293347555164,-0.46204395761601547
739,OCCCCCc1ccccc1,428.25,True,DPZMVZIQRMVBBW-UHFFFAOYSA-N,164.24800000000002,164.120115132,2.3917,20.23,1,1,5,1,1,0,0,0.45454545454545453,12,1,66,0,0.043052596776326425,-0.3963765677788109
740,ClSCl,332.25,True,FWMUJAIKEJWSSY-UHFFFAOYSA-N,102.97300000000001,101.90977636,2.0271999999999997,0.0,0,1,0,0,0,0,0,0.0,3,3,20,0,0.05226276305124982,-0.02613138152562491
741,CCN(C)N=O,436.25,True,RTDCJKARQCRONF-UHFFFAOYSA-N,88.11,88.063662876,0.6194999999999999,32.67,0,2,2,0,0,0,0,1.0,6,3,36,0,0.05206393256539289,-0.26424031668924935
742,CC(=O)c1cc(C)oc1C,335.25,True,KBSVBCHYXYXDAG-UHFFFAOYSA-N,138.16599999999997,138.06807956,2.09904,30.21,0,2,1,1,1,0,1,0.375,10,2,54,0,0.1628094548636253,-0.4659035405737005
743,O=C1CCCCCCCCCCCCCCO1,410.25,True,FKUPPRZPSYCDRS-UHFFFAOYSA-N,240.38699999999992,240.208930136,4.614500000000004,26.3,0,2,0,1,0,1,1,0.9333333333333333,17,2,100,0,0.30527751551233107,-0.46567500452711613
744,CCCCCCCCCCCC(OCCCC)=O,453.25,True,NDKYEUQMPZIGFN-UHFFFAOYSA-N,256.42999999999995,256.240230264,5.250600000000005,26.3,0,2,13,0,0,0,0,0.9375,18,2,108,0,0.3052775141617927,-0.465675191765929
745,OCCC(C)CCC=C(C)C,497.25,True,QMVPMAAFGQKVCJ-UHFFFAOYSA-N,156.269,156.15141526,2.7513000000000014,20.23,1,1,5,0,0,0,0,0.8,11,1,66,0,0.04330667182593248,-0.39636589335372435
746,CC(C)CCOC(CCC)=O,452.25,True,PQLMXFQTAMDXIZ-UHFFFAOYSA-N,158.24099999999999,158.130679816,2.375800000000001,26.3,0,2,5,0,0,0,0,0.8888888888888888,11,2,66,0,0.30526706474485876,-0.46566437578616593
747,CCCCCCC(OCC)=O,462.25,True,TVQGDYNRXLTQAP-UHFFFAOYSA-N,158.24099999999999,158.130679816,2.5199000000000007,26.3,0,2,6,0,0,0,0,0.8888888888888888,11,2,66,0,0.305267425653484,-0.4659692078794566
748,CCCC(OC(CCC)=O)=O,473.25,True,YHASWHZGWUONAO-UHFFFAOYSA-N,158.19699999999997,158.094294308,1.6563999999999999,43.370000000000005,0,3,4,0,0,0,0,0.75,11,3,64,0,0.31291814073042146,-0.3931474813867636
749,CCCCCCCC(OCC)=O,481.25,True,YYZUSRORWSJGET-UHFFFAOYSA-N,172.26799999999997,172.14632988,2.910000000000002,26.3,0,2,7,0,0,0,0,0.9,12,2,72,0,0.30526742565897524,-0.4659692078794497
750,CCCCCCCCCCCC(OCC)=O,544.25,True,MMXKVMNBHPAILY-UHFFFAOYSA-N,228.37599999999995,228.208930136,4.470400000000004,26.3,0,2,11,0,0,0,0,0.9285714285714286,16,2,96,0,0.3052674256589853,-0.4659692078794497
751,CCCCC(CC)=O,420.25,True,NGAZZOYFWWSOGK-UHFFFAOYSA-N,114.18799999999999,114.104465068,2.1557000000000004,17.07,0,1,4,0,0,0,0,0.8571428571428571,8,1,48,0,0.1321362462126747,-0.29972928203016475
752,CCCOC(CC)=O,397.25,True,MCSINKKTEDDPNK-UHFFFAOYSA-N,116.15999999999998,116.083729624,1.3496000000000001,26.3,0,2,3,0,0,0,0,0.8333333333333334,8,2,48,0,0.30499623910753,-0.46569358053783955
753,Nc1ccc(Br)cc1,492.95,True,WDFQBORIUYODSI-UHFFFAOYSA-N,172.02500000000003,170.968361292,2.0313,26.02,1,1,0,1,1,0,0,0.0,8,2,42,0,0.03142685984050898,-0.39872778567861
754,Oc1ccc(C)cc1,475.15,True,IWDCLRJOBJJRNH-UHFFFAOYSA-N,108.13999999999999,108.057514876,1.70062,20.23,1,1,0,1,1,0,0,0.14285714285714285,8,1,42,0,0.11509448895139268,-0.5079666481555334
755,Cc1ccc(S)cc1,468.25,True,WLHCBQAPPJAULW-UHFFFAOYSA-N,124.20799999999998,124.034671256,2.2837199999999998,0.0,1,1,0,1,1,0,0,0.14285714285714285,8,1,42,0,0.004011539994120081,-0.14342655785724778
756,Nc1ccc(Cl)cc1,505.25,True,QSNSCYSYFYORTR-UHFFFAOYSA-N,127.574,127.01887687199999,1.9222,26.02,1,1,0,1,1,0,0,0.0,8,2,42,0,0.04069947851972144,-0.39872744733106535
757,Nc1ccc(C)cc1,473.65,True,RZXMPPFPUUCRFN-UHFFFAOYSA-N,107.15599999999999,107.073499288,1.57722,26.02,1,1,0,1,1,0,0,0.14285714285714285,8,1,42,0,0.03136724816814624,-0.3987285645842668
758,Nc1ccc(N)cc1,540.25,True,CBCKQZAAMUWICA-UHFFFAOYSA-N,108.144,108.06874825599999,0.8510000000000002,52.04,2,2,0,1,1,0,0,0.0,8,2,42,0,0.031499427610448376,-0.3987267865528651
759,CC(C)COC(=O)C=C,405.25,True,CFVWNXQPGQOHRJ-UHFFFAOYSA-N,128.17099999999996,128.083729624,1.3716000000000002,26.3,0,2,3,0,0,0,0,0.5714285714285714,9,2,52,0,0.32964769884772116,-0.4622729123632779
760,COC(CCC(OC)=O)=O,468.55,True,MUXOBHXGJLMRAB-UHFFFAOYSA-N,146.142,146.0579088,0.11259999999999981,52.6,0,4,3,0,0,0,0,0.6666666666666666,10,4,58,0,0.30559485280552606,-0.4689839717471165
761,CCCCCC(CC)=O,440.75,True,RHLVCLIPMVJYKS-UHFFFAOYSA-N,128.215,128.120115132,2.5458000000000007,17.07,0,1,5,0,0,0,0,0.875,9,1,54,0,0.13213642248814716,-0.29972928053425624
762,CCCCCC(OC)=O,423.25,True,NUKZAGXMHTUAFE-UHFFFAOYSA-N,130.18699999999998,130.099379688,1.7397,26.3,0,2,4,0,0,0,0,0.8571428571428571,9,2,54,0,0.30500183741330067,-0.4689954278244128
763,CCCCCCC(OC)=O,447.25,True,XNCNNDVCAUWAIT-UHFFFAOYSA-N,144.21399999999997,144.115029752,2.1298000000000004,26.3,0,2,5,0,0,0,0,0.875,10,2,60,0,0.30500183885085225,-0.4689954278205985
764,CCOCCOC(=O)C=C,447.25,True,FWWXYLGCHHIKNY-UHFFFAOYSA-N,144.17,144.078644244,0.7521,35.53,0,3,5,0,0,0,0,0.5714285714285714,10,3,58,0,0.32972234284606017,-0.4600909672935882
765,C1OC1C1CC2OC2CC1,500.25,True,OECTYKWYRCHAKR-UHFFFAOYSA-N,140.182,140.083729624,0.9526999999999999,25.06,0,2,1,3,0,3,2,1.0,10,2,56,0,0.08450861151154992,-0.3728265793219472
766,CCC1OC1,336.65,True,RBACIKXCRWGCBB-UHFFFAOYSA-N,72.107,72.057514876,0.7952,12.53,0,1,1,1,0,1,1,1.0,5,1,30,0,0.080689508472653,-0.3731417851211281
767,ClCC1OC1,391.15,True,BRLQWZUYTZBJKN-UHFFFAOYSA-N,92.525,92.00289246,0.624,12.53,0,1,1,1,0,1,1,1.0,5,2,30,0,0.09443704728685037,-0.3718344373926424
768,C=CC(OCC1OC1)=O,330.25,True,RPQRDASANLAFCM-UHFFFAOYSA-N,128.12699999999998,128.047344116,0.11440000000000006,38.83,0,3,3,1,0,1,1,0.5,9,3,50,0,0.3297346597040511,-0.4596836736231638
769,CC(=C)C(OCC1OC1)=O,462.25,True,VOZRXNHHFUQHIL-UHFFFAOYSA-N,142.154,142.06299418,0.5045,38.83,0,3,3,1,0,1,1,0.5714285714285714,10,3,56,0,0.3326995917583886,-0.4594918680477396
770,C=CCOCC1OC1,427.15,True,LSWYGACWGAICNM-UHFFFAOYSA-N,114.14399999999999,114.06807956,0.5878,21.759999999999998,0,2,4,1,0,1,1,0.6666666666666666,8,2,46,0,0.10423632630243135,-0.37462136795054213
771,BrCC=C,344.55,True,BHELZAPQIKSEDF-UHFFFAOYSA-N,120.97699999999999,119.95746226,1.5673,0.0,0,0,1,0,0,0,0,0.3333333333333333,4,1,24,0,0.020898848175972935,-0.10224656368421071
772,BrCC#C,362.25,True,YORCIIVHUBAYBQ-UHFFFAOYSA-N,118.96099999999998,117.941812196,1.0145,0.0,0,0,0,0,0,0,0,0.3333333333333333,4,1,22,0,0.06423539612990697,-0.11921617348219796
773,C=CC=C,277.75,True,KAKZBPTYRLMSJV-UHFFFAOYSA-N,54.09199999999999,54.046950192,1.3584,0.0,0,0,1,0,0,0,0,0.0,4,0,22,0,-0.07008230826610218,-0.0990867373646055
774,O=CC=C,325.55,True,HGINCPLSRVDWNT-UHFFFAOYSA-N,56.064,56.026214748,0.37129999999999996,17.07,0,1,1,0,0,0,0,0.0,4,1,22,0,0.14174582194221017,-0.29858708973922715
775,CCCS,341.05,True,SUVIGLJNEAMWEG-UHFFFAOYSA-N,76.16399999999999,76.034671256,1.3262,0.0,1,1,1,0,0,0,0,1.0,4,1,26,0,-0.010054085632017698,-0.17937452364015047
776,ClCC=C,318.25,True,OSDWBNJEKMUWAV-UHFFFAOYSA-N,76.52600000000001,76.00797784,1.4112,0.0,0,0,1,0,0,0,0,0.3333333333333333,4,1,24,0,0.040106491218081464,-0.12221964766558473
777,NCCC,322.25,True,WGYKZJWCGVVSQN-UHFFFAOYSA-N,59.111999999999995,59.073499287999994,0.3551000000000002,26.02,1,1,1,0,0,0,0,1.0,4,1,26,0,-0.007990568627305066,-0.3304839223850739
778,NCC=C,326.75,True,VVJKKWFAADXIJK-UHFFFAOYSA-N,57.096,57.057849223999995,0.13110000000000005,26.02,1,1,1,0,0,0,0,0.3333333333333333,4,1,24,0,0.010374434455575399,-0.3270522846975318
779,N#CC=C,350.45,True,NLHHRLWOUZZQLW-UHFFFAOYSA-N,53.064,53.026549096,0.6959799999999999,23.79,0,1,0,0,0,0,0,0.0,4,1,20,0,0.09053137537380465,-0.19312126078672762
780,OCC#N,456.25,True,LTYRAPJYLUPLCI-UHFFFAOYSA-N,57.052,57.021463716,-0.49772000000000005,44.019999999999996,1,2,0,0,0,0,0,0.5,4,2,22,0,0.1296769981265026,-0.38140649704061935
781,OCC=C,370.15,True,XXROGKLTLUQVRX-UHFFFAOYSA-N,58.080000000000005,58.041864812,0.16469999999999996,20.23,1,1,1,0,0,0,0,0.3333333333333333,4,1,24,0,0.06093122118130107,-0.3923178086285883
782,OCC#C,388.25,True,TVDSBUOJIPERQY-UHFFFAOYSA-N,56.064,56.026214748,-0.3881000000000001,20.23,1,1,0,0,0,0,0,0.3333333333333333,4,1,22,0,0.10346755159713841,-0.38366582997434834
783,ClCC=O,358.75,True,QSKPIOLLBIHNAC-UHFFFAOYSA-N,78.498,77.987242396,0.4241,17.07,0,1,1,0,0,0,0,0.5,4,2,24,0,0.13423126478424793,-0.30205777177164794
784,OCCO,470.55,True,LYCAIKOWRPUZTN-UHFFFAOYSA-N,62.068000000000005,62.036779432,-1.0290000000000001,40.46,2,2,1,0,0,0,0,1.0,4,2,26,0,0.06622663964681728,-0.3939905415754596
785,O=CC=O,324.25,True,LEQAOMBKQFMDFZ-UHFFFAOYSA-N,58.036,58.005479304000005,-0.6158000000000001,34.14,0,2,1,0,0,0,0,0.0,4,2,22,0,0.18197989833733277,-0.2949344657383375
786,COC=C,279.25,True,XJRBAMWJDBPFIM-UHFFFAOYSA-N,58.080000000000005,58.041864812,0.7763,9.23,0,1,1,0,0,0,0,0.3333333333333333,4,1,24,0,0.07656804475478521,-0.5049852753938333
787,ON=CC,388.25,True,FZENGILVLUJGJX-UHFFFAOYSA-N,59.06800000000001,59.03711378,0.4663,32.59,1,2,0,0,0,0,0,0.5,4,2,24,0,0.04044431417857613,-0.41113634236272567
788,COCCl,332.75,True,XJUZRXYOEPSWMB-UHFFFAOYSA-N,80.51400000000001,80.00289246,0.8291000000000001,9.23,0,1,1,0,0,0,0,1.0,4,2,26,0,0.11996875428856334,-0.36897355678199756
789,CC(C)(C)CC(C)=C,374.65,True,FXNDIJDIPNCZQJ-UHFFFAOYSA-N,112.216,112.12520051199999,2.9987000000000013,0.0,0,0,1,0,0,0,0,0.75,8,0,48,0,-0.027675510473789956,-0.1001206609624155
790,CC(C)(C)C=C(C)C,378.15,True,LAAVYEUJEMRIGF-UHFFFAOYSA-N,112.21599999999998,112.12520051199999,2.9987000000000013,0.0,0,0,0,0,0,0,0,0.75,8,0,48,0,-0.020070233274124882,-0.08048751359867155
791,OC(C)CC(O)(C)C,471.25,True,SVTBMSDMJJWYQN-UHFFFAOYSA-N,118.17599999999999,118.099379688,0.5282,40.46,2,2,2,0,0,0,0,1.0,8,2,50,0,0.06157732087321983,-0.3933060128156288
792,COC(C)(C)CC(C)=O,436.25,True,KOKPBCHLPVDQTK-UHFFFAOYSA-N,130.18699999999998,130.099379688,1.3905,26.3,0,2,3,0,0,0,0,0.8571428571428571,9,2,54,0,0.1321906669711851,-0.37835656049081073
793,OC(C)(C)CCCC(C)CC=O,514.25,True,WPFVBOQKRVRMJB-UHFFFAOYSA-N,172.26799999999997,172.14632988,2.1527000000000003,37.3,1,2,6,0,0,0,0,0.9,12,2,72,0,0.11975617849063465,-0.39047199599669863
794,BrCCC(C)C,394.25,True,YXZFFTJAHVMMLF-UHFFFAOYSA-N,151.047,150.004412452,2.4274000000000004,0.0,0,0,2,0,0,0,0,1.0,6,1,38,0,0.003368674561848821,-0.09279724477724852
795,NCCC(C)C,370.25,True,BMFVGAAISNGQNM-UHFFFAOYSA-N,87.166,87.10479941599999,0.9912000000000001,26.02,1,1,2,0,0,0,0,1.0,6,1,38,0,-0.007483687975454255,-0.3304633681086517
796,CC(C)=CC=O,407.25,True,SEPQTYODOKLVSB-UHFFFAOYSA-N,84.118,84.057514876,1.1515,17.07,0,1,1,0,0,0,0,0.4,6,1,34,0,0.14227024430549648,-0.2985658503516645
797,OCCC(O)C,480.75,True,PUPZLCDOIYMWBV-UHFFFAOYSA-N,90.122,90.06807956,-0.2504000000000002,40.46,2,2,2,0,0,0,0,1.0,6,2,38,0,0.05334957508052505,-0.39627512172883306
798,OC(C)CC=O,356.25,True,HSJKGGMUJITCBW-UHFFFAOYSA-N,88.106,88.052429496,-0.04380000000000006,37.3,1,2,2,0,0,0,0,0.75,6,2,36,0,0.12205549264112198,-0.3929716743509978
799,CCCC(O)=O,436.75,True,FERIUCNNQQJTOY-UHFFFAOYSA-N,88.10599999999998,88.052429496,0.8711,37.3,1,1,2,0,0,0,0,0.75,6,2,36,0,0.3028289365794989,-0.48123051640943176
800,ClCCC(O)=O,473.25,True,QEYMMOKECZBKAC-UHFFFAOYSA-N,108.52399999999999,107.99780708,0.6999,37.3,1,1,2,0,0,0,0,0.6666666666666666,6,3,36,0,0.3040521975279142,-0.4811992054068316
801,SCCC(O)=O,384.25,True,DKIDEFUBRARXTE-UHFFFAOYSA-N,106.14599999999999,106.008850432,0.39089999999999997,37.3,2,2,2,0,0,0,0,0.6666666666666666,6,3,36,0,0.30367005003518516,-0.4812085773560712
802,COCC(O)C,393.25,True,ARXJGSRGQADJSQ-UHFFFAOYSA-N,90.122,90.06807956,0.013600000000000112,29.46,1,2,2,0,0,0,0,1.0,6,2,38,0,0.07449767715783018,-0.39101929803651053
803,OCCN1CC1,441.25,True,VYONOYYDEFODAJ-UHFFFAOYSA-N,87.122,87.068413908,-0.7057000000000002,23.240000000000002,1,2,2,1,0,1,1,1.0,6,2,36,0,0.05579943606040793,-0.39504455442072256
804,CCOP(Cl)(OCC)=S,322.25,True,KMJJJTCKNZYTEY-UHFFFAOYSA-N,188.61599999999999,187.98276487,2.5227000000000013,18.46,0,3,4,0,0,0,0,1.0,9,5,56,0,0.2813422017304366,-0.3183009229507875
805,Sc1ccsc1C,460.25,True,AQXLMAYNBMTBHD-UHFFFAOYSA-N,130.237,129.991092192,2.3452200000000003,0.0,1,2,0,1,1,0,1,0.2,7,2,38,0,0.017662035558308555,-0.14803337589646923
806,CC(=O)c1cc(C)sc1C,498.25,True,PUSJAEJRDNPYKM-UHFFFAOYSA-N,154.23399999999998,154.04523594,2.567540000000001,17.07,0,2,1,1,1,0,1,0.375,10,2,54,0,0.16041541758237202,-0.2944688591695373
807,CC(C)CCC(OCC)=O,436.25,True,OFQRUTMGVBMTFQ-UHFFFAOYSA-N,144.21399999999997,144.115029752,1.9857,26.3,0,2,4,0,0,0,0,0.875,10,2,60,0,0.3052777574016273,-0.4659690822003161
808,C(CC1)CCC1SSC1CCCCC1,436.25,True,ODHAQPXNQDBHSH-UHFFFAOYSA-N,230.44199999999995,230.116292704,5.033200000000004,0.0,0,2,3,2,0,2,0,1.0,14,2,82,0,0.015113136031673179,-0.09044262073772737
809,COc1nccnc1CC,363.25,True,DPCILIMHENXHQX-UHFFFAOYSA-N,138.17,138.07931294,1.0475999999999999,35.010000000000005,0,3,2,1,1,0,1,0.42857142857142855,10,3,54,0,0.23480507876513124,-0.4796963717860984
810,COc1nccnc1C(C)C,398.25,True,NTOPKICPEQUPPH-UHFFFAOYSA-N,152.19699999999997,152.094963004,1.6086,35.010000000000005,0,3,2,1,1,0,1,0.5,11,3,60,0,0.2350920810560004,-0.47968884127788064
811,c(ccc1cc2ccccc2n2)cc21,618.75,True,DZBUGLKDJFMEHC-UHFFFAOYSA-N,179.22199999999995,179.073499288,3.388000000000001,12.89,0,1,0,3,3,0,1,0.0,14,1,66,0,0.07092271232966951,-0.24779730903285963
812,CC1(C)C(C1C(OCc1cc(Oc2ccccc2)ccc1)=O)C=C(C)C,563.25,True,SBNFWQZLDJGRLK-UHFFFAOYSA-N,350.45800000000014,350.18819469199997,5.760500000000005,35.53,0,3,6,3,2,1,0,0.34782608695652173,26,3,136,0,0.30995611417171015,-0.46056327341600045
813,C=CC1=CCCCC1,418.25,True,SDRZFSPCVYEJTP-UHFFFAOYSA-N,108.18400000000001,108.093900384,2.6728000000000014,0.0,0,0,1,1,0,1,0,0.5,8,0,44,0,-0.028213771720290437,-0.09880287358816027
814,CCCCCCOC(CCC)=O,479.25,True,XAPCMTMQBXLDBB-UHFFFAOYSA-N,172.26799999999997,172.14632988,2.910000000000001,26.3,0,2,7,0,0,0,0,0.9,12,2,72,0,0.30526689547192,-0.465675131171812
815,CCOP(OCC)(SCN1N=Nc2ccccc2C1=O)=S,384.25,True,RQVGAIADHNPSME-UHFFFAOYSA-N,345.3860000000001,345.03707000199995,2.779700000000001,66.24000000000001,0,7,7,2,2,0,1,0.4166666666666667,21,9,114,0,0.2779086892130436,-0.3219246586503574
816,OCC(O)COC(C)=O,404.25,True,KMZHZAAOEWVPSE-UHFFFAOYSA-N,134.131,134.0579088,-1.0973000000000002,66.75999999999999,2,4,3,0,0,0,0,0.8,9,4,54,0,0.3022194561995523,-0.4630260644606093
817,FC(F)OC(Cl)C(F)(F)F,321.75,True,PIWKPBJCKXDKJR-UHFFFAOYSA-N,184.49099999999996,183.971433464,2.3528000000000002,9.23,0,1,2,0,0,0,0,1.0,10,7,62,0,0.4284295014111595,-0.29354423837879684
818,COc1cc(Cl)c(OC)cc1Cl,541.25,True,PFIADAMVCJPXSF-UHFFFAOYSA-N,207.056,205.990134856,3.010600000000002,18.46,0,2,2,1,1,0,0,0.25,12,4,66,0,0.13871415337199822,-0.49513893188820796
819,CCOC(C)CC,354.25,True,VSCUCHUDCLERMY-UHFFFAOYSA-N,102.177,102.104465068,1.8214000000000001,9.23,0,1,3,0,0,0,0,1.0,7,1,44,0,0.05437737321239482,-0.3788081976981752
820,Nc1cccc(C)c1N,528.25,True,AXNUJYHFQHQZBE-UHFFFAOYSA-N,122.171,122.08439831999999,1.1594200000000001,52.04,2,2,0,1,1,0,0,0.14285714285714285,9,2,48,0,0.0576967596136818,-0.39705425506018177
821,O=N(=O)N1CN(CN(CN(C1)N(=O)=O)N(=O)=O)N(=O)=O,553.25,True,UZGLIIJVICEWHF-UHFFFAOYSA-N,296.156,296.04650921599995,-2.195199999999998,185.52,0,8,4,1,0,1,1,1.0,20,16,112,0,0.2121302706465247,-0.2345393052816714
822,OCCCCCC(C)C,461.25,True,BWDBEAQIHAEVLV-UHFFFAOYSA-N,130.231,130.135765196,2.1951,20.23,1,1,5,0,0,0,0,1.0,9,1,56,0,0.043052408620864124,-0.39637656933671606
823,ClN=O,278.75,True,VPCDQGACGWYTMC-UHFFFAOYSA-N,65.459,64.9668413,0.9066,29.43,0,2,0,0,0,0,0,0.0,3,3,18,0,0.08351724152823328,-0.13101987330939066
824,FS(F)(=O)=O,328.63,True,OBTWBSRJZRCYQV-UHFFFAOYSA-N,102.06099999999999,101.95870668,0.17020000000000013,34.14,0,2,0,0,0,0,0,0.0,5,5,32,0,0.4757309893354726,-0.1602380866312041
825,C=CCOC(CCC1CCCCC1)=O,364.25,True,TWXUTZNBHUWMKJ-UHFFFAOYSA-N,196.28999999999994,196.14632988,3.076100000000002,26.3,0,2,5,1,0,1,0,0.75,14,2,80,0,0.30560486258523123,-0.46145351370322146
826,c1cc2ccoc2cc1,447.25,True,IANQTJSKSUMEQM-UHFFFAOYSA-N,118.13499999999996,118.041864812,2.4328000000000003,13.14,0,1,0,2,2,0,1,0.0,9,1,44,0,0.13334457655224918,-0.4643529208477263
827,CCCCCCCC(CCc(ccc1O)cc1OC)=O,681.25,True,CZNLTCTYLMYLHL-UHFFFAOYSA-N,278.39200000000005,278.188194692,4.2630000000000035,46.53,1,3,10,1,1,0,0,0.5882352941176471,20,3,112,0,0.1602490486601638,-0.5042546045039152
828,CCCCCCCCCC1OC(CCC1)=O,408.25,True,SKQYTJLYRIFFCO-UHFFFAOYSA-N,226.35999999999996,226.193280072,4.222800000000004,26.3,0,2,8,1,0,1,1,0.9285714285714286,16,2,94,0,0.30555643471557065,-0.46236353456728574
829,CC(C)CCCCCOC(=O)c1ccccc1C(OCCCCCC(C)C)=O,643.25,True,IJFPVINAQGWBRJ-UHFFFAOYSA-N,390.5640000000003,390.27700969599994,6.433000000000008,52.6,0,4,14,1,1,0,0,0.6666666666666666,28,4,158,0,0.33850596590364174,-0.46207820947363665
830,CCCCCCCCCCCCCCC=O,559.25,True,XGQJZNCFDLXSIJ-UHFFFAOYSA-N,226.40399999999994,226.22966558000002,5.276500000000005,17.07,0,1,13,0,0,0,0,0.9333333333333333,16,1,96,0,0.11949019867032569,-0.3034029081494581
831,CN(C)C(=S)N(C)C,518.25,True,MNOILHPDHOHILI-UHFFFAOYSA-N,132.232,132.072119384,0.3945000000000001,6.48,0,1,0,0,0,0,0,0.8,8,3,48,0,0.17002182251444722,-0.35527973245356786
832,CCCc(ccc1O)cc1OC,399.25,True,PXIKRTCSSLJURC-UHFFFAOYSA-N,166.21999999999994,166.099379688,2.353300000000001,29.46,1,2,3,1,1,0,0,0.4,12,2,66,0,0.16024884024188712,-0.5042546045118025
833,CCc(ccc1O)cc1OC,509.25,True,CHWNEIVBYREQRF-UHFFFAOYSA-N,152.19299999999996,152.083729624,1.9632,29.46,1,2,2,1,1,0,0,0.3333333333333333,11,2,60,0,0.16024866489326003,-0.5042546045190337
834,COC(C(O)C)=O,418.25,True,LPEKGGXMPWTOCB-UHFFFAOYSA-N,104.10499999999999,104.047344116,-0.4598,46.53,1,3,1,0,0,0,0,0.75,7,3,42,0,0.3338823215117266,-0.467104464840883
835,C(C1)N2CCN1CC2,447.25,True,IMNIMPAHZVJRPE-UHFFFAOYSA-N,112.176,112.10004838399999,-0.3824000000000001,6.48,0,2,0,3,0,3,3,1.0,8,2,46,0,0.01104610069862027,-0.29952425403273264
836,OCCOCCC,425.25,True,YEYKMVJDLWJFOA-UHFFFAOYSA-N,104.149,104.083729624,0.4053,29.46,1,2,4,0,0,0,0,1.0,7,2,44,0,0.06971912287222964,-0.39398034275755706
837,Oc1c(C)c(C)c(C)c(C)c1C,540.25,True,WALBTDFSFTVXII-UHFFFAOYSA-N,164.24799999999996,164.120115132,2.9343000000000012,20.23,1,1,0,1,1,0,0,0.45454545454545453,12,1,66,0,0.12143441559936574,-0.50738607014979
838,C(CC1)CCC1Cc1cnccn1,373.25,True,DGJZDAIWCSVZBI-UHFFFAOYSA-N,176.263,176.131348512,2.599400000000001,25.78,0,2,2,2,1,1,1,0.6363636363636364,13,2,70,0,0.05889339622386238,-0.26122365702815503
839,CCCCCCCCC(OC(C)C)=O,505.25,True,DVFZGWDMFKTMFQ-UHFFFAOYSA-N,200.322,200.177630008,3.6886000000000028,26.3,0,2,8,0,0,0,0,0.9166666666666666,14,2,84,0,0.3055337242115604,-0.4629533082631881
840,FC(Cl)C(F)(F)F,285.25,True,BOUGCJDAQLKBQH-UHFFFAOYSA-N,136.475,135.970290592,2.0831,0.0,0,0,0,0,0,0,0,1.0,7,5,44,0,0.43338312355532893,-0.21974300835742627
841,FCOC(C(F)(F)F)C(F)(F)F,331.45,True,DFEYYRMXOJXZRJ-UHFFFAOYSA-N,200.05299999999997,200.007212256,2.4232000000000005,9.23,0,1,2,0,0,0,0,1.0,12,8,74,0,0.42323854294822416,-0.32888993823636115
842,CC(C)CCCCCCOC(=O)c1ccccc1C(OCCCCCCC(C)C)=O,525.25,True,HBGGXOJOCNVPFY-UHFFFAOYSA-N,418.6180000000004,418.30830982399993,7.2132000000000085,52.6,0,4,16,1,1,0,0,0.6923076923076923,30,4,170,0,0.3385059659036322,-0.4620782094793304
843,Cc(oc1C)cc1SSc1cc(C)oc1C,384.25,True,JDWCALSZHJBMIQ-UHFFFAOYSA-N,254.37599999999998,254.043521688,4.905680000000003,26.28,0,4,3,2,2,0,2,0.3333333333333333,16,4,86,0,0.11499242309402731,-0.4654426189388472
844,Cc1occc1S,333.25,True,RUYNUXHHUVUINQ-UHFFFAOYSA-N,114.169,114.013935812,1.8767200000000002,13.14,1,2,0,1,1,0,1,0.2,7,2,38,0,0.11344753581789599,-0.4684585851178399
845,Cc1occc1SSc1ccoc1C,553.25,True,OHDFENKFSKIFBJ-UHFFFAOYSA-N,226.322,226.01222156,4.288840000000002,26.28,0,4,3,2,2,0,2,0.2,14,4,74,0,0.1145840722253039,-0.4684159413758473
846,C1CC2OC2CC1,403.25,True,ZWAJLVLEBYIOTI-UHFFFAOYSA-N,98.145,98.07316494,1.3277999999999999,12.53,0,1,0,2,0,2,1,1.0,7,1,40,0,0.08414716436611498,-0.36959265064662744
847,CC1OC(=O)C(O)=C1C,368.25,True,UNYNVICDCJHOPO-UHFFFAOYSA-N,128.12699999999995,128.047344116,0.7637,46.53,1,3,0,1,0,1,1,0.5,9,3,50,0,0.37355048711125177,-0.5017670507989173
848,CN(C)CCOC(=O)C(C)=C,459.25,True,JKNCOURZONDCGV-UHFFFAOYSA-N,157.21299999999997,157.11027872,0.6672999999999998,29.54,0,3,4,0,0,0,0,0.625,11,3,64,0,0.3326501921459622,-0.46098998475950853
849,C1CCC1,286.33,True,PMPVIKIVABFJJI-UHFFFAOYSA-N,56.108,56.062600255999996,1.5604,0.0,0,0,0,1,0,1,0,1.0,4,0,24,0,-0.0533059727891157,-0.0533059727891157
850,n1c[nH]cc1,530.25,True,RAXXELZNTBOGNW-UHFFFAOYSA-N,68.07900000000001,68.037448128,0.40969999999999995,28.68,1,1,0,1,1,0,1,0.0,5,2,26,0,0.09190960426066128,-0.35117678564585386
851,n1cscc1,391.25,True,FZWLAAWBMGSTSO-UHFFFAOYSA-N,85.13099999999999,84.998620096,1.1431,12.89,0,2,0,1,1,0,1,0.0,5,2,26,0,0.07907482891218305,-0.25317764469636134
852,n1c[nH]cn1,533.25,True,NSPMIYGKQJPBQR-UHFFFAOYSA-N,69.06700000000001,69.03269709599999,-0.19529999999999997,41.57,1,2,0,1,1,0,1,0.0,5,3,26,0,0.11614970067796557,-0.33417634354735665
853,COc(cnc1)nc1C,444.25,True,MYDVJLOKNIAHPH-UHFFFAOYSA-N,124.14299999999999,124.063662876,0.7936199999999999,35.010000000000005,0,3,1,1,1,0,1,0.3333333333333333,9,3,48,0,0.2317307681029641,-0.47988931700839205
854,COc(cn1)ncc1C,441.25,True,OHQNWZNVCSEVEQ-UHFFFAOYSA-N,124.14299999999999,124.063662876,0.79362,35.010000000000005,0,3,1,1,1,0,1,0.3333333333333333,9,3,48,0,0.23149130219133238,-0.4798956584407893
855,S1CSSSCS1,560.25,True,DZKOKXZNCDGVRY-UHFFFAOYSA-N,188.389,187.891655128,3.3260000000000005,0.0,0,5,0,1,0,1,1,1.0,7,5,42,0,0.060800230442124244,-0.0813609229530146
856,ClC(OCC=C)=O,382.75,True,CAEWJEXPFKNBQL-UHFFFAOYSA-N,120.535,119.99780708,1.5478,26.3,0,2,2,0,0,0,0,0.25,7,3,40,0,0.40357519003107956,-0.4494682814414033
857,C1CCCCCCCCCCC1,520.25,True,DDTBPAQBQHZRDW-UHFFFAOYSA-N,168.32399999999998,168.187800768,4.681200000000004,0.0,0,0,0,1,0,1,0,1.0,12,0,72,0,-0.0533059727891157,-0.0533059727891157
858,CC(C)c1cnccn1,343.25,True,GIMBKDZNMKTZMG-UHFFFAOYSA-N,122.17099999999998,122.08439831999999,1.6,25.78,0,2,1,1,1,0,1,0.42857142857142855,9,2,48,0,0.06115235062093211,-0.2612128838292965
859,CC(CCC1C(C)=C)CC1=O,375.25,True,RMIANEGNSBUGDJ-UHFFFAOYSA-N,152.237,152.120115132,2.567800000000001,17.07,0,1,1,1,0,1,0,0.7,11,1,62,0,0.1397424273607998,-0.29902803321287663
860,COP(OC)(Oc1ccc(cc1)N(=O)=O)=S,427.25,True,RLBIQVVOMOPOHC-UHFFFAOYSA-N,263.211,263.00173005,2.490900000000001,70.83000000000001,0,6,5,1,1,0,0,0.25,16,8,88,0,0.3795194858735578,-0.4241330188162769
861,CCSCSP(OCC)(OCC)=S,351.25,True,BULVZWIRKLYCBC-UHFFFAOYSA-N,260.38599999999997,260.012829414,3.727700000000003,18.46,0,5,8,0,0,0,0,1.0,13,6,80,0,0.24762780811859297,-0.3219490861050248
862,CCCCC(CC)COP(O)(OCC(CC)CCCC)=O,428.25,True,SEGLCEQVOFDUPX-UHFFFAOYSA-N,322.4260000000001,322.22729623,5.552800000000006,55.76,1,3,14,0,0,0,0,1.0,21,5,128,0,0.47169667496439666,-0.3024951623879154
863,COP(OC)(Oc(cc1Cl)c(Cl)cc1Cl)=S,370.25,True,JHJOOSLFWRRSGU-UHFFFAOYSA-N,321.549,319.89973478599995,4.542900000000001,27.69,0,4,4,1,1,0,0,0.25,16,8,90,0,0.3795716419764453,-0.42248078989432675
864,CC(=O)C1=NCCS1,496.25,True,FZOZFDAMVVEZSJ-UHFFFAOYSA-N,129.184,129.024834844,0.7207,29.43,0,3,1,1,0,1,1,0.6,8,3,44,0,0.18365686154280053,-0.2921880967505137
865,CC1CCCC(=O)C1=O,345.25,True,JDXJKLGWPNXSHL-UHFFFAOYSA-N,126.15499999999999,126.06807956,0.9446,34.14,0,2,0,1,0,1,0,0.7142857142857143,9,2,50,0,0.20066410845783014,-0.2908912262324949
866,ClC(Cl)C#N,385.75,True,STZZWJCGRKXEFF-UHFFFAOYSA-N,109.94300000000001,108.948604392,1.31368,23.79,0,1,0,0,0,0,0,0.5,5,3,28,0,0.19285531226143693,-0.19530384061859718
867,OC(O)C(Cl)(Cl)Cl,369.25,True,RNFNDJAIBTYOQL-UHFFFAOYSA-N,165.403,163.919862376,0.6672999999999998,40.46,2,2,0,0,0,0,0,1.0,7,5,44,0,0.24000518536284365,-0.36468754423217004
868,CCc1nc(C)oc1C,423.25,True,YZZBROGKUWYQOL-UHFFFAOYSA-N,125.17099999999998,125.084063972,1.85384,26.03,0,2,1,1,1,0,1,0.5714285714285714,9,2,50,0,0.19097431510107435,-0.4460536963241935
869,CCCSSCC,453.25,True,SNGRPWPVGSSZGV-UHFFFAOYSA-N,136.285,136.038042384,2.7977000000000007,0.0,0,2,4,0,0,0,0,1.0,7,2,44,0,0.0034268538168865798,-0.09444904637258353
870,CC(C)C(O)(C)C(C)C,351.25,True,PLSMHHUFDLYURK-UHFFFAOYSA-N,130.23099999999997,130.135765196,2.0494,20.23,1,1,2,0,0,0,0,1.0,9,1,56,0,0.06647960110688148,-0.3896479470404075
871,ClC(Cl)C(F)(F)F,301.07,True,OHMHBGPWCHTMQE-UHFFFAOYSA-N,152.93,151.940740052,2.3523999999999994,0.0,0,0,0,0,0,0,0,1.0,7,5,44,0,0.4180829424250964,-0.1680013943449183
872,CCC(O)C(C)=O,380.25,True,HDKKRASBPHFULQ-UHFFFAOYSA-N,102.133,102.06807956,0.3463,37.3,1,2,2,0,0,0,0,0.8,7,2,42,0,0.15768610172962252,-0.3853571713683805
873,COc1cnccn1,334.25,True,WKSXRWSOSLGSTN-UHFFFAOYSA-N,110.11599999999999,110.048012812,0.48519999999999985,35.010000000000005,0,3,1,1,1,0,1,0.2,8,3,42,0,0.23146898616964512,-0.47989591285679883
874,CCSSSC,475.25,True,XEKUTWIJPKGAQT-UHFFFAOYSA-N,140.298,139.978813256,2.665700000000001,0.0,0,3,3,0,0,0,0,1.0,6,3,38,0,0.0016648747437237041,-0.08600454614048672
875,CC1OCCC1=O,412.25,True,FCWYQRVIQDNGBI-UHFFFAOYSA-N,100.11699999999999,100.052429496,0.36430000000000007,26.3,0,2,0,1,0,1,1,0.8,7,2,40,0,0.16305622102649694,-0.37028006229805416
876,CCOCCl,356.25,True,FCYRSDMGOLYDHL-UHFFFAOYSA-N,94.541,94.018542524,1.2192,9.23,0,1,2,0,0,0,0,1.0,5,2,32,0,0.12033103769441339,-0.3660240663607115
877,CCCCC(=O)c1occc1,374.25,True,HTOZHTBIOGGHDJ-UHFFFAOYSA-N,152.19299999999998,152.083729624,2.6525000000000007,30.21,0,2,4,1,1,0,1,0.4444444444444444,11,2,60,0,0.19747863432887264,-0.46125891168571553
878,CCc1occc1,366.25,True,HLPIHRDZBHXTFJ-UHFFFAOYSA-N,96.12899999999998,96.057514876,1.842,13.14,0,1,1,1,1,0,1,0.3333333333333333,7,1,38,0,0.10298009445277806,-0.46937984635173974
879,C(CCC1CCCc2ccccc2)O1,380.25,True,PBXKRPSGIACPQF-UHFFFAOYSA-N,190.28600000000003,190.135765196,3.1883000000000017,9.23,0,1,4,2,1,1,1,0.5384615384615384,14,1,76,0,0.05756751436201199,-0.37821978727691935
880,BrC(Br)C#N,442.25,True,NDSBDLSWTGLNQA-UHFFFAOYSA-N,198.845,196.847573232,1.62588,23.79,0,1,0,0,0,0,0,0.5,5,3,28,0,0.15564749807935996,-0.19612864902008556
881,FC(F)(F)C(=O)CC(=O)c1sccc1,371.25,True,TXBBUSUXYMIVOS-UHFFFAOYSA-N,222.187,221.99623506,2.4523,34.14,0,3,3,1,1,0,1,0.25,14,6,76,0,0.4499624042132328,-0.29278179553271133
882,CSCCC=O,335.25,True,CLUWOWRTHNNBBU-UHFFFAOYSA-N,104.17399999999999,104.029585876,0.9383999999999999,17.07,0,2,3,0,0,0,0,0.75,6,2,36,0,0.12031270001317103,-0.30336992895884407
883,CCc(cnc1CC)nc1C,368.25,True,RJIREWQSLPRZFG-UHFFFAOYSA-N,150.225,150.115698448,1.90982,25.78,0,2,2,1,1,0,1,0.5555555555555556,11,2,60,0,0.0612859477581426,-0.25752490290877417
884,CCOC(C1CCCCC1)=O,355.25,True,JJOYCHKVKWDMEA-UHFFFAOYSA-N,156.225,156.115029752,2.1298000000000004,26.3,0,2,2,1,0,1,0,0.8888888888888888,11,2,64,0,0.30841465533709006,-0.46576568634987137
885,OC(C)CCC1=C(C)CCCC1(C)C,507.25,True,VSYLEWGIVLSDIY-UHFFFAOYSA-N,196.33399999999997,196.182715388,3.674000000000003,20.23,1,1,3,1,0,1,0,0.8461538461538461,14,1,82,0,0.051472416977408696,-0.3934073120939448
886,CCc1nccnc1C(C)=O,494.25,True,PPJSYGVFDJEMRP-UHFFFAOYSA-N,150.18099999999998,150.07931294,1.2415999999999998,42.85,0,3,2,1,1,0,1,0.375,11,3,58,0,0.1794766371743765,-0.29269786965102074
887,Clc1ccc(cc1Cl)NC(=O)N(C)C,463.25,True,XMTQQYYKAHVGBJ-UHFFFAOYSA-N,233.09799999999998,232.0170183,3.086900000000001,32.34,1,1,1,1,1,0,0,0.2222222222222222,14,5,76,0,0.3208174549548312,-0.33065303791790296
888,CCCCC(CC)COC(=O)c1cc(C(OCC(CC)CCCC)=O)ccc1C(OCC(CC)CCCC)=O,687.25,True,KRADHMIOFJQKEZ-UHFFFAOYSA-N,546.7890000000004,546.3920394479999,8.806200000000006,78.9,0,6,21,1,1,0,0,0.7272727272727273,39,6,222,0,0.3385427939614685,-0.461801524914403
889,CCCCCCCCCC(O)=O,541.95,True,GHVNFZFCNZKVNT-UHFFFAOYSA-N,172.268,172.14632988,3.2117000000000013,37.3,1,1,8,0,0,0,0,0.9,12,2,72,0,0.30283955653218375,-0.481230389785217
890,CCC(C)Nc1c(cc(C(C)(C)C)cc1N(=O)=O)N(=O)=O,419.25,True,SPNQRCTZKIBOAX-UHFFFAOYSA-N,295.339,295.153206152,4.010900000000003,98.31,1,5,5,1,1,0,0,0.5714285714285714,21,7,116,0,0.29925728811556623,-0.37139276099145585
891,CCCCCC(O)C=C,358.25,True,VSMOENVRRABVKN-UHFFFAOYSA-N,128.21499999999997,128.120115132,2.1136,20.23,1,1,5,0,0,0,0,0.75,9,1,54,0,0.07178455473957934,-0.38906063596882545
892,CSCCC(C)=O,380.25,True,DRGHCRKOWMAZAO-UHFFFAOYSA-N,118.201,118.04523594,1.3285,17.07,0,2,3,0,0,0,0,0.8,7,2,42,0,0.13016149146027164,-0.29999793630939475
893,CSSSCC=C,320.25,True,JGMPRNFEEAJLAJ-UHFFFAOYSA-N,152.30900000000003,151.978813256,2.831800000000001,0.0,0,3,4,0,0,0,0,0.5,7,3,42,0,0.02229549171340728,-0.10222528194749518
894,OCCC(C)(C)S,459.25,True,GBCGIJAYTBMFHI-UHFFFAOYSA-N,120.217,120.060886004,1.0772,20.23,2,2,2,0,0,0,0,1.0,7,2,44,0,0.044347921321777596,-0.39632342135805315
895,C(CCc1nc2)Cc1nc2,384.25,True,XCZPDOCRSYZOBI-UHFFFAOYSA-N,134.18200000000002,134.08439832,1.3554,25.78,0,2,0,2,1,1,1,0.5,10,2,52,0,0.06182465082866074,-0.2577981870199093
896,CC(CCC1CC2)=CC1=CC2=O,579.25,True,NGSXTBFUMNXJDK-UHFFFAOYSA-N,162.232,162.104465068,2.6320000000000006,17.07,0,1,0,2,0,2,0,0.5454545454545454,12,1,64,0,0.15549544884860703,-0.29485394899741724
897,SCCC(C)=O,333.25,True,LBFXPJUFQGXMJY-UHFFFAOYSA-N,104.17399999999999,104.029585876,0.8953,17.07,1,2,2,0,0,0,0,0.75,6,2,36,0,0.13015223441829848,-0.29999810257596726
898,SCCCCCCCCCS,389.25,True,GJRCLMJHPWCJEI-UHFFFAOYSA-N,192.393,192.10064264,3.576700000000003,0.0,2,2,8,0,0,0,0,1.0,11,2,68,0,-0.009791409473973221,-0.17936390057447493
899,CC(=O)c1cccnc1,503.25,True,WEGYGNROSJDEIW-UHFFFAOYSA-N,121.13899999999997,121.052763844,1.2842,29.96,0,2,1,1,1,0,1,0.14285714285714285,9,2,46,0,0.16084733812645569,-0.29445077145812815
900,Fc1ccc(cc1)N(=O)=O,480.25,True,WFQDTOYDVUWQMS-UHFFFAOYSA-N,141.101,141.022606588,1.7339000000000002,43.14,0,2,1,1,1,0,0,0.0,10,4,52,0,0.2691313510706341,-0.25830961550521764
901,SCCc1cnccn1,383.25,True,QKVWBAMZPUHCMO-UHFFFAOYSA-N,140.21099999999998,140.040819256,0.9489,25.78,1,3,2,1,1,0,1,0.3333333333333333,9,3,48,0,0.05942906900500272,-0.26122330504034247
902,FC(F)=O,357.82,True,IYRWEQXVUNLMAY-UHFFFAOYSA-N,66.006,65.99172106,1.0454,17.07,0,1,0,0,0,0,0,0.0,4,3,24,0,0.48291805773643376,-0.21930644042780809
903,FC(F)(Cl)Br,276.95,True,MEXUFEQDCXZEON-UHFFFAOYSA-N,165.364,163.88399622,2.1704,0.0,0,0,0,0,0,0,0,1.0,5,4,32,0,0.37778890047006136,-0.17658052877628858
904,ClC(Cl)C(F)(Cl)Cl,389.25,True,LUBCGHUOCJOIJA-UHFFFAOYSA-N,185.84,183.881638972,2.891,0.0,0,0,1,0,0,0,0,1.0,7,5,44,0,0.28694614929197226,-0.20497860044433855
905,FC(Cl)C(F)(F)Cl,302.75,True,YMRMDGSNYHCUCL-UHFFFAOYSA-N,152.93,151.940740052,2.3524000000000003,0.0,0,0,1,0,0,0,0,1.0,7,5,44,0,0.36571306607415066,-0.22164804560577991
906,FC(F)C(F)(F)Cl,284.95,True,JQZFYIGAYWLRCC-UHFFFAOYSA-N,136.47500000000002,135.970290592,2.0831,0.0,0,0,1,0,0,0,0,1.0,7,5,44,0,0.380825207842695,-0.2019924681966373
907,FC(F)C(F)(F)F,321.35,True,GTLACDSXYULKMZ-UHFFFAOYSA-N,120.02000000000001,119.999841132,1.8137999999999999,0.0,0,0,0,0,0,0,0,1.0,7,5,44,0,0.44970271563913483,-0.20005386012180168
908,FC(F)(F)C(F)(F)C(F)(F)C(F)(F)F,275.35,True,KAVGMUDTWQVPDF-UHFFFAOYSA-N,238.02399999999997,237.9840322,3.3815999999999997,0.0,0,0,1,0,0,0,0,1.0,14,10,86,0,0.45978924547886835,-0.18880756966325
909,C=CCOC(Cn1ccnc1)c1ccc(Cl)cc1Cl,620.25,True,PZBPKYOVPCNPJY-UHFFFAOYSA-N,297.18500000000006,296.04831842799996,4.133800000000003,27.05,0,2,6,2,2,0,1,0.21428571428571427,19,5,100,0,0.10222120153001911,-0.3675584289430019
910,COCCc1ccccc1,460.25,True,CQLYXIUHVFRXLT-UHFFFAOYSA-N,136.194,136.088815004,1.8755,9.23,0,1,3,1,1,0,0,0.3333333333333333,10,1,54,0,0.05021719602125277,-0.38434541941313666
911,CC(CCc1ccc(OC(C)=O)cc1)=O,397.25,True,UMIKWXDGXDJQJK-UHFFFAOYSA-N,206.24099999999999,206.094294308,2.1334999999999997,43.370000000000005,0,3,4,1,1,0,0,0.3333333333333333,15,3,80,0,0.30752394019682305,-0.4267335851588214
912,Cc1ncsc1C,432.25,True,UWSONZCNXUSTKW-UHFFFAOYSA-N,113.18499999999999,113.029920224,1.75994,12.89,0,2,0,1,1,0,1,0.4,7,2,38,0,0.07969442915991971,-0.24975959182490484
913,FC=C(F)F,324.25,True,MIZLGWKEZAPEFJ-UHFFFAOYSA-N,82.02400000000002,82.003034692,1.6938000000000002,0.0,0,0,0,0,0,0,0,0.0,5,3,30,0,0.2977980182536215,-0.2096537393211083
914,CCSSSCC,490.25,True,OPMRTBDRQRSNDN-UHFFFAOYSA-N,154.325,153.99446332,3.0558000000000014,0.0,0,3,4,0,0,0,0,1.0,7,3,44,0,0.0016650295141095684,-0.08285511735281191
915,CC(CCCCCCCC=C)=O,528.25,True,FJHNSGVMPSITEQ-UHFFFAOYSA-N,168.28,168.15141526,3.4921000000000024,17.07,0,1,8,0,0,0,0,0.7272727272727273,12,1,70,0,0.12933995028228537,-0.30003102349469607
916,Cc(ncc1C2)nc1CS2,554.25,True,XSUYIZJJKIKWFN-UHFFFAOYSA-N,152.222,152.040819256,1.53182,25.78,0,3,0,2,1,1,2,0.42857142857142855,10,3,52,0,0.125010002497627,-0.24135399032895594
917,CCCCCCCOC(=O)c1ccccc1C(OCCCCCCC)=O,633.25,True,JQCXWCOOWVGKMT-UHFFFAOYSA-N,362.5100000000003,362.24570956799994,5.941000000000007,52.6,0,4,14,1,1,0,0,0.6363636363636364,26,4,146,0,0.3385059659036322,-0.4620782094793513
918,CC1OC(C)=C(O)C1=O,489.25,True,INAXVXBDKKUCGI-UHFFFAOYSA-N,128.12699999999998,128.047344116,0.7636999999999999,46.53,1,3,0,1,0,1,1,0.5,9,3,50,0,0.24017163948855827,-0.5019496330505867
919,c(cn1)ccc1c1ccccn1,546.75,True,ROFVEXUMMXZLPA-UHFFFAOYSA-N,156.188,156.068748256,2.1435999999999993,25.78,0,2,1,2,2,0,2,0.0,12,2,58,0,0.0885599799424666,-0.2546211197806089
920,OCCCCCCCCCCCCCCCC,607.25,True,BXWNKGSJHAJOGX-UHFFFAOYSA-N,242.44699999999992,242.26096570800001,5.460000000000006,20.23,1,1,14,0,0,0,0,1.0,17,1,104,0,0.043052407228889096,-0.39637656934228244
921,Fc1ccc(N)cc1,461.25,True,KRZCOLNOCZKSDF-UHFFFAOYSA-N,111.119,111.048427412,1.4079000000000002,26.02,1,1,0,1,1,0,0,0.0,8,2,42,0,0.12285884280048658,-0.3987260786638387
922,FCCO,376.75,True,GGDYAKVUZMZKRV-UHFFFAOYSA-N,64.059,64.032443,-0.05179999999999996,20.23,1,1,1,0,0,0,0,1.0,4,2,26,0,0.11246039712919563,-0.39366054126169014
923,Cc1cc(C)oc1,367.25,True,AABTWRKUKUPMJG-UHFFFAOYSA-N,96.12899999999999,96.057514876,1.89644,13.14,0,1,0,1,1,0,1,0.3333333333333333,7,1,38,0,0.1004502031757861,-0.4693768396143795
924,CCN(O)CC,403.25,True,FVCOIAYSJZGECG-UHFFFAOYSA-N,89.138,89.084063972,0.7174,23.47,1,2,2,0,0,0,0,1.0,6,2,38,0,0.0209188325233477,-0.3140193012091013
925,OC(CC#N)=O,381.25,True,MLIREBYILWEBDM-UHFFFAOYSA-N,85.062,85.016378336,-0.015320000000000056,61.089999999999996,1,2,1,0,0,0,0,0.3333333333333333,6,3,32,0,0.3172197098246197,-0.4804744221308196
926,FC(F)(F)C(F)(Cl)Cl,276.65,True,BAMUEXIPKSRTBS-UHFFFAOYSA-N,170.92000000000002,169.93131824,2.6496,0.0,0,0,0,0,0,0,0,1.0,8,6,50,0,0.45199522934948994,-0.19752325294116724
927,FC(F)(F)C(F)(F)C(F)(F)C(F)(F)C(F)(F)C(F)(F)C(O)=O,448.25,True,ZWBAMYVPMDSJGQ-UHFFFAOYSA-N,364.057,363.976896132,3.8098000000000005,37.3,1,1,5,0,0,0,0,0.8571428571428571,22,15,132,0,0.4596472977945599,-0.47662745733412426
928,CCCCCc1occc1,339.25,True,YVBAUDVGOFCUSG-UHFFFAOYSA-N,138.20999999999998,138.104465068,3.0123000000000015,13.14,0,1,4,1,1,0,1,0.5555555555555556,10,1,56,0,0.10325571416188405,-0.4693688140586355
929,CCCCCCCc1occc1,483.25,True,BHTUFJXTYNLISA-UHFFFAOYSA-N,166.264,166.135765196,3.792500000000003,13.14,0,1,6,1,1,0,1,0.6363636363636364,12,1,68,0,0.10325571557962983,-0.4693688140529999
930,Cc1oc2ccccc2c1C,375.25,True,YGBXXWTZWLALGR-UHFFFAOYSA-N,146.18899999999996,146.07316494,3.049640000000001,13.14,0,1,0,2,2,0,1,0.2,11,1,56,0,0.13403597801750944,-0.4610911964522444
931,CC(=O)c1sc(C)nc1C,503.25,True,BLQOKWQUTLNKON-UHFFFAOYSA-N,155.22199999999998,155.040484908,1.9625400000000002,29.96,0,3,1,1,1,0,1,0.42857142857142855,10,3,54,0,0.17112533120815834,-0.29353020012067577
932,CC(CCC1C(C)(C)S)CC1=O,335.25,True,RVOKNSFEAOYULQ-UHFFFAOYSA-N,186.31999999999996,186.107836196,2.700100000000001,17.07,1,2,1,1,0,1,0,0.9,12,2,70,0,0.13709872824993946,-0.2993358144383909
933,CCCC(=O)C(C)=O,401.25,True,MWVFCEVNXHTDNF-UHFFFAOYSA-N,114.14399999999998,114.06807956,0.9446,34.14,0,2,3,0,0,0,0,0.6666666666666666,8,2,46,0,0.19757101786623382,-0.2912219270387969
934,CCCCCCC(CO)CCCC,422.25,True,XMVBHZBLHNOQON-UHFFFAOYSA-N,186.33899999999997,186.198365452,3.755500000000003,20.23,1,1,9,0,0,0,0,1.0,13,1,80,0,0.0458764194593103,-0.3960881674415584
935,ClC(=O)c1ccccc1F,479.25,True,RAAGZOYMEQDCTD-UHFFFAOYSA-N,158.55899999999997,157.993470648,2.2047,17.07,0,1,1,1,1,0,0,0.0,10,3,52,0,0.2548452072624653,-0.27549599327709434
936,CCn1cccc1C(C)=O,484.25,True,HQADRFRTIALOCB-UHFFFAOYSA-N,137.182,137.084063972,1.7106,22.0,0,1,2,1,1,0,1,0.375,10,2,54,0,0.1756317103636805,-0.3454030234959732
937,O=CCCCCCCCC=C,484.25,True,AKMSQWLDTSOVME-UHFFFAOYSA-N,154.25300000000001,154.135765196,3.102000000000002,17.07,0,1,8,0,0,0,0,0.7,11,1,64,0,0.11949019867033624,-0.3034029081494581
938,OCC(C)CCCC(C)=C,335.25,True,GUIBQTSZYLPXBH-UHFFFAOYSA-N,142.242,142.135765196,2.3612,20.23,1,1,5,0,0,0,0,0.7777777777777778,10,1,60,0,0.04561268072842109,-0.396099009671755
939,CC(CCc1ccccc1)C=O,526.25,True,RLFLIPVJQTWXKR-UHFFFAOYSA-N,162.23199999999997,162.104465068,2.4542,17.07,0,1,4,1,1,0,0,0.36363636363636365,12,1,64,0,0.12230359991344344,-0.30310038144252227
940,COC(=C(C)OC1C)C1=O,495.25,True,SIMKGHMLPVDSJE-UHFFFAOYSA-N,142.15399999999997,142.06299418,0.8521,35.53,0,3,1,1,0,1,1,0.5714285714285714,10,3,56,0,0.24038253911993368,-0.4899928520035325
941,CCCCCCCC1CC(C)OC1=O,443.25,True,ZFKUTGNRVJOCIO-UHFFFAOYSA-N,198.30599999999998,198.161979944,3.2985000000000024,26.3,0,2,6,1,0,1,1,0.9166666666666666,14,2,82,0,0.30883570587066667,-0.46242520292805706
942,CCCSP(OCC)(Oc1ccc(Br)cc1Cl)=O,373.25,True,QYMMJNLHFKGANY-UHFFFAOYSA-N,373.6360000000001,371.93514175,5.7691000000000034,35.53,0,4,7,1,1,0,0,0.45454545454545453,18,7,102,0,0.439677552118077,-0.41537954191857857
943,CCC1OC(CC)CC1,389.25,True,YKWLEIXVUHRKEF-UHFFFAOYSA-N,128.21499999999997,128.120115132,2.354,9.23,0,1,2,1,0,1,1,1.0,9,1,54,0,0.05768177036530867,-0.37501265922642024
944,CC(=O)OC(=C(C)OC1C)C1=O,516.25,True,VPKIUOQJQJVLRW-UHFFFAOYSA-N,170.164,170.0579088,0.7687999999999999,52.6,0,4,1,1,0,1,1,0.5,12,4,66,0,0.3077716852945687,-0.4830342514948425
945,Cc1sc(C)cn1,425.25,True,WVUHHPQQQLBMOE-UHFFFAOYSA-N,113.18499999999999,113.029920224,1.7599399999999998,12.89,0,2,0,1,1,0,1,0.4,7,2,38,0,0.0896100612501967,-0.24973498187874307
946,Cc1cccc2c1n1cnnc1s2,548.25,True,DQJCHOQLCLEDLL-UHFFFAOYSA-N,189.243,189.036068224,2.25242,30.19,0,3,0,3,3,0,2,0.1111111111111111,13,4,64,0,0.21655205362581065,-0.27177435032129793
947,N#CN,413.25,True,XZMCDFZZKTWFGF-UHFFFAOYSA-N,42.041,42.021798063999995,-0.57382,49.81,1,2,0,0,0,0,0,0.0,3,2,16,0,0.17317210874149724,-0.3372020950372943
948,S1CC1,330.25,True,VOVUARRWDCVURC-UHFFFAOYSA-N,60.121,60.003371128,0.7332,0.0,0,1,0,1,0,1,1,1.0,3,1,18,0,0.002384166839550356,-0.16028865317676033
949,FC(F)(F)C,320.45,True,UJPMYEOUBPIPHQ-UHFFFAOYSA-N,84.04,84.018684756,1.5685999999999998,0.0,0,0,0,0,0,0,0,1.0,5,3,32,0,0.38592038429099035,-0.1715150103307834
950,C=CCOC(=O)c1occc1,482.25,True,SJRQTHAMRUOPBJ-UHFFFAOYSA-N,152.149,152.047344116,1.6224,39.44,0,3,3,1,1,0,1,0.125,11,3,58,0,0.3740242025094224,-0.4573381861143257
951,CCCC(=O)c1occc1,468.25,True,GONWJZJNVDRECJ-UHFFFAOYSA-N,138.16599999999997,138.06807956,2.2624000000000004,30.21,0,2,3,1,1,0,1,0.375,10,2,54,0,0.19746837291407554,-0.461258913303107
952,ClC(Cl)C(F)(F)C(F)(F)F,324.35,True,COAUHYBSXMIJDK-UHFFFAOYSA-N,202.93699999999998,201.937546492,2.9876999999999994,0.0,0,0,1,0,0,0,0,1.0,10,7,62,0,0.45572003758988056,-0.19318146567143002
953,CCCc1occc1,388.25,True,CPLJMYOQYRCCBY-UHFFFAOYSA-N,110.15599999999996,110.07316494,2.2321,13.14,0,1,2,1,1,0,1,0.42857142857142855,8,1,44,0,0.10324528491494542,-0.46936900046315005
954,CCC1=C(O)C(CC1C)=O,534.25,True,RSVAFMGHIDKYKB-UHFFFAOYSA-N,140.18199999999996,140.083729624,1.8174000000000001,37.3,1,2,1,1,0,1,0,0.625,10,2,56,0,0.1971488779074172,-0.5043843397577237
955,CC(C)SSC(C)C,450.25,True,LZAZXBXPKRULLB-UHFFFAOYSA-N,150.312,150.053692448,3.1846000000000023,0.0,0,2,3,0,0,0,0,1.0,8,2,50,0,0.009449723408145401,-0.09104259102274628
956,CSCCCC=O,388.25,True,RZBUXNXJKZHGLL-UHFFFAOYSA-N,118.201,118.04523594,1.3285,17.07,0,2,4,0,0,0,0,0.8,7,2,42,0,0.11952055114742939,-0.3034023631865995
957,CC(=O)C(C)=O,360.75,True,QSJXEFYPDANLFS-UHFFFAOYSA-N,86.08999999999999,86.036779432,0.1644000000000001,34.14,0,2,1,0,0,0,0,0.5,6,2,34,0,0.19451404848392276,-0.2912343143503756
958,FC(F)(F)C(F)C(F)(F)F,289.59,True,YFMFNYKEUDLDTL-UHFFFAOYSA-N,170.027,169.996647572,2.4490999999999996,0.0,0,0,0,0,0,0,0,1.0,10,7,62,0,0.42822191899892875,-0.22720822226482168
959,CCCCCC(=O)C=C,333.25,True,KLTVSWGXIAYTHO-UHFFFAOYSA-N,126.19899999999998,126.104465068,2.3218000000000005,17.07,0,1,5,0,0,0,0,0.625,9,1,52,0,0.15459885800421178,-0.2948886433585109
960,CC1(CC=C(C)CC1)C(C)=O,484.25,True,BIUSXTISNNLMOR-UHFFFAOYSA-N,152.237,152.120115132,2.711900000000001,17.07,0,1,1,1,0,1,0,0.7,11,1,62,0,0.13550710875448432,-0.29940006180600276
961,CC(C)c1ccc(CC=O)cc1,516.25,True,FSKGFRBHGXIDSA-UHFFFAOYSA-N,162.23199999999997,162.104465068,2.551400000000001,17.07,0,1,3,1,1,0,0,0.36363636363636365,12,1,64,0,0.1238604964776292,-0.30302837742791566
962,OCC=Cc1ccccc1,531.25,True,OOCCDEMITAIZTP-UHFFFAOYSA-N,134.178,134.07316494,1.6921,20.23,1,1,2,1,1,0,0,0.1111111111111111,10,1,52,0,0.06151738150453162,-0.3922954491931637
963,SCCc1ccccc1,491.25,True,ZMRFRBHYXOQLDK-UHFFFAOYSA-N,138.23499999999999,138.05032132,2.1589,0.0,1,1,2,1,1,0,0,0.25,9,1,48,0,-0.0057354451285591135,-0.17901809089883178
964,CC(CCCC(C)=O)CCC=C(C)C,507.25,True,LGVYUZVANMHKHV-UHFFFAOYSA-N,196.33399999999997,196.182715388,4.128200000000004,17.07,0,1,7,0,0,0,0,0.7692307692307693,14,1,82,0,0.129340128031115,-0.30003102198676096
965,S(SCc1occc1)Cc1occc1,503.25,True,CBJPZHSWLMJQRI-UHFFFAOYSA-N,226.322,226.01222156,3.954200000000002,26.28,0,4,5,2,2,0,2,0.2,14,4,74,0,0.11400709784352728,-0.4684511609618615
966,O(Cc1occc1)Cc1occc1,374.25,True,YEQMNLGBLPBBNI-UHFFFAOYSA-N,178.18699999999998,178.06299418,2.5894000000000004,35.510000000000005,0,3,4,2,2,0,2,0.2,13,3,68,0,0.12895081380401838,-0.4668980744139287
967,CCC(=O)C(CC)=O,398.25,True,KVFQMAZOBTXCAZ-UHFFFAOYSA-N,114.14399999999999,114.06807956,0.9446,34.14,0,2,3,0,0,0,0,0.6666666666666666,8,2,46,0,0.19759338848539185,-0.2909153124024371
968,CCCCc1occc1,413.25,True,NWZIYQNUCXUJJJ-UHFFFAOYSA-N,124.18299999999996,124.088815004,2.622200000000001,13.14,0,1,3,1,1,0,1,0.5,9,1,50,0,0.10325553779461026,-0.4693688155339281
969,CCCCCC(CCC)=O,461.25,True,TYBCSQFBSWACAA-UHFFFAOYSA-N,142.242,142.135765196,2.935900000000001,17.07,0,1,6,0,0,0,0,0.8888888888888888,10,1,60,0,0.13240090466793936,-0.299718099002525
970,FCC(OC)=O,377.75,True,RJBYSQHLLIHSLT-UHFFFAOYSA-N,92.069,92.02735762,0.12890000000000007,26.3,0,2,1,0,0,0,0,0.6666666666666666,6,3,36,0,0.33676324597328156,-0.46707771835739265
971,CN(N=O)C=C,320.25,True,AWZVYNHQGTZJIH-UHFFFAOYSA-N,86.094,86.048012812,0.7430999999999999,32.67,0,2,2,0,0,0,0,0.3333333333333333,6,3,34,0,0.056494256326255154,-0.24025495971660538
972,CCOC(CF)=O,394.85,True,VCYZVXRKYPKDQB-UHFFFAOYSA-N,106.096,106.043007684,0.5190000000000001,26.3,0,2,2,0,0,0,0,0.75,7,3,42,0,0.3370286012896081,-0.46405146878221554
973,N#CC#N,294.35,True,JMANVNJQNLATNU-UHFFFAOYSA-N,52.035999999999994,52.006147999999996,0.03356,47.58,0,2,0,0,0,0,0,0.0,4,2,18,0,0.18063446352113421,-0.18063446352113421
974,NCCCCCN,452.25,True,VHRGRCVQAFMJIZ-UHFFFAOYSA-N,102.18100000000001,102.11569844799999,0.07410000000000017,52.04,2,2,4,0,0,0,0,1.0,7,2,44,0,-0.007726731672953336,-0.33047349727691466
975,CCCCCON=O,377.75,True,CSDTZUBPSYWZDX-UHFFFAOYSA-N,117.148,117.078978592,1.8745999999999998,38.66,0,3,5,0,0,0,0,1.0,8,3,48,0,0.15465977657200958,-0.3640821829364153
976,ClC(Cl)=S,346.25,True,ZWZVWGITAAIFPS-UHFFFAOYSA-N,114.98400000000001,113.90977636,1.7489,0.0,0,1,0,0,0,0,0,0.0,4,3,24,0,0.16886850490414446,-0.0579280975267622
977,CC1CCC=C2CCC(CC21C)C(C)=C,396.25,True,QEBNYNLSCGVZOH-UHFFFAOYSA-N,204.35699999999994,204.187800768,4.7252000000000045,0.0,0,0,1,2,0,2,0,0.7333333333333333,15,0,84,0,-0.008497717943209054,-0.09986008374450585
978,COC(C1CCCCC1)=O,456.25,True,ZQWPRMPSCMSAJU-UHFFFAOYSA-N,142.198,142.099379688,1.7397,26.3,0,2,1,1,0,1,0,0.875,10,2,58,0,0.3081490924554469,-0.468791909129792
979,OC(C)C(C)(C)C,393.65,True,DFOXKPDFWGNLJU-UHFFFAOYSA-N,102.17699999999999,102.104465068,1.4133,20.23,1,1,0,0,0,0,0,1.0,7,1,44,0,0.055988460991076384,-0.39287306240248776
980,CC(C)C1(CC2)OC2(C)CC1,338.25,True,RFFOTVCVTJUTAD-UHFFFAOYSA-N,154.25299999999996,154.135765196,2.7441000000000013,9.23,0,1,1,2,0,2,2,1.0,11,1,64,0,0.07143769189807966,-0.36856802111215203
981,CC1(CCC2CC1)OC2(C)C,449.25,True,WEEGYLXZBRQIMU-UHFFFAOYSA-N,154.253,154.135765196,2.7441000000000013,9.23,0,1,0,3,0,3,2,1.0,11,1,64,0,0.06617640341770792,-0.3691300164664661
982,OC(=O)C#C,417.25,True,UORVCLMRJXCDCP-UHFFFAOYSA-N,70.047,70.005479304,-0.2957999999999999,37.3,1,1,0,0,0,0,0,0.0,5,2,26,0,0.38113964178090526,-0.4716348271194166
983,CC1(C)CCCC(C)=C1CC=O,332.25,True,VHTFHZGAMYUZEP-UHFFFAOYSA-N,166.26399999999998,166.135765196,3.102000000000002,17.07,0,1,2,1,0,1,0,0.7272727272727273,12,1,68,0,0.12355306562367727,-0.30304084618808397
984,CC1CCC2CC1C2(C)C,442.25,True,XOKSLPVRUOBDEW-UHFFFAOYSA-N,138.254,138.140850576,3.0786000000000016,0.0,0,0,0,3,0,3,0,1.0,10,0,58,0,-0.02948387800766573,-0.06222395552599654
985,CC1(C)C2CC1C(O)C=C2C,488.25,True,WONIGEXYPVIKFS-UHFFFAOYSA-N,152.23699999999997,152.120115132,1.9695,20.23,1,1,0,3,0,3,0,0.8,11,1,62,0,0.07567192296733799,-0.3887259814937307
986,CCc1ccc(C=O)cc1,495.25,True,QNGNSVIICDLXHT-UHFFFAOYSA-N,134.17799999999997,134.07316494,2.0615,17.07,0,1,2,1,1,0,0,0.2222222222222222,10,1,52,0,0.1495483631965972,-0.2978964088563823
987,CN(c1c(cc(cc1N(=O)=O)N(=O)=O)N(=O)=O)N(=O)=O,460.25,True,AGUIVNYEYSCPNI-UHFFFAOYSA-N,287.144,287.01381212,1.0391,175.79999999999998,0,8,5,1,1,0,0,0.14285714285714285,20,13,106,0,0.31217785091268396,-0.2583022944471529
988,CC(C)Oc1ccccc1O,375.25,True,ZNCUUYCDKVNVJH-UHFFFAOYSA-N,152.19299999999998,152.083729624,2.1794000000000007,29.46,1,2,2,1,1,0,0,0.3333333333333333,11,2,60,0,0.16079687142826826,-0.5042544428981035
989,COc1c(OC)c2OCOc2cc1CC=C,565.25,True,LIKYNOPXHGPMIH-UHFFFAOYSA-N,222.23999999999995,222.089208928,2.1609999999999996,36.92,0,4,4,2,1,1,1,0.3333333333333333,16,4,86,0,0.23102044230116614,-0.4924046331686794
990,CCCCCc1sccc1,369.25,True,NOYVOSGVFSEKPR-UHFFFAOYSA-N,154.27800000000002,154.081621448,3.480800000000002,0.0,0,1,4,1,1,0,1,0.5555555555555556,10,1,56,0,0.004516957617115842,-0.14894243904359683
991,CC(C)OC(=O)Cc1ccccc1,438.25,True,SSMBXPJYHMZLOJ-UHFFFAOYSA-N,178.23100000000002,178.099379688,2.1807,26.3,0,2,3,1,1,0,0,0.36363636363636365,13,2,70,0,0.31000847860804714,-0.4627095313850241
992,COc1cc(CC=C)cc(OC)c1OC,429.25,True,BPLQKQKXWHCZSS-UHFFFAOYSA-N,208.25699999999998,208.109944372,2.4409,27.69,0,3,5,1,1,0,0,0.3333333333333333,15,3,82,0,0.20277410388585929,-0.4927044595382673
993,Cc(cc1C)cc(C)c1C=O,511.75,True,HIKRJHFHGKZKRI-UHFFFAOYSA-N,148.20499999999998,148.088815004,2.424360000000001,17.07,0,1,1,1,1,0,0,0.3,11,1,58,0,0.15008269156978335,-0.29787465685120496
994,CC(C)C(=CC1=O)C(=O)C=C1C,505.25,True,KEQHJBNSCLWCAE-UHFFFAOYSA-N,164.20399999999998,164.083729624,1.6669,34.14,0,2,1,1,0,1,0,0.4,12,2,64,0,0.18211595507845382,-0.28965062040380274
995,CC(C)C1CCC(C)=CC1O,505.25,True,HPOHAUWWDDPHRS-UHFFFAOYSA-N,154.25300000000001,154.135765196,2.359600000000001,20.23,1,1,1,1,0,1,0,0.8,11,1,64,0,0.07536285753727788,-0.3887378961577784
996,CC(CCC1=C(C)C)=CC1=O,380.25,True,HKZQJZIFODOLFR-UHFFFAOYSA-N,150.22099999999998,150.104465068,2.6320000000000006,17.07,0,1,0,1,0,1,0,0.5,11,1,60,0,0.1812009289055604,-0.28965852052668867
997,Cc1c2ccccc2ncc1,536.25,True,MUDSDYNRBDKLGK-UHFFFAOYSA-N,143.189,143.073499288,2.5432200000000007,12.89,0,1,0,2,2,0,1,0.1,11,1,54,0,0.07041046852678592,-0.25624611984768453
998,C(CCC1c2cccnc2)N1,543.25,True,MYKUKUCHPMASKF-UHFFFAOYSA-N,148.209,148.100048384,1.5061,24.92,1,2,1,2,1,1,2,0.4444444444444444,11,2,58,0,0.03354695467535922,-0.3098826775220195
999,CCC(OC=CC1=O)=C1O,563.25,True,YIKYNHJUKRTCJL-UHFFFAOYSA-N,140.13799999999998,140.047344116,0.9077999999999999,50.44,1,3,1,1,1,0,1,0.2857142857142857,10,3,54,0,0.22628038049470434,-0.5017886851735792
1000,OCc1cc2OCOc2cc1,430.25,True,BHUIUXNAPJIDOG-UHFFFAOYSA-N,152.149,152.047344116,0.9076,38.69,1,3,1,2,1,1,1,0.25,11,3,58,0,0.2308003753157496,-0.453595469455275
1001,C(Oc1cc2)Cc1cc2,462.25,True,HBEDSQVIWPRPAY-UHFFFAOYSA-N,120.15099999999998,120.057514876,1.6215,9.23,0,1,0,2,1,1,1,0.25,9,1,46,0,0.1221200270405637,-0.4929594843455035
1002,Cc(ccc1N)cc1N,538.25,True,DGRGLKZMKWPMOH-UHFFFAOYSA-N,122.17100000000002,122.08439831999999,1.1594200000000001,52.04,2,2,0,1,1,0,0,0.14285714285714285,9,2,48,0,0.0549939343843081,-0.39706230916172786
1003,O=C1C=CCO1,360.25,True,VIHAEDVKXSOUAT-UHFFFAOYSA-N,84.07400000000001,84.021129368,0.09939999999999993,26.3,0,2,0,1,0,1,1,0.25,6,2,32,0,0.3303606391770623,-0.45828899716467714
1004,OCc(ccc1O)cc1OC,586.25,True,ZENOXNGFMSCLLL-UHFFFAOYSA-N,154.16499999999996,154.06299418,0.8930999999999998,49.69,2,3,2,1,1,0,0,0.25,11,3,60,0,0.16033567848250482,-0.5042545886858811
1005,CC(C)C(CCC1C)CC1O,495.25,True,ULJXKUJMXIVDOY-UHFFFAOYSA-N,156.269,156.15141526,2.439500000000001,20.23,1,1,1,1,0,1,0,1.0,11,1,66,0,0.05680536329140966,-0.39284203142904134
1006,CC(C)C(CCC1C)CC1=O,382.25,True,GCRTVIUGJCJVDD-UHFFFAOYSA-N,154.253,154.135765196,2.6477000000000013,17.07,0,1,1,1,0,1,0,0.9,11,1,64,0,0.13548617591516213,-0.299403232010917
1007,OC(C)C(O)=O,395.25,True,JVTAAEKCZFNVCJ-UHFFFAOYSA-N,90.07799999999999,90.031694052,-0.5482,57.53,2,2,1,0,0,0,0,0.6666666666666666,6,3,36,0,0.3317230795714236,-0.4793355989963274
1008,ClC(Cl)(Cl)C(c(cc1)ccc1Cl)c(cc1)ccc1Cl,533.25,True,YVGGHNCTFXOJCH-UHFFFAOYSA-N,354.4910000000001,351.914688688,6.495500000000003,0.0,0,0,2,2,2,0,0,0.14285714285714285,19,5,100,0,0.2008590133369853,-0.08434412664200656
1009,c(ccc1c2ccc(cccc3cc4)c3c2c4c2)cc21,585.25,True,FMMWHPNWAFZXNH-UHFFFAOYSA-N,252.31599999999997,252.093900384,5.737200000000003,0.0,0,0,0,5,5,0,0,0.0,20,0,92,0,-0.0020351483441468734,-0.06162863921924358
1010,CNCCCN1c2ccccc2CCc2ccccc12,447.25,True,HCYAFALTSJYZDH-UHFFFAOYSA-N,266.388,266.178298704,3.5328000000000026,15.27,1,2,4,3,2,1,1,0.3333333333333333,20,2,104,0,0.04429611178287758,-0.3409909711776165
1011,CN(C)CCCN1c2ccccc2CCc2ccccc12,433.25,True,BCGWQEUPMDMJNV-UHFFFAOYSA-N,280.415,280.193948768,3.8750000000000027,6.48,0,2,4,3,2,1,1,0.3684210526315789,21,2,110,0,0.04429611292444658,-0.34099081171219864
1012,OC(CCc1ccccc1)=O,553.25,True,XMIIGOLPHOKFCH-UHFFFAOYSA-N,150.17699999999996,150.06807956,1.7038,37.3,1,1,3,1,1,0,0,0.2222222222222222,11,2,58,0,0.3031777626958257,-0.4812219344108281
1013,C=CCc(cc1)ccc1O,509.25,True,RGIBXDHONMXTLI-UHFFFAOYSA-N,134.17799999999997,134.07316494,2.1207000000000007,20.23,1,1,2,1,1,0,0,0.1111111111111111,10,1,52,0,0.11509521726132517,-0.5079666421533797
1014,OCCc(cc1)ccc1O,584.25,True,YCCILVSKPBXVIP-UHFFFAOYSA-N,138.16599999999997,138.06807956,0.9269999999999998,40.46,2,2,2,1,1,0,0,0.25,10,2,54,0,0.11509486333821514,-0.5079666451601433
1015,CC(CCC=C(C)C)CC(O)=O,395.25,True,GJWSUKYXUMVMGX-UHFFFAOYSA-N,170.25199999999998,170.130679816,2.8436000000000003,37.3,1,1,5,0,0,0,0,0.7,12,2,70,0,0.30311141628448174,-0.4812229353222735
1016,CCCCC(CCCC)=O,461.65,True,WSGCRAOTEDLMFQ-UHFFFAOYSA-N,142.242,142.135765196,2.935900000000001,17.07,0,1,6,0,0,0,0,0.8888888888888888,10,1,60,0,0.13241096905332483,-0.2997179119890417
1017,O1CCC1,321.25,True,AHHWIHXENZJRFG-UHFFFAOYSA-N,58.07999999999999,58.041864812,0.40670000000000006,9.23,0,1,0,1,0,1,1,1.0,4,1,24,0,0.048750503369774996,-0.3812719221141719
1018,ClCC=C(C)C,382.25,True,JKXQKGNGJVZKFA-UHFFFAOYSA-N,104.58,104.039277968,2.1914,0.0,0,0,1,0,0,0,0,0.6,6,1,36,0,0.04060756099263068,-0.12219912362958146
1019,CC(C)CC(O)=O,449.75,True,GWYFCOCPABKNJV-UHFFFAOYSA-N,102.13299999999998,102.06807956,1.1171,37.3,1,1,2,0,0,0,0,0.8,7,2,42,0,0.3031005498589827,-0.4812230637329638
1020,Nc1ccncc1,546.25,True,NUKYPUAOHBNCPY-UHFFFAOYSA-N,94.11699999999999,94.053098192,0.6638000000000001,38.91,1,2,0,1,1,0,1,0.0,7,2,36,0,0.03443645738909061,-0.39863899092187605
1021,OCCCSC,363.25,True,CZUGFKJYCPYHHV-UHFFFAOYSA-N,106.19,106.04523594,0.7318,20.23,1,2,3,0,0,0,0,1.0,6,2,38,0,0.0438392612690251,-0.3963451611891807
1022,C1OCCCO1,378.25,True,VDFVNEFVBPFDSB-UHFFFAOYSA-N,88.106,88.052429496,0.3808,18.46,0,2,0,1,0,1,1,1.0,6,2,36,0,0.14620559635407007,-0.3553413538390532
1023,S1CCSCC1,388.85,True,LOZWAPSEEHRYPG-UHFFFAOYSA-N,120.242,120.006742256,1.4664,0.0,0,2,0,1,0,1,1,1.0,6,2,36,0,0.002384166839550356,-0.16028865317676033
1024,OC(CCCCCCC(O)=O)=O,618.75,True,TYFQFVWCELRYAO-UHFFFAOYSA-N,174.196,174.089208928,1.4962,74.6,2,2,7,0,0,0,0,0.75,12,4,70,0,0.3028395565382986,-0.4812303897852094
1025,ClCCSCCCl,490.25,True,QKSKPIVNLNLAAV-UHFFFAOYSA-N,159.08100000000002,157.972376616,2.1972000000000005,0.0,0,1,4,0,0,0,0,1.0,7,3,44,0,0.031378726221296956,-0.15952773075361587
1026,CCCCCCCCCCCCCCCCC(O)=O,637.25,True,KEMQGTRYUADPNZ-UHFFFAOYSA-N,270.45699999999994,270.255880328,5.9424000000000055,37.3,1,1,15,0,0,0,0,0.9411764705882353,19,2,114,0,0.30283955653218375,-0.481230389785217
1027,CCCCCCCCCCCCCCCCCCCC(O)=O,601.25,True,VKOBVWXKNCXXDE-UHFFFAOYSA-N,312.53799999999995,312.30283052,7.112700000000007,37.3,1,1,18,0,0,0,0,0.95,22,2,132,0,0.30283955653218375,-0.481230389785217
1028,BrC#N,334.75,True,ATDGTVJJHBUTRL-UHFFFAOYSA-N,105.922,104.9214111,0.86238,23.79,0,1,0,0,0,0,0,0.0,3,2,16,0,0.14199116012236693,-0.1847406628408894
1029,ClC#N,286.25,True,QPJDMGCKMHUXFD-UHFFFAOYSA-N,61.471,60.971926679999996,0.70628,23.79,0,1,0,0,0,0,0,0.0,3,2,16,0,0.1726207276751303,-0.17924127024721484
1030,IC#N,318.25,True,WPBXOELOQKLBDF-UHFFFAOYSA-N,152.922,152.907547,0.9024800000000001,23.79,0,1,0,0,0,0,0,0.0,3,2,16,0,0.13436968965543664,-0.1860409837442718
1031,CC(Br)=O,347.25,True,FXXACINHVKSMDR-UHFFFAOYSA-N,122.94899999999998,121.936726816,0.9278,17.07,0,1,0,0,0,0,0,0.5,4,2,24,0,0.19424015597690036,-0.28701751997258046
1032,CCOC(=O)c1ccoc1c1ccccc1,605.25,True,VMAQXZDICAYJMS-UHFFFAOYSA-N,216.236,216.078644244,3.1233000000000013,39.44,0,3,3,2,2,0,1,0.15384615384615385,16,3,82,0,0.3415712782756342,-0.4634309040112407
1033,OCC(CC)=O,427.25,True,GFAZHVHNLUBROE-UHFFFAOYSA-N,88.106,88.052429496,-0.042200000000000015,37.3,1,2,2,0,0,0,0,0.75,6,2,36,0,0.15740701581985117,-0.38859240492201275
1034,CC1(C)C2CC(C3C2)C13C,426.25,True,RRBYUSWBLVXTQN-UHFFFAOYSA-N,136.238,136.125200512,2.6885000000000012,0.0,0,0,0,4,0,4,0,1.0,10,0,56,0,-0.02094434935809854,-0.05910002003763287
1035,O=N(=O)C(N(=O)=O)(N(=O)=O)N(=O)=O,399.25,True,NYTOUQBROMCLBJ-UHFFFAOYSA-N,196.031,195.97161296000002,-1.2954999999999997,172.56,0,8,4,0,0,0,0,1.0,13,12,72,0,0.9549442702762805,-0.24622522583260242
1036,c1cc2nc[nH]c2cc1,633.25,True,HYZJCKYKOHLVJF-UHFFFAOYSA-N,118.13899999999997,118.053098192,1.5628999999999997,28.68,1,1,0,2,2,0,1,0.0,9,2,44,0,0.09313706243735365,-0.3445965870845696
1037,Fc1c[nH]c(=O)[nH]c1=O,556.25,True,GHASVSINZRGABV-UHFFFAOYSA-N,130.078,130.017855556,-0.7977000000000001,65.72,2,2,0,1,1,0,1,0.0,9,5,48,0,0.3253471361874118,-0.3111557027192775
1038,NCCc1[nH]cnc1,483.25,True,NTYJJOPFIAHURM-UHFFFAOYSA-N,111.14799999999998,111.07964728799999,-0.08910000000000057,54.7,2,2,2,1,1,0,1,0.4,8,3,44,0,0.09212696997889101,-0.3484583637453817
1039,NC(C)Cc1ccccc1,476.25,True,KWTSXDURSIMDCE-UHFFFAOYSA-N,135.20999999999998,135.104799416,1.5762999999999998,26.02,1,1,2,1,1,0,0,0.3333333333333333,10,1,54,0,0.005086239071797018,-0.32765583199596715
1040,NCCc(cc1)ccc1O,439.25,True,DZGWFCGJZKJUFP-UHFFFAOYSA-N,137.18199999999996,137.084063972,0.8934,46.25,2,2,2,1,1,0,0,0.25,10,2,54,0,0.11509485320619217,-0.5079666452003015
1041,ClCCN(C)CCCl,360.25,True,HAWPXGHAZFHHAD-UHFFFAOYSA-N,156.05599999999998,155.026854712,1.3958000000000002,3.24,0,1,4,0,0,0,0,1.0,8,3,50,0,0.03505590660394677,-0.30400231708502023
1042,CCOC(=O)N,458.25,True,JOYRKODLDBILNP-UHFFFAOYSA-N,89.09400000000001,89.047678464,0.10160000000000013,52.32,1,2,1,0,0,0,0,0.6666666666666666,6,3,36,0,0.40397583424515676,-0.4500081277705684
1043,CCCCCCCC(O)C=C,488.25,True,NSFWLHKFTGZFBP-UHFFFAOYSA-N,156.269,156.15141526,2.8938000000000015,20.23,1,1,7,0,0,0,0,0.8,11,1,66,0,0.07178455613334002,-0.38906063596321055
1044,CC(C)C(C)(C(C)C)C(=O)NC,507.25,True,RWAXQWRDVUOOGG-UHFFFAOYSA-N,171.284,171.162314292,2.0507,29.1,1,1,3,0,0,0,0,0.9,12,2,72,0,0.22569675398210795,-0.35868738633058106
1045,COP(OC)(OC)=O,470.45,True,WVLBCYQITXONBZ-UHFFFAOYSA-N,140.075,140.023845398,1.0336999999999998,44.760000000000005,0,4,3,0,0,0,0,1.0,8,5,50,0,0.47346724969102466,-0.2902439117977184
1046,COCC(C)N(c1c(CC)cccc1C)C(CCl)=O,373.25,True,WVQBLGZPHOPPFO-UHFFFAOYSA-N,283.79900000000004,283.13390662399996,3.1641200000000023,29.54,0,2,6,1,1,0,0,0.5333333333333333,19,4,106,0,0.2417515170158824,-0.382547052258071
1047,ClC=C(C)C,341.25,True,KWISWUFGPUHDRY-UHFFFAOYSA-N,90.553,90.023627904,2.1489000000000003,0.0,0,0,0,0,0,0,0,0.5,5,1,30,0,0.002884800612151729,-0.09302562152233955
1048,SCC(C)C,361.75,True,BDFAOUQQXJIZDG-UHFFFAOYSA-N,90.191,90.05032132,1.5722,0.0,1,1,1,0,0,0,0,1.0,5,1,32,0,-0.007476657022712987,-0.1790956929386796
1049,CCC(N)C,336.25,True,BHRZNVHARXXAHW-UHFFFAOYSA-N,73.139,73.08914935199999,0.7436,26.02,1,1,1,0,0,0,0,1.0,5,1,32,0,0.00078053693680305,-0.32799794981906344
1050,CCC(C)S,358.25,True,LOCHFZBWPCLPAN-UHFFFAOYSA-N,90.19099999999999,90.05032132,1.7147,0.0,1,1,1,0,0,0,0,1.0,5,1,32,0,-0.0014211202640663212,-0.17622994693100383
1051,OC(C)C(C)=O,421.25,True,ROWKJAVDOGWPAT-UHFFFAOYSA-N,88.106,88.052429496,-0.04380000000000006,37.3,1,2,1,0,0,0,0,0.75,6,2,36,0,0.15741111984993675,-0.3856390817220484
1052,ClC(Cl)C(C)=O,393.25,True,CSVFWMMPUJDVKH-UHFFFAOYSA-N,126.97,125.963920108,1.3790999999999998,17.07,0,1,1,0,0,0,0,0.6666666666666666,6,3,36,0,0.16494385072759957,-0.2969654323221879
1053,CC1(C)C2CC1CC=C2CO,495.25,True,RXBQNMWIQKOSCS-UHFFFAOYSA-N,152.237,152.120115132,1.9711000000000003,20.23,1,1,1,3,0,3,0,0.8,11,1,62,0,0.06441746347418471,-0.3920128196488057
1054,OCCC(S)CCC,471.25,True,TYZFMFVWHZKYSE-UHFFFAOYSA-N,134.244,134.076536068,1.4672999999999998,20.23,2,2,4,0,0,0,0,1.0,8,2,50,0,0.04409901831959123,-0.39633422013705266
1055,Oc1cccc(C)c1C,498.25,True,QWBBPBRQALCEIZ-UHFFFAOYSA-N,122.16699999999999,122.07316494,2.0090399999999997,20.23,1,1,0,1,1,0,0,0.25,9,1,48,0,0.11824500517075914,-0.5076768161260042
1056,CC1(C)C(C1C(OCc1cc(Oc2ccccc2)ccc1)=O)C=C(Cl)Cl,563.25,True,RLLPVAHGXHCWKJ-UHFFFAOYSA-N,391.2940000000001,390.07894985999997,6.113300000000003,35.53,0,3,6,3,2,1,0,0.2857142857142857,26,5,136,0,0.3099576442525119,-0.46056326507769046
1057,Cc(cc1C)cc(C)c1O,493.25,True,BPRYUXCVCCNUFE-UHFFFAOYSA-N,136.194,136.088815004,2.317460000000001,20.23,1,1,0,1,1,0,0,0.3333333333333333,10,1,54,0,0.1209035857971855,-0.507407026806241
1058,CC(C)c1ccccc1C,451.25,True,WWRCMNKATXZARA-UHFFFAOYSA-N,134.22199999999995,134.109550448,3.118420000000002,0.0,0,0,1,1,1,0,0,0.4,10,0,54,0,-0.021620110476504122,-0.061984498756323086
1059,OCCSC,444.25,True,WBBPRCNXBQTYLF-UHFFFAOYSA-N,92.163,92.029585876,0.3416999999999999,20.23,1,2,2,0,0,0,0,1.0,5,2,32,0,0.05211147119651658,-0.3955187414507736
1060,O=N(=O)c1ccccc1N(=O)=O,592.25,True,IZUKQUVSCNEFMJ-UHFFFAOYSA-N,168.10799999999995,168.017106608,1.503,86.28,0,4,2,1,1,0,0,0.0,12,6,62,0,0.34552849520105905,-0.2580873293823211
1061,SCC=C(C)C,408.25,True,GYDPOKGOQFTYGW-UHFFFAOYSA-N,102.202,102.05032132,1.8823999999999999,0.0,1,1,1,0,0,0,0,0.6,6,1,36,0,0.008492945297329623,-0.17518569203136425
1062,CCc(ccc1C)cc2c1ccc2C,432.25,True,GXGJIOMUZAGVEH-UHFFFAOYSA-N,184.28199999999998,184.125200512,3.970640000000003,0.0,0,0,1,2,0,2,0,0.2857142857142857,14,0,72,0,-0.014932797060468565,-0.06129377025597267
1063,CC(C1CC2CC1)=C2C,414.25,True,LSIXBBPOJBJQHN-UHFFFAOYSA-N,122.211,122.109550448,2.752700000000001,0.0,0,0,0,2,0,2,0,0.7777777777777778,9,0,50,0,-0.019740707252751018,-0.07099149268977364
1064,Cc1ccccc1C=O,473.25,True,BTFQKIATRPGRBS-UHFFFAOYSA-N,120.15099999999998,120.057514876,1.80752,17.07,0,1,1,1,1,0,0,0.125,9,1,46,0,0.14981509489238043,-0.2978855399676184
1065,O=C1c2ccccc2CCC1,530.25,True,XHLHPRDBBAGVEG-UHFFFAOYSA-N,146.18899999999996,146.07316494,2.2056000000000004,17.07,0,1,0,2,1,1,0,0.3,11,1,56,0,0.16266138570030203,-0.2941849396206128
1066,OC(CC1CCCCC1)=O,516.25,True,LJOODBDWMQKMFB-UHFFFAOYSA-N,142.198,142.099379688,2.0414,37.3,1,1,2,1,0,1,0,0.875,10,2,58,0,0.3031219028782139,-0.4812228089357561
1067,c(ccc1c2cc3c4)cc1ccc2cc3c1ccccc1c4,797.25,True,LHRCREOYAASXPZ-UHFFFAOYSA-N,278.354,278.109550448,6.299400000000004,0.0,0,0,0,5,5,0,0,0.0,22,0,102,0,-0.009901822245367514,-0.061628992689790385
1068,ClCC(=O)c1ccccc1,520.25,True,IMACFCSSMIZSPP-UHFFFAOYSA-N,154.59599999999998,154.018542524,2.1081,17.07,0,1,2,1,1,0,0,0.125,10,2,52,0,0.17707342753649524,-0.2928353593221299
1069,CC(=O)Oc1ccccc1C,481.25,True,AMZORBZSQRUXNC-UHFFFAOYSA-N,150.17699999999996,150.06807956,1.92032,26.3,0,2,1,1,1,0,0,0.2222222222222222,11,2,58,0,0.30753355358100776,-0.4264482263582735
1070,ClCC(CCl)=O,446.65,True,SUNMBRGCANLOEG-UHFFFAOYSA-N,126.97,125.963920108,1.0331,17.07,0,1,2,0,0,0,0,0.6666666666666666,6,3,36,0,0.16177204066973358,-0.2970163380692438
1071,Cc1cc(cc(c1O)N(=O)=O)N(=O)=O,585.25,True,ZXVONLUNISGICL-UHFFFAOYSA-N,198.134,198.027671292,1.5170200000000003,106.50999999999999,1,5,2,1,1,0,0,0.14285714285714285,14,7,74,0,0.31734699518312387,-0.5019019826977436
1072,OC(C)C(O)C,455.25,True,OWBTYPJTUOEWEK-UHFFFAOYSA-N,90.122,90.06807956,-0.252,40.46,2,2,1,0,0,0,0,1.0,6,2,38,0,0.07678369378081898,-0.39073832390870694
1073,CSC(C)C(C)=O,451.25,True,HFVLNCDRAMUMCC-UHFFFAOYSA-N,118.201,118.04523594,1.3269,17.07,0,2,2,0,0,0,0,0.8,7,2,42,0,0.14195695880627646,-0.2987886739929538
1074,CC(C)CC(=O)Cc1ccccc1,524.25,True,DTYGTEGDVPAKDA-UHFFFAOYSA-N,176.25900000000001,176.120115132,2.8443000000000014,17.07,0,1,4,1,1,0,0,0.4166666666666667,13,1,70,0,0.13702157853145097,-0.29933130990971873
1075,CC(C)c(ccc1)cc1C,448.25,True,XCYJPXQACVEIOS-UHFFFAOYSA-N,134.22199999999995,134.109550448,3.118420000000002,0.0,0,0,1,1,1,0,0,0.4,10,0,54,0,-0.02187246738578402,-0.06172028444776765
1076,OCc1ccc(C(C)C)cc1,409.25,True,OIGWAXDAPKFNCQ-UHFFFAOYSA-N,150.221,150.104465068,2.3023000000000007,20.23,1,1,2,1,1,0,0,0.4,11,1,60,0,0.06813727025648833,-0.39168046569181536
1077,CCc1cccnc1,439.25,True,MFEIKQPHQINPRI-UHFFFAOYSA-N,107.15599999999998,107.073499288,1.644,12.89,0,1,1,1,1,0,1,0.2857142857142857,8,1,42,0,0.029924151819939723,-0.264448680480673
1078,COc(ccc1)cc1N,524.25,True,NCBZRJODKRCREW-UHFFFAOYSA-N,123.15499999999999,123.068413908,1.2773999999999999,35.25,1,2,1,1,1,0,0,0.14285714285714285,9,2,48,0,0.12041193284693423,-0.4966880779867698
1079,C=CCN(CC=C)C#N,418.25,True,ZOSAYFDMPYAZTB-UHFFFAOYSA-N,122.17099999999999,122.08439831999999,1.14148,27.03,0,2,4,0,0,0,0,0.2857142857142857,9,2,48,0,0.1794095647303903,-0.3030463098140531
1080,CCCCCCCC(OC(COC(CCCCCCC)=O)COC(CCCCCCC)=O)=O,506.25,True,VLPFTAMPNXLGLX-UHFFFAOYSA-N,470.69100000000043,470.3607393199999,7.066100000000009,78.9,0,6,23,0,0,0,0,0.8888888888888888,33,6,194,0,0.3058071716549379,-0.46157989624349244
1081,CCc(nc1C)oc1C,333.25,True,LCYOFVYHDBWYSI-UHFFFAOYSA-N,125.17099999999998,125.084063972,1.85384,26.03,0,2,1,1,1,0,1,0.5714285714285714,9,2,50,0,0.19381189690808706,-0.445770460319879
1082,CCCc(nc1C)oc1C,462.25,True,SDRFPOFMNGISHT-UHFFFAOYSA-N,139.19799999999998,139.099714036,2.2439400000000003,26.03,0,2,2,1,1,0,1,0.625,10,2,56,0,0.19407993971717516,-0.44575921508406224
1083,Clc1ccc(cc1)NC(C)=O,606.25,True,GGUOCFNAWIODMF-UHFFFAOYSA-N,169.61099999999996,169.029441556,2.2984,29.1,1,1,1,1,1,0,0,0.125,11,3,58,0,0.22074741584765223,-0.32633733776218243
1084,CCCCC(OCC)=O,418.25,True,ICMAFTSLXCXHRK-UHFFFAOYSA-N,130.18699999999998,130.099379688,1.7397,26.3,0,2,4,0,0,0,0,0.8571428571428571,9,2,54,0,0.3052672446877203,-0.4659692088842844
1085,CCOC(CCC(C)=O)=O,367.25,True,GMEONFUTDYJSNV-UHFFFAOYSA-N,144.17,144.078644244,0.9187000000000001,43.370000000000005,0,3,4,0,0,0,0,0.7142857142857143,10,3,58,0,0.3057165562315728,-0.46595945589073423
1086,CC(C)COC(CCC)=O,430.15,True,RGFNRWTWDWVHDD-UHFFFAOYSA-N,144.21399999999997,144.115029752,1.9857,26.3,0,2,4,0,0,0,0,0.875,10,2,60,0,0.30527671306780785,-0.46540187093759605
1087,NC(C(O)=O)Cc1c[nH]c2c1cccc2,564.25,True,QIVBCDIJIAJPQS-UHFFFAOYSA-N,204.229,204.089877624,1.1222999999999999,79.11,3,2,3,2,2,0,1,0.18181818181818182,15,4,78,0,0.32031692105916915,-0.4800776923593587
1088,CCCCCOC(CCC)=O,460.25,True,CFNJLPHOBMVMNS-UHFFFAOYSA-N,158.24099999999999,158.130679816,2.5199000000000007,26.3,0,2,6,0,0,0,0,0.8888888888888888,11,2,66,0,0.3052668954667954,-0.4656751326557105
1089,CC(C)COC(CC)=O,340.25,True,FZXRXKLUIMKDEL-UHFFFAOYSA-N,130.18699999999998,130.099379688,1.5956000000000001,26.3,0,2,3,0,0,0,0,0.8571428571428571,9,2,54,0,0.30500622729666993,-0.465409267126182
1090,BrC=CBr,383.25,True,UWTUEMKLYAGTNQ-UHFFFAOYSA-N,185.84599999999998,183.852324264,2.2474,0.0,0,0,0,0,0,0,0,0.0,4,2,24,0,-0.011957664256772036,-0.058921763821950336
1091,SCCS,419.25,True,VYMPLPIFKRHAAC-UHFFFAOYSA-N,94.204,93.991092192,0.8459999999999999,0.0,2,2,1,0,0,0,0,1.0,4,2,26,0,-0.0009316428648317837,-0.17851293923226547
1092,COCC,280.65,True,XOBKSJJDNFUZPF-UHFFFAOYSA-N,60.096000000000004,60.057514876,0.6527000000000001,9.23,0,1,1,0,0,0,0,1.0,4,1,26,0,0.04334538911755918,-0.38497689316830574
1093,CNNC,354.25,True,DIIIISSCIXVANO-UHFFFAOYSA-N,60.10000000000001,60.06874825599999,-0.6598000000000002,24.06,2,2,1,0,0,0,0,1.0,4,2,26,0,-0.001496934036691334,-0.261210396932581
1094,CC(C)(C)OC(C)=O,368.35,True,WMOVHXAZOJBABW-UHFFFAOYSA-N,116.15999999999998,116.083729624,1.3479999999999999,26.3,0,2,0,0,0,0,0,0.8333333333333334,8,2,48,0,0.3026461161791004,-0.4601506704482133
1095,CCOC(CC(O)C)=O,448.25,True,OMSUIQOIVADKIM-UHFFFAOYSA-N,132.159,132.078644244,0.3204000000000001,46.53,1,3,3,0,0,0,0,0.8333333333333334,9,3,54,0,0.3078871066028081,-0.46589843309640244
1096,SCCC(C)C,393.25,True,GIJGXNFNUUFEGH-UHFFFAOYSA-N,104.21799999999999,104.065971384,1.9623,0.0,1,1,2,0,0,0,0,1.0,6,1,38,0,-0.00954786747077201,-0.17935356111474274
1097,CCCC(=O)N,489.25,True,DNSISZSEWVHGLH-UHFFFAOYSA-N,87.122,87.068413908,0.27180000000000015,43.09,1,1,2,0,0,0,0,0.75,6,2,36,0,0.2169020334486098,-0.3696801362743873
1098,CC(C)=CC(O)=O,470.25,True,YYPNJNDODFVZLE-UHFFFAOYSA-N,100.11699999999999,100.052429496,1.0372000000000001,37.3,1,1,1,0,0,0,0,0.4,7,2,40,0,0.32773264849930367,-0.47807506211735207
1099,OC(CC(C)=O)=O,512.25,True,WDJHALXBUFZDSR-UHFFFAOYSA-N,102.08899999999998,102.031694052,0.05010000000000003,54.37,1,2,2,0,0,0,0,0.5,7,3,40,0,0.3103561824839369,-0.48090765299553545
1100,Cc1nc(C)sc1,418.25,True,OBSLLHNATPQFMJ-UHFFFAOYSA-N,113.18499999999999,113.029920224,1.75994,12.89,0,2,0,1,1,0,1,0.4,7,2,38,0,0.08966394915027327,-0.24690031258717898
1101,Clc1cc(Cl)ccc1,446.25,True,ZPQOPVIELGIULI-UHFFFAOYSA-N,147.00400000000002,145.969005488,2.993400000000001,0.0,0,0,0,1,1,0,0,0.0,8,2,42,0,0.0420299105976315,-0.0842889078864603
1102,CC1CC(CCCCCCCCCCCC1)=O,602.25,True,ALHUZKCOMYUFRB-UHFFFAOYSA-N,238.4149999999999,238.22966558000002,5.276500000000005,17.07,0,1,0,1,0,1,0,0.9375,17,1,100,0,0.13267694578981848,-0.2997066473607727
1103,CC(C)CON=O,340.25,True,APNSGVMLAYLYCT-UHFFFAOYSA-N,103.121,103.063328528,1.3404,38.66,0,3,3,0,0,0,0,1.0,7,3,42,0,0.15466995230079103,-0.36380683446427114
1104,ClCCC#N,449.25,True,GNHMRTZZNHZDDM-UHFFFAOYSA-N,89.525,89.003226808,1.1388800000000001,23.79,0,1,1,0,0,0,0,0.6666666666666666,5,2,28,0,0.06337506623764338,-0.19830178688758274
1105,ClCOCCl,377.25,True,HRQGCQVOJVTVLU-UHFFFAOYSA-N,114.959,113.963920108,1.3956,9.23,0,1,2,0,0,0,0,1.0,5,3,32,0,0.12198550240556251,-0.3500286632208741
1106,C1C=CC=C1,314.25,True,ZSWFCLXCOIISFI-UHFFFAOYSA-N,66.103,66.046950192,1.5025,0.0,0,0,0,1,0,1,0,0.2,5,0,26,0,-0.01629337850445175,-0.08075036190335749
1107,OC(C)(C)CCCC(=C)C=C,373.25,True,DUNCVNHORHNONW-UHFFFAOYSA-N,154.253,154.135765196,2.6698000000000013,20.23,1,1,5,0,0,0,0,0.6,11,1,64,0,0.05914367529180208,-0.39047179665065057
1108,CC(C)(C)CC(C)CC=O,446.25,True,WTPYRCJDOZVZON-UHFFFAOYSA-N,142.242,142.135765196,2.6477000000000013,17.07,0,1,3,0,0,0,0,0.8888888888888888,10,1,60,0,0.11975653574978669,-0.30339168996618077
1109,CC(C)CCOCCC(C)C,445.75,True,AQZGPSLYZOOYQP-UHFFFAOYSA-N,158.285,158.167065324,3.095200000000002,9.23,0,1,6,0,0,0,0,1.0,11,1,68,0,0.046797500630105175,-0.3814314675670839
1110,CCCCCCCCCCCCCC(O)=O,599.45,True,TUNFSRHWOTWDNC-UHFFFAOYSA-N,228.37599999999995,228.208930136,4.772100000000004,37.3,1,1,12,0,0,0,0,0.9285714285714286,16,2,96,0,0.30283955653218375,-0.481230389785217
1111,CCCCCCCCCCCCCCCCCCCCCCCCCCCCCCCC,743.25,True,QHMGJGNTMQDRQA-UHFFFAOYSA-N,450.88000000000045,450.516452112,12.729199999999977,0.0,0,0,29,0,0,0,0,1.0,32,0,194,0,-0.0533059727891157,-0.06538238322279266
1112,ClC(Cl)(Cl)C#N,358.95,True,DRUIESSIVFYOMK-UHFFFAOYSA-N,144.388,142.90963204,1.88018,23.79,0,1,0,0,0,0,0,0.5,6,4,34,0,0.2771407646015829,-0.19353009583571426
1113,CC(C)C1(CC1C1C)CC1=O,474.25,True,USMNOWBWPHYOEA-UHFFFAOYSA-N,152.23699999999997,152.120115132,2.2576,17.07,0,1,1,2,0,2,0,0.9,11,1,62,0,0.13607321478988915,-0.2993795881737955
1114,COC(C(C)C)=O,366.25,True,BHIWKHZACMWKOJ-UHFFFAOYSA-N,102.133,102.06807956,0.8153999999999999,26.3,0,2,1,0,0,0,0,0.8,7,2,42,0,0.30758550293304554,-0.468807027224319
1115,CC(CCc(cc1)ccc1O)=O,473.25,True,NJGBTKGETPDVIK-UHFFFAOYSA-N,164.20399999999998,164.083729624,1.9137999999999997,37.3,1,2,3,1,1,0,0,0.3,12,2,64,0,0.12967082345175648,-0.5079666452403971
1116,O=C(c1ccccc1)N,561.25,True,KXDAEFPNCMNJSK-UHFFFAOYSA-N,121.13899999999998,121.052763844,0.7855000000000001,43.09,1,1,1,1,1,0,0,0.0,9,2,46,0,0.24819511424564836,-0.3655995116322135
1117,CSc1ccc(OP(OC)(OC)=S)cc1C,360.25,True,PNVJTZOFSHSLTO-UHFFFAOYSA-N,278.335,278.02002297000007,3.6130200000000023,27.69,0,5,5,1,1,0,0,0.4,16,6,90,0,0.3795195926841465,-0.424129972336642
1118,O=N(OCC(CON(=O)=O)ON(=O)=O)=O,491.25,True,SNIOPGDIGTZGOP-UHFFFAOYSA-N,227.08499999999998,227.00257874000002,-1.0200999999999996,157.10999999999999,0,9,8,0,0,0,0,1.0,15,12,86,0,0.29440679779727424,-0.31148253883040977
1119,CC(=O)c1ccccc1N,525.25,True,GTDQGKWDWVUKTI-UHFFFAOYSA-N,135.16599999999994,135.068413908,1.4714,43.09,1,2,1,1,1,0,0,0.125,10,2,52,0,0.16136759951486454,-0.3981396114108058
1120,OC(=O)c(ccc1C2=O)cc1C(O2)=O,663.25,True,SRPWOOOHEPICQU-UHFFFAOYSA-N,192.12599999999998,192.005873228,0.6954,80.66999999999999,1,4,1,2,1,1,1,0.0,14,5,70,0,0.34643066940318196,-0.4776389647179754
1121,ClCc1ccccc1C,476.25,True,VQRBXYBBGHOGFT-UHFFFAOYSA-N,140.61299999999997,140.039277968,2.7338200000000006,0.0,0,0,1,1,1,0,0,0.25,9,1,48,0,0.04761866654146896,-0.12154029710744985
1122,CCN(CC(C)=C)c1c(cc(C(F)(F)F)cc1N(=O)=O)N(=O)=O,529.25,True,PTFJIKYUEPWBMS-UHFFFAOYSA-N,333.2660000000001,333.0936405879999,3.9242000000000035,89.51999999999998,0,5,6,1,1,0,0,0.38461538461538464,23,10,126,0,0.41641444366819114,-0.3566436486925832
1123,CC(C)CCC(=O)c1cocc1,498.25,True,LVHLZMUFIYAEQB-UHFFFAOYSA-N,166.22,166.099379688,2.898500000000001,30.21,0,2,4,1,1,0,1,0.5,12,2,66,0,0.16560276645163344,-0.4718512977562348
1124,OC(COc(nc1Cl)c(Cl)cc1Cl)=O,563.25,True,REEQLXCGVXDJSQ-UHFFFAOYSA-N,256.47200000000004,254.925676028,2.5052000000000003,59.42,1,3,3,1,1,0,1,0.14285714285714285,14,7,76,0,0.3412915807636832,-0.47872237944237317
1125,Clc(ccc1N)cc1Cl,518.25,True,KQCMTOWTPBNWDB-UHFFFAOYSA-N,162.019,160.97990452,2.5755999999999997,26.02,1,1,0,1,1,0,0,0.0,9,3,48,0,0.06497224718056904,-0.3975215489904008
1126,COC(CC)=O,353.05,True,RJUFJBKOKNCXHH-UHFFFAOYSA-N,88.106,88.052429496,0.5693999999999999,26.3,0,2,1,0,0,0,0,0.75,6,2,36,0,0.30472073144092393,-0.46900295028300515
1127,Oc1cc(ccc1)N(=O)=O,467.25,True,RTZZCYNQPHTPPL-UHFFFAOYSA-N,139.10999999999999,139.02694302,1.3003999999999998,63.37,1,3,1,1,1,0,0,0.0,10,4,52,0,0.272622151001028,-0.5077002302184715
1128,CC(CCc1cc2OCOc2cc1)=O,449.25,True,TZJLGGWGVLADDN-UHFFFAOYSA-N,192.214,192.078644244,1.9369,35.53,0,3,3,2,1,1,1,0.36363636363636365,14,3,74,0,0.2308003569409788,-0.45359549477230465
1129,CC(C)C1C=CC(CC1)=C,447.25,True,LFJQCDVYDGGFCH-UHFFFAOYSA-N,136.23799999999997,136.125200512,3.1648000000000023,0.0,0,0,1,1,0,1,0,0.6,10,0,56,0,-0.02040247065844886,-0.09584268561450067
1130,OCCCCCCCC(C)C,493.25,True,PLLBRTOLHQQAQQ-UHFFFAOYSA-N,158.285,158.167065324,2.9753000000000016,20.23,1,1,7,0,0,0,0,1.0,11,1,68,0,0.043052407228898915,-0.39637656934228244
1131,CC(C)CC(OC)=O,388.25,True,OQAGVSWESNCJJT-UHFFFAOYSA-N,116.15999999999998,116.083729624,1.2055,26.3,0,2,2,0,0,0,0,0.8333333333333334,8,2,48,0,0.3052628202196739,-0.46898810659928214
1132,OCC1OC1,440.25,True,CTKINSOISVBQLD-UHFFFAOYSA-N,74.07900000000001,74.036779432,-0.6225,32.76,1,2,1,1,0,1,1,1.0,5,2,30,0,0.10394606346396003,-0.3935827826898875
1133,OCC=C(C)C,447.25,True,ASUAYTHWZCLXAN-UHFFFAOYSA-N,86.134,86.07316494,0.9449,20.23,1,1,1,0,0,0,0,0.6,6,1,36,0,0.0614331862267162,-0.3922975529048368
1134,CCCOC(CC(C)C)=O,430.25,True,LSJMDWFAADPNAX-UHFFFAOYSA-N,144.21399999999997,144.115029752,1.9857,26.3,0,2,4,0,0,0,0,0.875,10,2,60,0,0.30553832476662773,-0.46567873614712046
1135,CC(Br)Br,381.25,True,APQIUTYORBAGEZ-UHFFFAOYSA-N,187.862,185.867974328,2.1222,0.0,0,0,0,0,0,0,0,1.0,4,2,26,0,0.06693765908340575,-0.0767951922126878
1136,CC(Cl)=C,295.85,True,PNLQPWWBHXMFCA-UHFFFAOYSA-N,76.52600000000001,76.00797784,1.7588,0.0,0,0,0,0,0,0,0,0.3333333333333333,4,1,24,0,0.007777540824210116,-0.09010735597210708
1137,OC1(C)CSC(O)(C)CS1,600.25,True,NHKIYYMFGJBOTK-UHFFFAOYSA-N,180.29399999999998,180.027871624,0.8834,40.46,2,4,0,1,0,1,1,1.0,10,4,60,0,0.11643342791638334,-0.37892476882479165
1138,Cc(oc1C)cc1S,450.25,True,DBBHCZMXKBCICL-UHFFFAOYSA-N,128.196,128.029585876,2.18514,13.14,1,2,0,1,1,0,1,0.3333333333333333,8,2,44,0,0.11385586362704303,-0.46548526920036537
1139,CC(=O)Sc1ccoc1C,497.25,True,PQFIBPDAGFGLBY-UHFFFAOYSA-N,156.20599999999996,156.024500496,2.2266200000000005,30.21,0,3,1,1,1,0,1,0.2857142857142857,10,3,54,0,0.19022638348910462,-0.46843383651216236
1140,BrC(Br)(Br)Br,462.75,True,HJUGFYREWKUQJT-UHFFFAOYSA-N,331.62699999999995,327.6733484,3.1773000000000002,0.0,0,0,0,0,0,0,0,1.0,5,4,32,0,0.1885328624252558,-0.04713321560631395
1141,FS(C)(=O)=O,396.75,True,KNWQLFOXPQZGPX-UHFFFAOYSA-N,98.09799999999998,97.983778556,-0.08449999999999991,34.14,0,2,0,0,0,0,0,1.0,5,4,32,0,0.29903312653978664,-0.19516271628009965
1142,Cc1c2CCc(c2c2cc1)c1ccc3ccccc3c1c2,553.25,True,PPQNQXQZIWHJRB-UHFFFAOYSA-N,268.359,268.125200512,5.553220000000004,0.0,0,0,0,5,4,1,0,0.14285714285714285,21,0,100,0,-0.00962475823642021,-0.06162899267490543
1143,c(ccc1cc2c3ccccc3c3)cc1cc2c3,710.85,True,DXBHBZVCASKNBY-UHFFFAOYSA-N,228.29399999999998,228.093900384,5.146200000000003,0.0,0,0,0,4,4,0,0,0.0,18,0,84,0,-0.00990254742768067,-0.061629349753120066
1144,CC(C)CCOCCc1ccccc1,383.25,True,BHQBQWOZHYUVTL-UHFFFAOYSA-N,192.30200000000002,192.15141526,3.291800000000002,9.23,0,1,6,1,1,0,0,0.5384615384615384,14,1,78,0,0.0505945054066639,-0.3810971824845632
1145,CC1SCCS1,338.25,True,CARJCVDELAMAEJ-UHFFFAOYSA-N,120.24199999999999,120.006742256,1.8123999999999998,0.0,0,2,0,1,0,1,1,1.0,6,2,36,0,0.04744487156720007,-0.14707518678861162
1146,CC(C)C1(O)CC=C(C)CC1,482.25,True,WRYLYDPHFGVWKC-UHFFFAOYSA-N,154.25299999999996,154.135765196,2.5037000000000003,20.23,1,1,1,1,0,1,0,0.8,11,1,64,0,0.07074651123191804,-0.3892908072597338
1147,CCCC(C)(C)CC,385.15,True,KUMXLFIBWFCMOJ-UHFFFAOYSA-N,114.23199999999999,114.14085057599999,3.2227000000000023,0.0,0,0,3,0,0,0,0,1.0,8,0,50,0,-0.035693722224125785,-0.06536239888976586
1148,CC[Al](Cl)Cl,467.25,True,UAIZDWNSWGTKFZ-UHFFFAOYSA-L,126.95,125.95836915,1.9721,0.0,0,0,1,0,0,0,0,1.0,5,3,30,0,0.5185778877675695,-0.23373314148924543
1149,CCC(C)=C,304.45,True,MHNNAWXXUZQSNM-UHFFFAOYSA-N,70.13499999999999,70.07825032,1.9725,0.0,0,0,1,0,0,0,0,0.6,5,0,30,0,-0.03543505048507542,-0.100151220295327
1150,ClCC(C)=C,345.25,True,OHXAOPZTJOUYKM-UHFFFAOYSA-N,90.553,90.023627904,1.8013,0.0,0,0,1,0,0,0,0,0.5,5,1,30,0,0.042777758859767985,-0.12193441296133152
1151,ClC=C(C)Cl,348.25,True,PPKPKFIWDXDAGC-UHFFFAOYSA-N,110.971,109.969005488,2.3253000000000004,0.0,0,0,0,0,0,0,0,0.3333333333333333,5,2,30,0,0.026234894773756807,-0.0917115577758554
1152,CC(C)C(C)=O,367.58,True,SYBYTAAJFKOIEJ-UHFFFAOYSA-N,86.13399999999999,86.07316494,1.2314,17.07,0,1,1,0,0,0,0,0.8,6,1,36,0,0.13185346222684263,-0.2997396385899406
1153,CC1(C)CCCC2(C)C3CC(OC3(C)CCC21)=O,594.25,True,IMKJGXCIJJXALX-UHFFFAOYSA-N,250.38199999999995,250.193280072,3.934600000000003,26.3,0,2,0,3,0,3,1,0.9375,18,2,102,0,0.30629232783399324,-0.4590114192926897
1154,CCC(C(C)C)=O,386.75,True,HYTRYEXINDDXJK-UHFFFAOYSA-N,100.16099999999999,100.088815004,1.6215,17.07,0,1,2,0,0,0,0,0.8333333333333334,7,1,42,0,0.13464934930726752,-0.2994376886755307
1155,CC(C)C(C(C)C)=O,398.65,True,HXVNBWAKAOHACI-UHFFFAOYSA-N,114.18799999999997,114.104465068,1.8675,17.07,0,1,2,0,0,0,0,0.8571428571428571,8,1,48,0,0.13743657236969856,-0.29913450910399353
1156,CCCCCCCCCCCCCCCC(O)=O,624.75,True,IPCSVZSSVZVIGE-UHFFFAOYSA-N,256.42999999999995,256.240230264,5.552300000000005,37.3,1,1,14,0,0,0,0,0.9375,18,2,108,0,0.30283955653218375,-0.481230389785217
1157,CN(C)N,337.15,True,RHUYHJGZWVXEHW-UHFFFAOYSA-N,60.099999999999994,60.06874825599999,-0.5783,29.259999999999998,1,2,0,0,0,0,0,1.0,4,2,26,0,0.0010517997389187703,-0.2693149406792865
1158,OCC(O)C,460.85,True,DNIAPMSPPWPWGF-UHFFFAOYSA-N,76.09500000000001,76.052429496,-0.6405000000000001,40.46,2,2,1,0,0,0,0,1.0,5,2,32,0,0.07423864406366021,-0.3937000421977661
1159,OC(C)COC(C)(C)C,424.25,True,GQCZPFJGIXHZMB-UHFFFAOYSA-N,132.203,132.115029752,1.1823000000000001,29.46,1,2,2,0,0,0,0,1.0,9,2,56,0,0.07454229490462537,-0.39101847486966
1160,FC(F)OC(F)C(F)(F)F,296.75,True,DPYMFVXJLLWWEU-UHFFFAOYSA-N,168.03599999999997,168.000984004,2.0835,9.23,0,1,2,0,0,0,0,1.0,10,7,62,0,0.44486518240863926,-0.2794569037876448
1161,C1CN=CC1,362.25,True,ZVJHJDDKYZXRJI-UHFFFAOYSA-N,69.107,69.057849224,0.851,12.36,0,1,0,1,0,1,1,0.75,5,1,28,0,0.03883999069707935,-0.29752252422247966
1162,Cc(ccc1c2C)cc1ccc2,537.25,True,CBMXCNPQDUJNHT-UHFFFAOYSA-N,156.228,156.093900384,3.456640000000002,0.0,0,0,0,2,2,0,0,0.16666666666666666,12,0,60,0,-0.015453962182023063,-0.061365598347694825
1163,CSSCc1occc1,338.25,True,CLSLQQCDHOZMDT-UHFFFAOYSA-N,160.26300000000003,160.001656876,2.790800000000001,13.14,0,3,3,1,1,0,1,0.3333333333333333,9,3,50,0,0.11400672032154474,-0.46845116398275466
1164,Oc1cccc(Cl)c1Cl,479.25,True,UMPSXRYVXUPCOS-UHFFFAOYSA-N,163.003,161.963920108,2.699,20.23,1,1,0,1,1,0,0,0.0,9,3,48,0,0.1351975437381777,-0.506337987443325
1165,CC(=O)c1ccccc1C,487.25,True,YXWWHNCQZBVZPV-UHFFFAOYSA-N,134.17799999999997,134.07316494,2.1976200000000006,17.07,0,1,1,1,1,0,0,0.2222222222222222,10,1,52,0,0.15956520412588912,-0.29450130276024866
1166,CC(C)c1ccccc1C(C)C,478.25,True,OKIRBHVFJGXOIS-UHFFFAOYSA-N,162.27599999999995,162.140850576,3.9334000000000033,0.0,0,0,2,1,1,0,0,0.5,12,0,66,0,-0.02159916277332873,-0.061963894742850405
1167,CCc1ccccc1N,482.9,True,MLPVBIWIRCKMJV-UHFFFAOYSA-N,121.18299999999998,121.08914935199999,1.8312,26.02,1,1,1,1,1,0,0,0.25,9,1,48,0,0.03459435670549863,-0.3985057069101377
1168,COCC(=O)N(C(C)C(OC)=O)c1c(C)cccc1C,569.15,True,ZQEIXNIJLIKNTD-UHFFFAOYSA-N,279.336,279.147058152,1.8443399999999999,55.839999999999996,0,4,5,1,1,0,0,0.4666666666666667,20,5,110,0,0.32817794243626075,-0.46747856729214543
1169,CC(=O)C(c1ccccc1)=O,378.25,True,BVQVLAIMHVDZEL-UHFFFAOYSA-N,148.16099999999997,148.052429496,1.4583000000000002,34.14,0,2,2,1,1,0,0,0.1111111111111111,11,2,56,0,0.22776209181514892,-0.2908059553250485
1170,CCc1cccc(CC)c1N,508.75,True,FOYHNROGBXVLLX-UHFFFAOYSA-N,149.23699999999997,149.12044948,2.3936,26.02,1,1,2,1,1,0,0,0.4,11,1,60,0,0.03784053328184906,-0.39828240899735684
1171,COc1ccccc1C(C)=O,521.25,True,DWPLEOPKBWNPQV-UHFFFAOYSA-N,150.17699999999996,150.06807956,1.8978,26.3,0,2,2,1,1,0,0,0.2222222222222222,11,2,58,0,0.16302175967927177,-0.496001440369537
1172,COc1ccccc1C(O)=O,553.25,True,ILUJQPXNXACGAN-UHFFFAOYSA-N,152.14899999999997,152.047344116,1.3934,46.53,1,2,2,1,1,0,0,0.125,11,3,58,0,0.3389773053584174,-0.4958556009625196
1173,CCOC(C(O)C(O)C(OCC)=O)=O,554.25,True,YSAVZVORKRDODB-UHFFFAOYSA-N,206.19399999999993,206.079038168,-1.1656,93.06,2,6,5,0,0,0,0,0.75,14,6,82,0,0.33785117238022383,-0.46398232400663497
1174,Cn1cnc2c1c(=O)n(C)c(=O)n2C,451.25,True,RYYVLZVUVIJVGH-UHFFFAOYSA-N,194.194,194.08037556,-1.0293,61.82,0,3,0,2,2,0,2,0.375,14,6,74,0,0.3317034326359889,-0.3278634660994821
1175,Clc1cc(Cl)c(Cl)c(Cl)c1O,337.25,True,VGVRPFIJEJYOFN-UHFFFAOYSA-N,231.893,229.885975404,4.005800000000001,20.23,1,1,0,1,1,0,0,0.0,11,5,60,0,0.15390607157818922,-0.5047815553822836
1176,Clc(ccc1Cl)cc1O,484.25,True,RANCECPPZPIPNO-UHFFFAOYSA-N,163.00300000000001,161.963920108,2.6990000000000003,20.23,1,1,0,1,1,0,0,0.0,9,3,48,0,0.13515318121342093,-0.5063397423514364
1177,OCC(O)CC,470.15,True,BMRWNKZVCUKKSR-UHFFFAOYSA-N,90.12200000000001,90.06807956,-0.25039999999999996,40.46,2,2,2,0,0,0,0,1.0,6,2,38,0,0.07678623664008573,-0.39368882817264456
1178,Cc1ccc(N=C=O)cc1N=C=O,524.25,True,DVKJHBMWWAPEIU-UHFFFAOYSA-N,174.159,174.042927432,1.9296200000000001,58.86,0,4,2,1,1,0,0,0.1111111111111111,13,4,64,0,0.24001812834621108,-0.2109686132642379
1179,CCCCCC(=O)C(C)=O,443.25,True,XCBBNTFYSLADTO-UHFFFAOYSA-N,142.19799999999998,142.099379688,1.7247999999999999,34.14,0,2,5,0,0,0,0,0.75,10,2,58,0,0.19758145535094973,-0.2912219253945294
1180,COc1cc(C(O)=O)ccc1,445.25,True,XHQZJYCNDZAGLW-UHFFFAOYSA-N,152.149,152.047344116,1.3934,46.53,1,2,2,1,1,0,0,0.125,11,3,58,0,0.33531784060697534,-0.49674121564666884
1181,CC1=CCC(CC1)=C(C)C,460.25,True,MOYAFQVGZZPNRA-UHFFFAOYSA-N,136.238,136.125200512,3.453000000000002,0.0,0,0,0,1,0,1,0,0.6,10,0,56,0,-0.01336498084424534,-0.08152454688889973
1182,OC1(C)CCC(CC1)=C(C)C,492.25,True,NNRLDGQZIVUQTE-UHFFFAOYSA-N,154.253,154.135765196,2.647800000000001,20.23,1,1,0,1,0,1,0,0.8,11,1,64,0,0.06254767438743046,-0.39015964085300486
1183,CCCCOCc1ccccc1,497.25,True,MAYUYFCAPVDYBQ-UHFFFAOYSA-N,164.248,164.120115132,3.003300000000002,9.23,0,1,5,1,1,0,0,0.45454545454545453,12,1,66,0,0.07163650616461374,-0.37677455460422077
1184,OCCC(C)CC,425.25,True,IWTBVKIGCDZRPL-UHFFFAOYSA-N,102.177,102.104465068,1.4149,20.23,1,1,3,0,0,0,0,1.0,7,1,44,0,0.04330630932774035,-0.3963658963780811
1185,CCCC(CC)=O,397.25,True,PFCHFHIRKBAQGU-UHFFFAOYSA-N,100.16099999999999,100.088815004,1.7656,17.07,0,1,3,0,0,0,0,0.8333333333333334,7,1,42,0,0.13212600552878578,-0.29972947052577087
1186,CC(C)COC(CC(C)C)=O,441.75,True,KEBDNKNVCHQIJU-UHFFFAOYSA-N,158.24099999999999,158.130679816,2.2317,26.3,0,2,4,0,0,0,0,0.8888888888888888,11,2,66,0,0.30554831289271733,-0.46539442272655956
1187,CCCCC(C)CC,391.25,True,LAIUFBWHERIJIH-UHFFFAOYSA-N,114.23199999999999,114.14085057599999,3.2227000000000023,0.0,0,0,4,0,0,0,0,1.0,8,0,50,0,-0.04454256380330297,-0.06538221101181116
1188,CC1CCC(CC1)=O,444.25,True,VGVHNLRUAMRIEW-UHFFFAOYSA-N,112.172,112.088815004,1.7656,17.07,0,1,0,1,0,1,0,0.8571428571428571,8,1,46,0,0.13243195542561698,-0.29971752878253716
1189,CC(C)CCCC(C)CCCC(C)CCCC1(C)Oc(c(C)c2C)c(CC1)c(C)c2O,493.25,True,GVJHHUAWPYXKBD-UHFFFAOYSA-N,430.71700000000027,430.38108084,8.840260000000002,29.46,1,2,12,2,1,1,1,0.7931034482758621,31,2,178,0,0.12652475342115496,-0.507381417920001
1190,O=C1Nc2ccccc2O1,608.25,True,ASSKVPFEZFQQNQ-UHFFFAOYSA-N,135.12199999999996,135.0320284,1.1211,46.0,1,2,0,2,2,0,1,0.0,10,3,50,0,0.41678249451794563,-0.4078639920218267
1191,Oc(ccc1Cl)cc1C,508.25,True,CFKMVGJGLGKFKI-UHFFFAOYSA-N,142.585,142.018542524,2.3540200000000002,20.23,1,1,0,1,1,0,0,0.14285714285714285,9,2,48,0,0.11544483389341337,-0.5079547579712229
1192,CSCCC(N)C(O)=O,574.25,True,FFEARJCKVFRZRR-UHFFFAOYSA-N,149.215,149.051049592,0.1513999999999998,63.32,2,3,4,0,0,0,0,0.8,9,4,54,0,0.31999919762538026,-0.4800860693347356
1193,OCC(S)CS,342.25,True,WQABCVAJNWAXTE-UHFFFAOYSA-N,124.23,124.001656876,0.20690000000000003,20.23,3,3,2,0,0,0,0,1.0,6,3,38,0,0.055493089778226735,-0.3952028838590616
1194,O=NN1CCOCC1,497.75,True,ZKXDGKXYMTYWTB-UHFFFAOYSA-N,116.12,116.058577496,0.0,41.900000000000006,0,3,1,1,0,1,1,1.0,8,4,46,0,0.06600621287345607,-0.3776358693881593
1195,CCCCOC(CC)=O,418.25,True,BTMVHUNTONAYDX-UHFFFAOYSA-N,130.18699999999998,130.099379688,1.7397,26.3,0,2,4,0,0,0,0,0.8571428571428571,9,2,54,0,0.3049964083190467,-0.46568271458915556
1196,CCCCOC(CCl)=O,456.25,True,YJRGMUWRPCPLNH-UHFFFAOYSA-N,150.605,150.044757272,1.5685,26.3,0,2,4,0,0,0,0,0.8333333333333334,9,3,54,0,0.3203728921182932,-0.4648007053935844
1197,BrCC#N,424.25,True,REXUYBKPWIPONM-UHFFFAOYSA-N,119.949,118.937061164,0.90488,23.79,0,1,0,0,0,0,0,0.5,4,2,22,0,0.09053586397828954,-0.19740849570679975
1198,CC=CC,276.98,True,IAQRGUVFOMOMEM-UHFFFAOYSA-N,56.108000000000004,56.062600255999996,1.5824,0.0,0,0,0,0,0,0,0,0.5,4,0,24,0,-0.047001923410199216,-0.09194211202026763
1199,CC=C=C,284.15,True,QNRMTGGDHLBXQZ-UHFFFAOYSA-N,54.09199999999999,54.046950192,1.3474,0.0,0,0,0,0,0,0,0,0.25,4,0,22,0,-0.03934352987023124,-0.1333613946823819
1200,CC=CCl,309.25,True,OWXJKYNZGFSVRC-UHFFFAOYSA-N,76.52600000000001,76.00797784,1.7588000000000001,0.0,0,0,0,0,0,0,0,0.3333333333333333,4,1,24,0,-3.300881992958332e-05,-0.09331219160117225
1201,CC(C)CC=O,365.75,True,YGHRJJRRZDOVPD-UHFFFAOYSA-N,86.13399999999999,86.07316494,1.2314,17.07,0,1,2,0,0,0,0,0.8,6,1,36,0,0.1197457106441768,-0.30339188316607335
1202,BrCCC(O)=O,415.25,True,DHXNZYCXMFBMHE-UHFFFAOYSA-N,152.975,151.9472915,0.8560000000000001,37.3,1,1,2,0,0,0,0,0.6666666666666666,6,3,36,0,0.30368994100536173,-0.48120868906699965
1203,SCc1cnccn1,318.25,True,VQFGDOHENLRPFB-UHFFFAOYSA-N,126.18399999999998,126.02516919199999,0.9063999999999999,25.78,1,3,1,1,1,0,1,0.2,8,3,42,0,0.06824226687354723,-0.2611911927088982
1204,CC1C=CC(O1)=O,483.25,True,BGLUXFNVVSVEET-UHFFFAOYSA-N,98.101,98.036779432,0.48789999999999994,26.3,0,2,0,1,0,1,1,0.4,7,2,38,0,0.33063982610628884,-0.4552627083345491
1205,Cc1cc(Br)ccc1,456.95,True,WJIFKOVZNJTSGO-UHFFFAOYSA-N,171.03700000000003,169.973112324,2.7575200000000004,0.0,0,0,0,1,1,0,0,0.14285714285714285,8,1,42,0,0.017739096440411488,-0.06088258242944243
1206,Oc1cc(Br)ccc1,509.75,True,MNOJRWOWILAHAV-UHFFFAOYSA-N,173.00900000000001,171.95237688,2.1547,20.23,1,1,0,1,1,0,0,0.0,8,2,42,0,0.11620172699551087,-0.5079249570806408
1207,Oc1cc(N)ccc1,437.25,True,CWLKGDAVCFYWJK-UHFFFAOYSA-N,109.12799999999999,109.052763844,0.9743999999999999,46.25,2,2,0,1,1,0,0,0.0,8,2,42,0,0.11712920006779612,-0.5078864810892437
1208,COc1cc(C=O)ccc1,416.25,True,WMPDAIZRQDCGFH-UHFFFAOYSA-N,136.14999999999998,136.052429496,1.5076999999999998,26.3,0,2,2,1,1,0,0,0.125,10,2,52,0,0.1496853179760996,-0.4967438177784737
1209,Oc1cc(Cl)cc(Cl)c1,506.25,True,VPOMSPZBQMDLTM-UHFFFAOYSA-N,163.003,161.963920108,2.699,20.23,1,1,0,1,1,0,0,0.0,9,3,48,0,0.1180489875937252,-0.5078557651915966
1210,CCCCOC(CC(C)=O)=O,376.25,True,REIYHFWZISXFKU-UHFFFAOYSA-N,158.19699999999997,158.094294308,1.3088,43.370000000000005,0,3,5,0,0,0,0,0.75,11,3,64,0,0.3127935873813434,-0.4653529433897143
1211,CCCCOC(CCCC)=O,459.05,True,OKJADYKTJJGKDX-UHFFFAOYSA-N,158.24099999999999,158.130679816,2.5199000000000007,26.3,0,2,6,0,0,0,0,0.8888888888888888,11,2,66,0,0.3052773331905326,-0.46567519277076613
1212,CC(OCC=C)=O,376.75,True,FWZUNOYOVVKUNF-UHFFFAOYSA-N,100.11699999999999,100.052429496,0.7354999999999999,26.3,0,2,2,0,0,0,0,0.4,7,2,40,0,0.3024395456821245,-0.4616563268663379
1213,Cc1nccnc1C,430.25,True,OXQOBQJCDNLAPO-UHFFFAOYSA-N,108.14399999999999,108.06874825599999,1.09344,25.78,0,2,0,1,1,0,1,0.3333333333333333,8,2,42,0,0.058443583624692444,-0.2581068408543873
1214,CC(OCC(C)=O)=O,339.25,True,DBERHVIZRVGDFO-UHFFFAOYSA-N,116.11599999999999,116.047344116,0.13849999999999985,43.370000000000005,0,3,2,0,0,0,0,0.6,8,3,46,0,0.30256346491603325,-0.4578855160829234
1215,CCCCOC(=O)N,477.25,True,SKKTUOZKZKCGTB-UHFFFAOYSA-N,117.148,117.078978592,0.8818000000000001,52.32,1,2,3,0,0,0,0,0.8,8,3,48,0,0.40398596594429387,-0.4497140587778276
1216,CCCCC=C,336.65,True,LIKMAJRDDDTEIG-UHFFFAOYSA-N,84.16199999999999,84.093900384,2.3626000000000005,0.0,0,0,3,0,0,0,0,0.6666666666666666,6,0,36,0,-0.03535136060568804,-0.10308298030401146
1217,CC=CCC=C,338.25,True,PRBHEGAFLDMLAL-UHFFFAOYSA-N,82.146,82.07825032,2.1386000000000003,0.0,0,0,2,0,0,0,0,0.3333333333333333,6,0,34,0,-0.017196722401644757,-0.1027707779299281
1218,N#CCCC=C,413.25,True,CFEYBLWMNFZOPB-UHFFFAOYSA-N,81.118,81.057849224,1.47618,23.79,0,1,2,0,0,0,0,0.4,6,1,32,0,0.062449677753329005,-0.19833541559907622
1219,C=CCSCC=C,412.25,True,UBJVUCKUDDKUJF-UHFFFAOYSA-N,114.21299999999998,114.05032132,2.0916,0.0,0,1,4,0,0,0,0,0.3333333333333333,7,1,40,0,0.011336964507045681,-0.15372018412225455
1220,CCCCCCCCCCCC(C)=O,407.25,True,CYIFVRUOHKNECG-UHFFFAOYSA-N,198.34999999999997,198.198365452,4.496300000000004,17.07,0,1,10,0,0,0,0,0.9230769230769231,14,1,84,0,0.1293399502822748,-0.30003102349469607
1221,CCCCCCCCCCCCCCCCCC,589.25,True,RZJRJXONCZWCBN-UHFFFAOYSA-N,254.5019999999999,254.29735121599998,7.267800000000007,0.0,0,0,15,0,0,0,0,1.0,18,0,110,0,-0.05330597278911572,-0.06538238322279266
1222,CCCCCCCCCCCCCCCCCCCCCCCCCCC,715.25,True,BJQWYEJQWHSSCJ-UHFFFAOYSA-N,380.74500000000023,380.438201792,10.77869999999999,0.0,0,0,24,0,0,0,0,1.0,27,0,164,0,-0.0533059727891157,-0.06538238322279266
1223,BrC=C,289.05,True,INLLPKCGLOXCIV-UHFFFAOYSA-N,106.94999999999999,105.941812196,1.5248,0.0,0,0,0,0,0,0,0,0.0,3,1,18,0,-0.026096059274333422,-0.09210286402121319
1224,CCS(Cl)(=O)=O,450.75,True,FRYHCSODNHYDPU-UHFFFAOYSA-N,128.57999999999998,127.96987808,0.5749000000000001,34.14,0,2,1,0,0,0,0,1.0,6,4,38,0,0.23181445542728524,-0.2122348241607064
1225,OC(C)(C)C(O)=O,485.25,True,BWLBGMIXKSTLSX-UHFFFAOYSA-N,104.10499999999998,104.047344116,-0.15810000000000018,57.53,2,2,1,0,0,0,0,0.75,7,3,42,0,0.33458475481439587,-0.47912976324055834
1226,CC(Cl)(Cl)N(=O)=O,397.25,True,OQOGEOLRYAOSKO-UHFFFAOYSA-N,143.957,142.954083696,1.4144,43.14,0,2,1,0,0,0,0,1.0,7,5,42,0,0.36708097091479497,-0.2614980262684897
1227,CC1(C)C(CC1CC1O)C1=C,483.25,True,LCYXQUJDODZYIJ-UHFFFAOYSA-N,152.23699999999997,152.120115132,1.9695,20.23,1,1,0,3,0,3,0,0.8,11,1,62,0,0.07528004632298521,-0.38875384431212623
1228,BrCC(C)=O,411.25,True,VQFAIAKCILWQPZ-UHFFFAOYSA-N,136.976,135.95237688,0.9702999999999999,17.07,0,1,1,0,0,0,0,0.6666666666666666,5,2,30,0,0.13982878749512379,-0.29908644445746696
1229,COC(=O)N,450.25,True,GTCAXTIRRLKXRU-UHFFFAOYSA-N,75.06700000000001,75.0320284,-0.2884999999999999,52.32,1,2,0,0,0,0,0,0.5,5,3,30,0,0.40370813948805445,-0.45303413111760893
1230,CCN(C)C,309.75,True,DAZXVJBJRMWXJP-UHFFFAOYSA-N,73.139,73.08914935199999,0.5679,3.24,0,1,1,0,0,0,0,1.0,5,1,32,0,-0.005330651114377044,-0.3096740744847605
1231,OC(C)C(C)C,387.25,True,MXLMTQWGSQIYOW-UHFFFAOYSA-N,88.15,88.088815004,1.0232,20.23,1,1,1,0,0,0,0,1.0,6,1,38,0,0.0534509591006451,-0.39315213323115145
1232,CC(Cl)C(O)=O,460.25,True,GAWAYYRQGQZKCR-UHFFFAOYSA-N,108.52399999999999,107.99780708,0.6983,37.3,1,1,1,0,0,0,0,0.6666666666666666,6,3,36,0,0.320810718661082,-0.48015330137271695
1233,CC(C)(C)C(C)=CC,385.25,True,FZQMZRXKWHQJAG-UHFFFAOYSA-N,112.21599999999998,112.12520051199999,2.9987000000000013,0.0,0,0,0,0,0,0,0,0.75,8,0,48,0,-0.017587596790620743,-0.08820513084866306
1234,CC(C)CCCC(C)CC=O,471.25,True,UCSIFMPORANABL-UHFFFAOYSA-N,156.269,156.15141526,3.0378000000000016,17.07,0,1,6,0,0,0,0,0.9,11,1,66,0,0.11975617843869871,-0.303391692995973
1235,CC(C)(c1ccccc1)c(cc1)ccc1O,608.25,True,QBDSZLJBMIMQRS-UHFFFAOYSA-N,212.29199999999997,212.120115132,3.718100000000003,20.23,1,1,2,2,2,0,0,0.2,16,1,82,0,0.11509593466592691,-0.5079666362160915
1236,CCCC(OCC(COC(CCC)=O)OC(CCC)=O)=O,580.25,True,UYXTWWCETRIEDR-UHFFFAOYSA-N,302.36699999999996,302.17293855199995,2.384900000000001,78.9,0,6,11,0,0,0,0,0.8,21,6,122,0,0.3057965516551162,-0.4615800228853426
1237,Nc1ccc(N=Nc2ccccc2)cc1,633.25,True,QPQKUYVSJWQSDY-UHFFFAOYSA-N,197.24100000000004,197.095297352,3.6842000000000015,50.739999999999995,1,3,2,2,2,0,0,0.0,15,3,74,0,0.0858103632049922,-0.39872675178147654
1238,OCCS,431.25,True,DGVVWUTYPXICAM-UHFFFAOYSA-N,78.136,78.013935812,-0.09150000000000003,20.23,2,2,1,0,0,0,0,1.0,4,2,26,0,0.05187091585713182,-0.39552831752465284
1239,CNN,360.75,True,HDZGCSFEDULWCS-UHFFFAOYSA-N,46.073,46.05309819199999,-0.9205000000000001,38.05,2,2,0,0,0,0,0,1.0,3,2,20,0,-0.0017246824386040296,-0.2717217592299514
1240,CC(=O)N,495.25,True,DLFVBJFMPXGRIB-UHFFFAOYSA-N,59.068,59.03711378,-0.5084,43.09,1,1,0,0,0,0,0,0.5,4,2,24,0,0.21379017959217533,-0.36992058791265336
1241,CN1C=CNC1=S,553.25,True,PMRYVIKBURPHAH-UHFFFAOYSA-N,114.173,114.02516919199999,1.08269,20.72,1,1,0,1,1,0,1,0.25,7,3,38,0,0.17634249559001908,-0.3374092412870166
1242,CCC(=O)C(C)=O,383.15,True,TZMFJUDUGYTVRY-UHFFFAOYSA-N,100.11699999999999,100.052429496,0.5545,34.14,0,2,2,0,0,0,0,0.6,7,2,40,0,0.19730636971154167,-0.2912221332942706
1243,CCC(Cl)N(=O)=O,415.25,True,XEKUXTMJEFPWCG-UHFFFAOYSA-N,123.53899999999999,123.008706112,1.2379999999999998,43.14,0,2,2,0,0,0,0,1.0,7,4,42,0,0.2852592085782229,-0.2629475961424352
1244,CC(C)N(C(C)C)N=O,467.75,True,AUIKJTGFPFLMFP-UHFFFAOYSA-N,130.191,130.110613068,1.7866,32.67,0,2,3,0,0,0,0,1.0,9,3,54,0,0.05285472959667909,-0.2559353989250967
1245,Oc1c(c(C)c(cc1N(=O)=O)N(=O)=O)N(=O)=O,423.25,True,YYGJRRYSYLLCQH-UHFFFAOYSA-N,243.13099999999997,243.0127495,1.4252200000000008,149.64999999999998,1,7,3,1,1,0,0,0.14285714285714285,17,10,90,0,0.3272992745751877,-0.4972992113114411
1246,CCCC(CO1)OC1(Cn1cncn1)c1ccc(Cl)cc1Cl,453.25,True,STJLVHWMYQXCPB-UHFFFAOYSA-N,342.2260000000001,341.06978214400004,3.653400000000003,49.17,0,4,5,3,2,1,2,0.4666666666666667,22,7,118,0,0.2166721983597147,-0.34162190790360336
1247,CCCSSSCCC,362.25,True,GAZXPZNJTZIGBO-UHFFFAOYSA-N,182.37899999999996,182.025763448,3.836000000000003,0.0,0,3,6,0,0,0,0,1.0,9,3,56,0,0.004247512844112161,-0.08257649740962562
1248,c(cc1)ccc1N(c1ccccc1)c1ccccc1,638.25,True,ODHXBMXNKOYIBV-UHFFFAOYSA-N,245.32500000000005,245.12044948,5.156400000000003,3.24,0,1,3,3,3,0,0,0.0,19,1,92,0,0.04611013438922025,-0.31050667026185685
1249,c(cc1)ccc1P(c1ccccc1)c1ccccc1,633.25,True,RIOQSEWOXXDEQQ-UHFFFAOYSA-N,262.29200000000003,262.09113711000003,3.4448000000000016,0.0,0,0,3,3,3,0,0,0.0,19,1,92,0,-0.013435687534984822,-0.06222246775052784
1250,Cc1c(cccc1N(=O)=O)N(=O)=O,558.25,True,XTRDKALNCIHHNI-UHFFFAOYSA-N,182.135,182.032756672,1.8114200000000005,86.28,0,4,2,1,1,0,0,0.14285714285714285,13,6,68,0,0.278684380944421,-0.25829726349153237
1251,COC(=O)c1ccccc1OC,528.25,True,PFYHAAAQPNMZHO-UHFFFAOYSA-N,166.17599999999996,166.06299418,1.4818,35.53,0,3,2,1,1,0,0,0.2222222222222222,12,3,64,0,0.3411403368739376,-0.4958555108378468
1252,CCCCC1c2ccccc2C(O1)=O,451.25,True,HJXMNVQARNZTEE-UHFFFAOYSA-N,190.24199999999996,190.099379688,3.088300000000001,26.3,0,2,3,2,1,1,1,0.4166666666666667,14,2,74,0,0.33866065579577126,-0.4538610049675499
1253,COc(c1)c2OCOc2cc1CC=C,549.75,True,BNWJOHGLIBDBOB-UHFFFAOYSA-N,192.21399999999997,192.078644244,2.1524,27.69,0,3,3,2,1,1,1,0.2727272727272727,14,3,74,0,0.23101650804945717,-0.49270146031320744
1254,Nc1cccc(Cl)c1Cl,525.25,True,BRPSAOUFIJSKOT-UHFFFAOYSA-N,162.019,160.97990452,2.5756000000000006,26.02,1,1,0,1,1,0,0,0.0,9,3,48,0,0.08209958768946382,-0.3974788605658141
1255,Clc1cc(Cl)c(Cl)c(Cl)c1Cl,550.25,True,CEOCDNVZRAIOQZ-UHFFFAOYSA-N,250.339,247.852088432,4.9536,0.0,0,0,0,1,1,0,0,0.0,11,5,60,0,0.08084510227674689,-0.08259779741439219
1256,Oc(cc1Cl)cc(Cl)c1Cl,548.25,True,GBNHEBQXJVDXSW-UHFFFAOYSA-N,197.44799999999998,195.924947756,3.3523999999999994,20.23,1,1,0,1,1,0,0,0.0,10,4,54,0,0.11815790869400787,-0.5078538856905848
1257,Cc(ccc1N(=O)=O)cc1N(=O)=O,610.15,True,INYDMNPNDHRJQJ-UHFFFAOYSA-N,182.135,182.032756672,1.81142,86.28,0,4,2,1,1,0,0,0.14285714285714285,13,6,68,0,0.3457937497117952,-0.25808732695395736
1258,COC(=O)c1occc1,455.25,True,HDJLSECJEQSPKW-UHFFFAOYSA-N,126.11099999999998,126.031694052,1.0661999999999998,39.44,0,3,1,1,1,0,1,0.16666666666666666,9,3,48,0,0.3734321914378502,-0.4631561005590192
1259,Cc1ccccc1C=C,443.25,True,NVZWEEGUWXZOKI-UHFFFAOYSA-N,118.17899999999999,118.07825032,2.638020000000001,0.0,0,0,1,1,1,0,0,0.1111111111111111,9,0,46,0,-0.023323812006378338,-0.098460183758595
1260,COc1ccccc1C=C,470.25,True,SFBTTWXNCQVIEC-UHFFFAOYSA-N,134.17799999999997,134.07316494,2.3382000000000005,9.23,0,1,2,1,1,0,0,0.1111111111111111,10,1,52,0,0.1255541071602714,-0.4961375540662671
1261,CCCCC(C(CCC)Sc1ccoc1C)=O,376.25,True,PEYZZTQOVLTVHN-UHFFFAOYSA-N,254.39499999999998,254.134050944,4.608120000000005,30.21,0,3,8,1,1,0,1,0.6428571428571429,17,3,96,0,0.14568615342592242,-0.4684483879207017
1262,CC(C)CC(C(C(C)C)Sc1ccoc1C)=O,365.25,True,PFFLSEMCPNTWOY-UHFFFAOYSA-N,254.39499999999995,254.134050944,4.319920000000003,30.21,0,3,6,1,1,0,1,0.6428571428571429,17,3,96,0,0.1462019244331841,-0.46844838649288245
1263,COc1ccccc1OC(C)=O,397.25,True,BHJHPYFAYGAPLS-UHFFFAOYSA-N,166.17599999999996,166.06299418,1.6205,35.53,0,3,2,1,1,0,0,0.2222222222222222,12,3,64,0,0.3076565321569687,-0.4928431006702042
1264,NNC(c1ccccc1)=O,540.25,True,WARCRYXKINZHGQ-UHFFFAOYSA-N,136.15399999999997,136.063662876,0.29009999999999964,55.12,2,2,1,1,1,0,0,0.0,10,3,52,0,0.2646695563047525,-0.2901445510984406
1265,CN(c1ccccc1)N=O,498.25,True,MAXCWSIJKVASQC-UHFFFAOYSA-N,136.15399999999997,136.063662876,1.8041999999999998,32.67,0,2,2,1,1,0,0,0.14285714285714285,10,3,52,0,0.06223929048875668,-0.23240157569852132
1266,CCOC(=O)N(C)N=O,337.25,True,CAUBWLYZCDDYEF-UHFFFAOYSA-N,132.119,132.053492116,0.7561,58.97,0,4,2,0,0,0,0,0.75,9,5,52,0,0.43221250718435134,-0.44839013774720576
1267,Oc1ccc(Br)cc1Br,511.75,True,FAXWFCTVSHEODL-UHFFFAOYSA-N,251.905,249.862888948,2.9172000000000002,20.23,1,1,0,1,1,0,0,0.0,9,3,48,0,0.12933305029433786,-0.5067747715532739
1268,Cc(ccc1N)cc1Cl,492.25,True,XGYLSRFSXKAYCR-UHFFFAOYSA-N,141.601,141.034526936,2.23062,26.02,1,1,0,1,1,0,0,0.14285714285714285,9,2,48,0,0.063755170991474,-0.3975226932978401
1269,Oc(ccc1O)cc1Cl,536.25,True,AJPXTSMULZANCB-UHFFFAOYSA-N,144.557,143.99780708,1.7511999999999999,40.46,2,2,0,1,1,0,0,0.0,9,3,48,0,0.13394252001169898,-0.5079065390168217
1270,CC1=CC(OC1=O)=O,487.25,True,AYKYXWQEBUNJCN-UHFFFAOYSA-N,112.08399999999999,112.016043988,0.016100000000000003,43.370000000000005,0,3,0,1,0,1,1,0.2,8,3,42,0,0.34135778555091845,-0.38637189222184476
1271,CCC(Cl)CCl,397.35,True,PQBOTZNYFQWRHU-UHFFFAOYSA-N,127.014,126.00030561599999,2.2426000000000004,0.0,0,0,2,0,0,0,0,1.0,6,2,38,0,0.04683796379553297,-0.1251139448104667
1272,OCC(Cl)CCl,458.25,True,ZXCYIJGIGSDJQQ-UHFFFAOYSA-N,128.986,127.979570172,0.8249,20.23,1,1,2,0,0,0,0,1.0,6,3,38,0,0.07017309661143091,-0.3947962938524923
1273,CCC(O)C=C,387.25,True,VHVMXWZXFBOANQ-UHFFFAOYSA-N,86.134,86.07316494,0.9433,20.23,1,1,2,0,0,0,0,0.6,6,1,36,0,0.07152150672178825,-0.38907155574632313
1274,COC(OC)=O,363.75,True,IEJIGPNLZYLLBP-UHFFFAOYSA-N,90.078,90.031694052,0.39919999999999994,35.53,0,3,0,0,0,0,0,0.6666666666666666,6,3,36,0,0.5071977938803105,-0.4376213233778794
1275,O=C1NCCC1,518.25,True,HNJBEVLQSNELDL-UHFFFAOYSA-N,85.10600000000001,85.052763844,-0.10360000000000014,29.1,1,1,0,1,0,1,1,0.75,6,2,34,0,0.2195624778107321,-0.35609106220576986
1276,CCOC(=O)C(C)=O,417.25,True,XXRCUYVCPSWGCC-UHFFFAOYSA-N,116.11599999999999,116.047344116,0.13850000000000007,43.370000000000005,0,3,2,0,0,0,0,0.6,8,3,46,0,0.3737681512891596,-0.4602653831761543
1277,CC(C)OC(C(C)C)=O,394.25,True,WVRPFQGZHKZCEB-UHFFFAOYSA-N,130.18699999999998,130.099379688,1.5939999999999999,26.3,0,2,2,0,0,0,0,0.8571428571428571,9,2,54,0,0.30811734651617945,-0.4627649033961313
1278,NCC(CC)CC,398.25,True,MGWAGIQQTULHGU-UHFFFAOYSA-N,101.193,101.12044947999999,1.3813000000000002,26.02,1,1,3,0,0,0,0,1.0,7,1,44,0,-0.004906756725549885,-0.33019774781681
1279,OC(C)(C)c1ccccc1,475.25,True,BDCFWIDZNLCTMF-UHFFFAOYSA-N,136.19399999999996,136.088815004,1.914,20.23,1,1,1,1,1,0,0,0.3333333333333333,10,1,54,0,0.08400428512343333,-0.385754406618684
1280,Cc1cc(cc(c1)N(=O)=O)N(=O)=O,588.25,True,RUIFULUFLANOCI-UHFFFAOYSA-N,182.135,182.032756672,1.81142,86.28,0,4,2,1,1,0,0,0.14285714285714285,13,6,68,0,0.2760667554590684,-0.25830583475435803
1281,CCOc1ccc(cc1)NC(C)=O,518.25,True,CPJSUEIXXCENMM-UHFFFAOYSA-N,179.21899999999997,179.094628656,2.0436999999999994,38.33,1,2,3,1,1,0,0,0.3,13,3,70,0,0.22074743631883423,-0.4938874337901201
1282,CCOS(C)(=O)=O,486.75,True,PLUBXMRUUVWRLT-UHFFFAOYSA-N,124.16099999999999,124.019415116,-0.01750000000000007,43.370000000000005,0,3,2,0,0,0,0,1.0,7,4,44,0,0.26387724790258493,-0.27061261016911886
1283,COP(OC)(OC=C(Cl)Cl)=O,507.35,True,OEBRKCOSUFCWJD-UHFFFAOYSA-N,220.97599999999997,219.945900694,2.6804000000000006,44.760000000000005,0,4,4,0,0,0,0,0.5,11,7,66,0,0.5285168258770697,-0.40942829506140305
1284,Cc1oc(C=O)cc1,363.25,True,OUDFNZMQXZILJD-UHFFFAOYSA-N,110.11199999999997,110.036779432,1.40052,30.21,0,2,1,1,1,0,1,0.16666666666666666,8,2,42,0,0.184817085055597,-0.4585915749205054
1285,CCc(ccc1)cc1O,491.65,True,HMNKTRSOROOSPP-UHFFFAOYSA-N,122.16699999999996,122.07316494,1.9545999999999997,20.23,1,1,1,1,1,0,0,0.25,9,1,48,0,0.11535000714268884,-0.5079563872990431
1286,Cc1cc(C=O)ccc1,472.25,True,OVWYEQOVUDKZNU-UHFFFAOYSA-N,120.15099999999997,120.057514876,1.80752,17.07,0,1,1,1,1,0,0,0.125,9,1,46,0,0.14955797957523775,-0.29789623248607505
1287,CCCN(CCC)N=O,479.25,True,YLKFDHTUAUWZPQ-UHFFFAOYSA-N,130.191,130.110613068,1.7898,32.67,0,2,5,0,0,0,0,1.0,9,3,54,0,0.05234652356237273,-0.2609299267312779
1288,OCCOCc1ccccc1,529.25,True,CUZKCNWZBXLAJX-UHFFFAOYSA-N,152.19299999999998,152.083729624,1.1955,29.46,1,2,4,1,1,0,0,0.3333333333333333,11,2,60,0,0.07175497466244456,-0.39398004380353496
1289,ClCCc1ccccc1,471.25,True,MNNZINNZIQVULG-UHFFFAOYSA-N,140.61299999999997,140.039277968,2.4679,0.0,0,0,2,1,1,0,0,0.25,9,1,48,0,0.026340822344495016,-0.1263568810292546
1290,CC(OC1CCCCC1)=O,446.25,True,YYLLIJHXUHJATK-UHFFFAOYSA-N,142.198,142.099379688,1.8821999999999999,26.3,0,2,1,1,0,1,0,0.875,10,2,58,0,0.30239934917782924,-0.4625664738968723
1291,CCOc(cc1)ccc1O,520.25,True,LKVFCSWBKOVHAH-UHFFFAOYSA-N,138.16599999999997,138.06807956,1.7908999999999997,29.46,1,2,2,1,1,0,0,0.25,10,2,54,0,0.11904043580408702,-0.5079622349322614
1292,Cc1ccc(C=C)cc1,445.25,True,JLBJTVDPSNHSKJ-UHFFFAOYSA-N,118.17899999999999,118.07825032,2.638020000000001,0.0,0,0,1,1,1,0,0,0.1111111111111111,9,0,46,0,-0.026236279920051207,-0.09847004748424021
1293,OCc(cc1)ccc1O,525.25,True,BVJSUAQZOZWCKN-UHFFFAOYSA-N,124.13899999999997,124.052429496,0.8844999999999998,40.46,2,2,1,1,1,0,0,0.14285714285714285,9,2,48,0,0.11509773894784825,-0.5079666212710555
1294,CC(OCc1occc1)=O,450.25,True,CKOYRRWBOKMNRG-UHFFFAOYSA-N,140.13799999999998,140.047344116,1.3427,39.44,0,3,2,1,1,0,1,0.2857142857142857,10,3,54,0,0.30257310442440866,-0.46571615796172566
1295,CCC(OCc1occc1)=O,469.25,True,LGBXNZSSTFWRFS-UHFFFAOYSA-N,154.165,154.06299418,1.7328000000000001,39.44,0,3,3,1,1,0,1,0.375,11,3,60,0,0.3054466172291591,-0.4657161562934437
1296,O=Cc1ccc(C=O)cc1,519.25,True,KUCOHFSKRZZVRO-UHFFFAOYSA-N,134.134,134.036779432,1.3115999999999999,34.14,0,2,2,1,1,0,0,0.0,10,2,50,0,0.14954877063788538,-0.29789640560010405
1297,CCCC(OC)=O,376.05,True,UUIQMZJEGPQKFD-UHFFFAOYSA-N,102.13299999999998,102.06807956,0.9595,26.3,0,2,2,0,0,0,0,0.8,7,2,42,0,0.30499121879740626,-0.46899555445129654
1298,CC(C)CC(CC)=O,408.25,True,DXVYLFHTJZWTRF-UHFFFAOYSA-N,114.18799999999999,114.104465068,2.0116,17.07,0,1,3,0,0,0,0,0.8571428571428571,8,1,48,0,0.1323915782805866,-0.2997182106383483
1299,CC=CC(OC(=O)C=CC)=O,521.25,True,VJDDQSBNUHLBTD-UHFFFAOYSA-N,154.16499999999996,154.06299418,1.2084,43.370000000000005,0,3,2,0,0,0,0,0.25,11,3,60,0,0.3377901347875181,-0.386598244579168
1300,CCOC(=O)NCC,449.25,True,GZXSDYYWLZERLF-UHFFFAOYSA-N,117.148,117.078978592,0.7524,38.33,1,2,2,0,0,0,0,0.8,8,3,48,0,0.40660450352283634,-0.4498589390282568
1301,CC(COC(C)=O)OC(C)=O,463.25,True,MLHOXUWWKVQEJB-UHFFFAOYSA-N,160.16899999999998,160.073558864,0.5011000000000001,52.6,0,4,3,0,0,0,0,0.7142857142857143,11,4,64,0,0.30251500496235256,-0.4619431504948609
1302,CCCCC(OC)=O,392.25,True,HNBDRPTVWVGKBR-UHFFFAOYSA-N,116.15999999999998,116.083729624,1.3496000000000001,26.3,0,2,3,0,0,0,0,0.8333333333333334,8,2,48,0,0.3050016578853253,-0.46899542882535256
1303,CCC(C)COC(C)=O,411.25,True,XHIUFYZDQBSEMF-UHFFFAOYSA-N,130.18699999999998,130.099379688,1.5956000000000001,26.3,0,2,3,0,0,0,0,0.8571428571428571,9,2,54,0,0.30213285599990236,-0.4655935095021842
1304,CC(C)CCC(CC)=O,437.25,True,CCCIYAQYQZQDIZ-UHFFFAOYSA-N,128.215,128.120115132,2.401700000000001,17.07,0,1,4,0,0,0,0,0.875,9,1,54,0,0.1321465591344842,-0.2997290919581027
1305,COC(CCC(C)=O)=O,469.25,True,UAGJVSRUFNSIHR-UHFFFAOYSA-N,130.143,130.06299418,0.5286,43.370000000000005,0,3,3,0,0,0,0,0.6666666666666666,9,3,52,0,0.3054509713007721,-0.4689856763232739
1306,CCCCCOC(CC)=O,442.25,True,TWSRVQVEYJNFKQ-UHFFFAOYSA-N,144.21399999999997,144.115029752,2.1298000000000004,26.3,0,2,5,0,0,0,0,0.875,10,2,60,0,0.30499640966445174,-0.465682528839917
1307,FCCF,299.25,True,AHFMSNDOYCFEPH-UHFFFAOYSA-N,66.05,66.028106568,0.9254,0.0,0,0,1,0,0,0,0,1.0,4,2,26,0,0.11774433594500015,-0.24823404062243565
1308,CON=O,337.85,True,BLLFVUPNHCTMSV-UHFFFAOYSA-N,61.04,61.016378336,0.31420000000000003,38.66,0,3,1,0,0,0,0,1.0,4,3,24,0,0.1543693466664123,-0.3674047387946438
1309,CC(C)OC=O,341.45,True,RMOUBSOVHSONPZ-UHFFFAOYSA-N,88.106,88.052429496,0.5678,26.3,0,2,2,0,0,0,0,0.75,6,2,36,0,0.29283229361141283,-0.4651792362167018
1310,CCON(=O)=O,360.45,True,IDNUEBSJWINEMI-UHFFFAOYSA-N,91.06599999999999,91.02694302,0.2146,52.37,0,3,2,0,0,0,0,1.0,6,4,36,0,0.2939845015911819,-0.3142020705962173
1311,Cc1[nH]c(C)cc1,444.25,True,PAPNRQCYSFBWDI-UHFFFAOYSA-N,95.14499999999998,95.073499288,1.63154,15.79,1,0,0,1,1,0,1,0.3333333333333333,7,1,38,0,0.01172737520076912,-0.36274154093623395
1312,SCc1sccc1,439.25,True,GCZQHDFWKVMZOE-UHFFFAOYSA-N,130.237,129.991092192,2.1779,0.0,1,2,1,1,1,0,1,0.2,7,2,38,0,0.02481344165359532,-0.17369206400014392
1313,O=Cc1cc(C=O)ccc1,519.25,True,IZALUMVGBVKPJD-UHFFFAOYSA-N,134.134,134.036779432,1.3116,34.14,0,2,2,1,1,0,0,0.0,10,2,50,0,0.14957166781851108,-0.2978960109608387
1314,CCCC(CC(C)C)=O,428.25,True,AKRJXOYALOGLHQ-UHFFFAOYSA-N,128.21499999999997,128.120115132,2.401700000000001,17.07,0,1,4,0,0,0,0,0.875,9,1,54,0,0.1326560588727574,-0.29970702846296976
1315,CCCC(C)OC(C)=O,404.25,True,GQKZRWSUJHVIPE-UHFFFAOYSA-N,130.18699999999998,130.099379688,1.7381,26.3,0,2,3,0,0,0,0,0.8571428571428571,9,2,54,0,0.30238921877085184,-0.4628615489136173
1316,Nc1cc(Cl)cc(Cl)c1,533.25,True,UQRLKWGPEVNVHT-UHFFFAOYSA-N,162.019,160.97990452,2.5756000000000006,26.02,1,1,0,1,1,0,0,0.0,9,3,48,0,0.04407700516031767,-0.3986437601571959
1317,Clc1cccnc1,424.25,True,PWRBCZZQRRPXAB-UHFFFAOYSA-N,113.54699999999998,113.003226808,1.7349999999999997,12.89,0,1,0,1,1,0,1,0.0,7,2,36,0,0.05888141862257841,-0.26318009712556134
1318,Clc1ccncc1,424.25,True,PVMNPAUTCMBOMO-UHFFFAOYSA-N,113.54699999999998,113.003226808,1.7349999999999997,12.89,0,1,0,1,1,0,1,0.0,7,2,36,0,0.043608586244279546,-0.26462850387852255
1319,CCCCCC(OCCC)=O,460.25,True,HTUIWRWYYVBCFT-UHFFFAOYSA-N,158.24099999999999,158.130679816,2.5199000000000007,26.3,0,2,6,0,0,0,0,0.8888888888888888,11,2,66,0,0.3052773435074612,-0.46568605771849814
1320,CCCCOC(CCCCC)=O,481.25,True,RPRPDTXKGSIXMD-UHFFFAOYSA-N,172.26799999999997,172.14632988,2.910000000000001,26.3,0,2,7,0,0,0,0,0.9,12,2,72,0,0.30527751271873543,-0.4656751917697506
1321,ClCCOC(Cl)=O,428.25,True,SVDDJQGVOFZBNX-UHFFFAOYSA-N,142.969,141.958834728,1.6006,26.3,0,2,2,0,0,0,0,0.6666666666666666,7,4,42,0,0.40329938366743906,-0.45242076078311383
1322,CCCOC(=O)N,469.25,True,YNTOKMNHRPSGFU-UHFFFAOYSA-N,103.121,103.063328528,0.49170000000000014,52.32,1,2,2,0,0,0,0,0.75,7,3,42,0,0.40398579622520586,-0.4497249297154935
1323,CCCON(=O)=O,383.25,True,JNTOKFNBDFMTIV-UHFFFAOYSA-N,105.09299999999999,105.042593084,0.6047,52.37,0,3,3,0,0,0,0,1.0,7,4,42,0,0.2939945430909231,-0.31392056475959584
1324,OCCC=C,386.75,True,ZSPTYLOMNJNZNG-UHFFFAOYSA-N,72.10700000000001,72.057514876,0.5548,20.23,1,1,2,0,0,0,0,0.5,5,1,30,0,0.0464921717135246,-0.39605465456766703
1325,COCCCl,366.25,True,XTIGGAHUZJWQMD-UHFFFAOYSA-N,94.541,94.018542524,0.8716,9.23,0,1,2,0,0,0,0,1.0,5,2,32,0,0.059749644568930234,-0.3834537450091738
1326,C=CSC=C,374.25,True,UIYCHXAGWOYNNA-UHFFFAOYSA-N,86.15899999999999,86.019021192,2.0065999999999997,0.0,0,1,2,0,0,0,0,0.0,5,1,28,0,-0.032046168619220626,-0.10729464424276133
1327,CCCCCCCCCCC(OCC)=O,378.25,True,IAFQYUQIAOWKSB-UHFFFAOYSA-N,214.34899999999996,214.193280072,4.080300000000003,26.3,0,2,10,0,0,0,0,0.9230769230769231,15,2,90,0,0.3052674256589853,-0.4659692078794497
1328,COC(CCCCC(OC)=O)=O,388.25,True,UDSFAEKRVUSQDD-UHFFFAOYSA-N,174.196,174.089208928,0.8927999999999998,52.6,0,4,5,0,0,0,0,0.75,12,4,70,0,0.30500207032597487,-0.46899542664993227
1329,CCOCc1occc1,423.25,True,BHGBNDNKYPEAAT-UHFFFAOYSA-N,126.15499999999997,126.06807956,1.8161,22.37,0,2,3,1,1,0,1,0.42857142857142855,9,2,50,0,0.12893015805047348,-0.46689840496503654
1330,CCCCCC(=O)N,528.25,True,ALBYIUDWACNRRB-UHFFFAOYSA-N,115.176,115.099714036,1.052,43.09,1,1,4,0,0,0,0,0.8333333333333334,8,2,48,0,0.21691256031635586,-0.36967998303516486
1331,O=N(OCCON(=O)=O)=O,471.75,True,UQXKXGWGFRWILX-UHFFFAOYSA-N,152.062,152.006935848,-0.597,104.73999999999998,0,6,5,0,0,0,0,1.0,10,8,58,0,0.2940609784234134,-0.311864180907595
1332,CCCCCCCCCCCCCCCC(OCC)=O,466.25,True,XIRNKXNNONJFQO-UHFFFAOYSA-N,284.4839999999999,284.271530392,6.030800000000006,26.3,0,2,15,0,0,0,0,0.9444444444444444,20,2,120,0,0.3052674256589853,-0.4659692078794497
1333,CCCCCCCC(O)C,467.25,True,NGDNVOAEIVQRFH-UHFFFAOYSA-N,144.258,144.15141526,2.7277000000000013,20.23,1,1,6,0,0,0,0,1.0,10,1,62,0,0.051166683134681604,-0.39341926903330776
1334,CCCSSCCC,468.25,True,ALVPFGSHPUPROW-UHFFFAOYSA-N,150.31199999999998,150.053692448,3.187800000000002,0.0,0,2,5,0,0,0,0,1.0,8,2,50,0,0.0034270164033086354,-0.09417055176624087
1335,CCCCCCOC=O,429.25,True,OUGPMNMLWKSBRI-UHFFFAOYSA-N,130.18699999999998,130.099379688,1.7397,26.3,0,2,6,0,0,0,0,0.8571428571428571,9,2,54,0,0.2925755189605754,-0.4679009861306095
1336,CCCCSSCCCC,506.25,True,CUDSBWGCGSUXDB-UHFFFAOYSA-N,178.36599999999996,178.084992576,3.9680000000000026,0.0,0,2,7,0,0,0,0,1.0,10,2,62,0,0.0036794612974463815,-0.09415989620917391
1337,CCCCCCCCCCCCC,508.65,True,IIYFAKIEWZDVMP-UHFFFAOYSA-N,184.36699999999996,184.219100896,5.317300000000005,0.0,0,0,10,0,0,0,0,1.0,13,0,80,0,-0.05330597279962309,-0.06538238322279266
1338,CCCCCCCCCCCCCC,526.82,True,BGHCVCJVXZWKCC-UHFFFAOYSA-N,198.39399999999995,198.23475095999999,5.707400000000006,0.0,0,0,11,0,0,0,0,1.0,14,0,86,0,-0.05330597279437904,-0.06538238322279266
1339,CCCCCCCCCCCCCCC=C,557.65,True,GQEZCXVZFLOKMC-UHFFFAOYSA-N,224.43199999999993,224.25040102399998,6.2636000000000065,0.0,0,0,13,0,0,0,0,0.875,16,0,96,0,-0.0353412931099218,-0.10308297893627165
1340,OCCCCCCCCCCCCCCC,572.25,True,REIUXOLGHVXAEO-UHFFFAOYSA-N,228.41999999999993,228.24531564400002,5.069900000000005,20.23,1,1,13,0,0,0,0,1.0,16,1,98,0,0.043052407228889096,-0.39637656934228244
1341,CCCCCCCCCCCCCCCCC,576.25,True,NDJKXXJCMXVBJW-UHFFFAOYSA-N,240.4749999999999,240.28170115199998,6.877700000000007,0.0,0,0,14,0,0,0,0,1.0,17,0,104,0,-0.053305972789115724,-0.06538238322279266
1342,CCCCCCCCCCCCCCCCCCC,603.25,True,LQERIDTXQFOHKA-UHFFFAOYSA-N,268.5289999999999,268.31300128,7.657900000000008,0.0,0,0,16,0,0,0,0,1.0,19,0,116,0,-0.0533059727891157,-0.06538238322279266
1343,CCCCCCCCCCCCCCCCCCCCC,632.25,True,FNAZRRHPUDJQCJ-UHFFFAOYSA-N,296.58299999999997,296.344301408,8.438100000000006,0.0,0,0,18,0,0,0,0,1.0,21,0,128,0,-0.0533059727891157,-0.06538238322279266
1344,OCCCCCCCCCCCCCCCCCCCC,582.25,True,BTFJIXJJCSYFAL-UHFFFAOYSA-N,298.555,298.323565964,7.020400000000008,20.23,1,1,18,0,0,0,0,1.0,21,1,128,0,0.043052407228889096,-0.39637656934228244
1345,CCCCCCCCCCCCCCCCCCCCCCCCC,675.15,True,YKNWIILGEFFOPE-UHFFFAOYSA-N,352.69100000000014,352.406901664,9.998499999999995,0.0,0,0,22,0,0,0,0,1.0,25,0,152,0,-0.0533059727891157,-0.06538238322279266
1346,CN1CC(=CCC1)C(OC)=O,482.25,True,HJJPJSXJAXAIPN-UHFFFAOYSA-N,155.19699999999997,155.094628656,0.4213,29.54,0,3,1,1,0,1,1,0.625,11,3,62,0,0.3342236541189761,-0.4656243715937133
1347,CCCCCCCCCCCCCCCCCCCCCCCCCC,688.25,True,HMSWAIKSFDFLKN-UHFFFAOYSA-N,366.7180000000002,366.422551728,10.388599999999993,0.0,0,0,23,0,0,0,0,1.0,26,0,158,0,-0.0533059727891157,-0.06538238322279266
1348,CCCCCCCCCCCCCCCCCCCCCCCCCCCC,705.25,True,ZYURHZPYMFLWSH-UHFFFAOYSA-N,394.7720000000003,394.453851856,11.168799999999989,0.0,0,0,25,0,0,0,0,1.0,28,0,170,0,-0.0533059727891157,-0.06538238322279266
1349,CCCCCCCCCCCCCCCCCCCCCCCCCCCCC,716.25,True,IGGUPRCHHJZPBS-UHFFFAOYSA-N,408.7990000000003,408.46950191999997,11.558899999999985,0.0,0,0,26,0,0,0,0,1.0,29,0,176,0,-0.0533059727891157,-0.06538238322279266
1350,CCCCCCCCCCCCCCCCCCCCCCCCCCCCCCCCCCCC,571.65,True,YDLYQMBWCWFRAI-UHFFFAOYSA-N,506.9880000000006,506.579052368,14.289599999999968,0.0,0,0,33,0,0,0,0,1.0,36,0,218,0,-0.0533059727891157,-0.06538238322279266
1351,CC(C)Cc1ccccn1,384.25,True,BBVSPSDWPYWMOR-UHFFFAOYSA-N,135.20999999999995,135.104799416,2.2801,12.89,0,1,2,1,1,0,1,0.4444444444444444,10,1,54,0,0.04056597008791444,-0.2613059925731693
1352,Cc1cscc1C,419.25,True,GPSFYJDZKSRMKZ-UHFFFAOYSA-N,112.19699999999999,112.034671256,2.36494,0.0,0,1,0,1,1,0,1,0.3333333333333333,7,1,38,0,-0.006132916238724245,-0.15187856444555614
1353,Cc1ccsc1C,413.25,True,BZYUMXXOAYSFOW-UHFFFAOYSA-N,112.197,112.034671256,2.36494,0.0,0,1,0,1,1,0,1,0.3333333333333333,7,1,38,0,0.004333099070603271,-0.1489502609760927
1354,Clc(cc1Cl)cc(Cl)c1Cl,519.25,True,QZYNWJQFTJXIRN-UHFFFAOYSA-N,215.894,213.891060784,4.3002,0.0,0,0,0,1,1,0,0,0.0,10,4,54,0,0.0779030660373676,-0.08423147288483936
1355,OCc1sccc1,480.25,True,ZPHGMBGIFODUMF-UHFFFAOYSA-N,114.16899999999997,114.013935812,1.2404000000000002,20.23,1,2,1,1,1,0,1,0.2,7,2,38,0,0.07739316361984612,-0.3908419297017342
1356,CC(OCC1CCCO1)=O,468.25,True,AAQDYYFAFXGBFZ-UHFFFAOYSA-N,144.17,144.078644244,0.7284999999999999,35.53,0,3,2,1,0,1,1,0.8571428571428571,10,3,58,0,0.3022180946391014,-0.4631132250076155
1357,CCC(OCC1CCCO1)=O,480.25,True,FMKCDSXOYLTWBR-UHFFFAOYSA-N,158.197,158.094294308,1.1186,35.53,0,3,3,1,0,1,1,0.875,11,3,64,0,0.3050916334143839,-0.4629180653303791
1358,CC(C)OC(CC)=O,384.25,True,IJMWOMHMDSDKGK-UHFFFAOYSA-N,116.16,116.083729624,1.3479999999999999,26.3,0,2,2,0,0,0,0,0.8333333333333334,8,2,48,0,0.305252619884261,-0.4629608314399837
1359,CCCCCCOC(CCCCC)=O,519.25,True,NCDCLPBOMHPFCV-UHFFFAOYSA-N,200.32199999999995,200.177630008,3.6902000000000026,26.3,0,2,9,0,0,0,0,0.9166666666666666,14,2,84,0,0.30527751406926446,-0.4656750045366096
1360,Cc1cc(C)sc1,414.25,True,CPULIKNSOUFMPL-UHFFFAOYSA-N,112.19699999999999,112.034671256,2.3649400000000007,0.0,0,1,0,1,1,0,1,0.3333333333333333,7,1,38,0,0.0016881707391890534,-0.14895080592491045
1361,Cc1sc(C)cc1,408.25,True,GWQOOADXMVQEFT-UHFFFAOYSA-N,112.19699999999997,112.034671256,2.36494,0.0,0,1,0,1,1,0,1,0.3333333333333333,7,1,38,0,0.00169896864318274,-0.14602339068036815
1362,CCCC(OC(C)C)=O,404.25,True,FFOPEPMHKILNIT-UHFFFAOYSA-N,130.18699999999998,130.099379688,1.7381,26.3,0,2,3,0,0,0,0,0.8571428571428571,9,2,54,0,0.30552310418796785,-0.4629534349101531
1363,CCCCCCCCCCCCCCCCCC=O,595.25,True,FWWQKRXKHIRPJY-UHFFFAOYSA-N,268.4849999999999,268.276615772,6.446800000000007,17.07,0,1,16,0,0,0,0,0.9444444444444444,19,1,114,0,0.11949019867032569,-0.3034029081494581
1364,CCCCCCCCCCCCCCCCCCCCCCC,654.25,True,FIGVVZUWCLSUEI-UHFFFAOYSA-N,324.63700000000006,324.375601536,9.218300000000001,0.0,0,0,20,0,0,0,0,1.0,23,0,140,0,-0.0533059727891157,-0.06538238322279266
1365,CCCCCCCCCCCCCCCCCCCCCCCCCCCCCC,724.25,True,JXTPJDDICSTXJX-UHFFFAOYSA-N,422.82600000000036,422.485151984,11.948999999999982,0.0,0,0,27,0,0,0,0,1.0,30,0,182,0,-0.0533059727891157,-0.06538238322279266
1366,COc1ccc(C=C)cc1OC,478.25,True,NJXYTXADXSRFTJ-UHFFFAOYSA-N,164.20399999999998,164.083729624,2.3468,18.46,0,2,3,1,1,0,0,0.2,12,2,64,0,0.16080910564474507,-0.4928695649206152
1367,NCCc1ccccc1,470.75,True,BHHGXPLMPWCGHP-UHFFFAOYSA-N,121.18299999999995,121.08914935199999,1.1878,26.02,1,1,2,1,1,0,0,0.25,9,1,48,0,-0.0036698097858793165,-0.3301426071948191
1368,OCC,351.49,True,LFQSCWFLJHTTHZ-UHFFFAOYSA-N,46.069,46.041864812,-0.0014000000000000679,20.23,1,1,0,0,0,0,0,1.0,3,1,20,0,0.04022058174908642,-0.3966637147812598
1369,OC=O,374.25,True,BDAGIHXWWSANSR-UHFFFAOYSA-N,46.025,46.005479304,-0.29919999999999997,37.3,1,1,0,0,0,0,0,0.0,3,2,18,0,0.29012882761761255,-0.483466609975982
1370,OC(C)=O,391.15,True,QTBSBXVTEAMEQO-UHFFFAOYSA-N,60.052,60.021129368000004,0.09089999999999993,37.3,1,1,0,0,0,0,0,0.5,4,2,24,0,0.2996845531582142,-0.481433475172105
1371,CCOS(OCC)(=O)=O,482.75,True,DENRZWYUOJLTMF-UHFFFAOYSA-N,154.18699999999998,154.0299798,0.3042,52.6,0,4,4,0,0,0,0,1.0,9,5,56,0,0.3993316830661476,-0.24848420809367655
1372,Cc1ccc(cc1)c1ccccc1,541.25,True,ZZLCFHIKESPLTH-UHFFFAOYSA-N,168.239,168.093900384,3.662020000000002,0.0,0,0,1,2,2,0,0,0.07692307692307693,13,0,64,0,-0.018384746310719808,-0.062225394893631124
1373,CCCc1ccccc1O,499.25,True,LCHYEKKJCUJAKN-UHFFFAOYSA-N,136.19399999999996,136.088815004,2.344700000000001,20.23,1,1,2,1,1,0,0,0.3333333333333333,10,1,54,0,0.11826168679440661,-0.5076761286766878
1374,CCCOC(C(C)C)=O,407.25,True,AZFUASHXSOTBNU-UHFFFAOYSA-N,130.18699999999998,130.099379688,1.5956000000000001,26.3,0,2,3,0,0,0,0,0.8571428571428571,9,2,54,0,0.30786098792311717,-0.465497654970783
1375,CC(C)c1ccc(C(C)=O)cc1,527.25,True,PDLCCNYKIIUWHA-UHFFFAOYSA-N,162.23199999999997,162.104465068,3.0126000000000017,17.07,0,1,2,1,1,0,0,0.36363636363636365,12,1,64,0,0.15929883389805827,-0.29451220434086833
1376,CCCc(cc1)ccc1O,506.25,True,KLSLBUSXWBJMEC-UHFFFAOYSA-N,136.19399999999996,136.088815004,2.344700000000001,20.23,1,1,2,1,1,0,0,0.3333333333333333,10,1,54,0,0.11509484010720065,-0.5079666452523571
1377,N#CCCc1ccccc1,534.25,True,ACRWYXSKEHUQDB-UHFFFAOYSA-N,131.17799999999997,131.073499288,2.14278,23.79,0,1,2,1,1,0,0,0.2222222222222222,10,1,50,0,0.06247298325962931,-0.1983350305911117
1378,C1OCCO1,351.25,True,WNXJIVFYUVYPPR-UHFFFAOYSA-N,74.079,74.036779432,-0.009299999999999975,18.46,0,2,0,1,0,1,1,1.0,5,2,30,0,0.14643943241910296,-0.3530353505749712
1379,CC(C)CCC(O)=O,474.25,True,FGKJLKRYENPLQH-UHFFFAOYSA-N,116.15999999999998,116.083729624,1.5072,37.3,1,1,3,0,0,0,0,0.8333333333333334,8,2,48,0,0.3028498882010835,-0.4812302641198295
1380,CCCCCCCCCCCCCCCCCCC(O)=O,573.25,True,ISYWECDDZWTKFF-UHFFFAOYSA-N,298.5109999999999,298.287180456,6.722600000000007,37.3,1,1,17,0,0,0,0,0.9473684210526315,21,2,126,0,0.30283955653218375,-0.481230389785217
1381,CCCCCCCCCCCCCCCCCCCCCCCC,664.25,True,POOSGDOYLQNASK-UHFFFAOYSA-N,338.6640000000001,338.3912516,9.608399999999998,0.0,0,0,21,0,0,0,0,1.0,24,0,146,0,-0.0533059727891157,-0.06538238322279266
1382,Oc1ccccc1C(=O)N,454.75,True,SKZKKFZAGNVIMN-UHFFFAOYSA-N,137.13799999999998,137.047678464,0.49110000000000026,63.31999999999999,2,2,1,1,1,0,0,0.0,10,3,52,0,0.25195368365308174,-0.5071219157350979
1383,OC(=O)c1ccccc1,522.45,True,WPYMKLBDIGXBTP-UHFFFAOYSA-N,122.12299999999996,122.036779432,1.3848,37.3,1,1,1,1,1,0,0,0.0,9,2,46,0,0.3351782346710392,-0.47763925058011736
1384,CCCCC(CO)C(C)=O,369.25,True,MHOXVRWQBOAOAU-UHFFFAOYSA-N,144.21399999999997,144.115029752,1.3740999999999999,37.3,1,2,5,0,0,0,0,0.875,10,2,60,0,0.1346955053989998,-0.39562765995945903
1385,CSSc1ccoc1C,490.25,True,SRUTWBWLFKSTIS-UHFFFAOYSA-N,160.26299999999998,160.001656876,2.958120000000001,13.14,0,3,2,1,1,0,1,0.3333333333333333,9,3,50,0,0.1145720630129311,-0.4684161418638559
1386,Cc(nc1C)sc1C=C,457.25,True,MLBCDQHOBLVBQD-UHFFFAOYSA-N,139.22299999999998,139.045570288,2.402940000000001,12.89,0,2,1,1,1,0,1,0.2857142857142857,9,2,48,0,0.09030413620226402,-0.2462395710658924
1387,CC(C)CCOC(CC(C)C)=O,464.25,True,XINCECQTMHSORG-UHFFFAOYSA-N,172.26799999999997,172.14632988,2.6218000000000012,26.3,0,2,5,0,0,0,0,0.9,12,2,72,0,0.3055386646009083,-0.46565692757946253
1388,COS(C)(=O)=O,476.25,True,MBABOKRGFJTBAE-UHFFFAOYSA-N,110.13399999999999,110.003765052,-0.40759999999999996,43.370000000000005,0,3,1,0,0,0,0,1.0,6,4,38,0,0.26362280031595087,-0.27367293755241723
1389,c(cnc1c2ncccc2c2)cc1c2,573.25,True,DGEZNRSVGBDHLK-UHFFFAOYSA-N,180.20999999999998,180.068748256,2.7830000000000013,25.78,0,2,0,3,3,0,2,0.0,14,2,66,0,0.09640125550671767,-0.25396035503188663
1390,OCCCCCCCCCCCCCCCCCCCCCC,453.25,True,NOPFSRXAKWQILS-UHFFFAOYSA-N,326.6090000000001,326.354866092,7.800600000000009,20.23,1,1,20,0,0,0,0,1.0,23,1,140,0,0.043052407228889096,-0.39637656934228244
1391,COc1cc(CC=C)cc(OC)c1O,442.25,True,FWMPKHMKIJDEMJ-UHFFFAOYSA-N,194.23,194.094294308,2.1379000000000006,38.69,1,3,4,1,1,0,0,0.2727272727272727,14,3,76,0,0.20025138012613325,-0.5016994810916907
1392,CSCCSC,453.25,True,UJTDKNZVLGVLFT-UHFFFAOYSA-N,122.25800000000001,122.02239232,1.7124,0.0,0,2,3,0,0,0,0,1.0,6,2,38,0,0.002065728820186161,-0.16457511058422974
1393,COc1cc(C)cc(OC)c1O,419.25,True,ZFBNNSOJNZBLLS-UHFFFAOYSA-N,168.19199999999998,168.078644244,1.7178199999999997,38.69,1,3,2,1,1,0,0,0.3333333333333333,12,3,66,0,0.20025059700801653,-0.5016994852466007
1394,OCc1oc(C=O)cc1,388.25,True,NOEGNKMFWQHSLB-UHFFFAOYSA-N,126.11099999999998,126.031694052,0.5844,50.440000000000005,1,3,2,1,1,0,1,0.16666666666666666,9,3,48,0,0.18481978253359987,-0.4558356563162004
1395,NOC,323.25,True,GMPKIPWJBDOURN-UHFFFAOYSA-N,47.057,47.03711378,-0.49350000000000005,35.25,1,2,0,0,0,0,0,1.0,3,2,20,0,0.05687697448201443,-0.3079310300103859
1396,OC(C)C,355.55,True,KFZMGEQAYNKOFK-UHFFFAOYSA-N,60.096000000000004,60.057514876,0.3871,20.23,1,1,0,0,0,0,0,1.0,4,1,26,0,0.04834761180869219,-0.3937069016405105
1397,CS(C)(=O)=O,512.25,True,HHVIBTZHLRERCL-UHFFFAOYSA-N,94.13499999999999,94.008850432,-0.33919999999999995,34.14,0,2,0,0,0,0,0,1.0,5,3,32,0,0.14410417744524343,-0.2294144591416005
1398,SCS,391.25,True,INBDPOJZYZJUDA-UHFFFAOYSA-N,80.17699999999999,79.975442128,0.8034999999999999,0.0,2,2,0,0,0,0,0,1.0,3,2,20,0,0.03311408075231837,-0.1686689433198083
1399,COc1ccc(C)cc1C,466.25,True,UJCFZCTTZWHRNL-UHFFFAOYSA-N,136.194,136.088815004,2.3120400000000005,9.23,0,1,1,1,1,0,0,0.3333333333333333,10,1,54,0,0.12128166714835435,-0.49648900498945614
1400,O=C1CC(O1)=C,400.25,True,WASQWSOJHCZDFK-UHFFFAOYSA-N,84.074,84.021129368,0.44699999999999995,26.3,0,2,0,1,0,1,1,0.25,6,2,32,0,0.31803446915538636,-0.4307453532877172
1401,CCCCCCCCCCCc1ccccc1,589.25,True,XBEADGFTLHRJRB-UHFFFAOYSA-N,232.411,232.219100896,5.759900000000005,0.0,0,0,10,1,1,0,0,0.6470588235294118,17,0,96,0,-0.027887227939307323,-0.06538238322279266
1402,Fc1nc(F)nc(F)n1,346.05,True,VMKJWLXVLHBJNK-UHFFFAOYSA-N,135.048,135.00443166,0.2889,38.67,0,3,0,1,1,0,1,0.0,9,6,48,0,0.316038852625429,-0.16131260956693183
1403,CP(Cl)(Cl)=O,435.25,True,SCLFRABIDYGTAZ-UHFFFAOYSA-N,132.91400000000002,131.92985670599998,2.2869,17.07,0,1,0,0,0,0,0,1.0,5,4,32,0,0.24970042684262217,-0.28950377582418485
1404,CCC(S)C(C)=O,438.25,True,SZECUQRKLXRGSJ-UHFFFAOYSA-N,118.20099999999998,118.04523594,1.2838,17.07,1,2,2,0,0,0,0,0.8,7,2,42,0,0.1419748471948651,-0.2987873316168183
1405,COC(OC)C(C)(C)CC=C(C)C,488.25,True,RDHNTAXPFZIMDN-UHFFFAOYSA-N,186.295,186.161979944,2.987800000000002,18.46,0,2,5,0,0,0,0,0.8181818181818182,13,2,78,0,0.16162414405907316,-0.3553367649744482
1406,FC(F)(F)C=C,290.25,True,FDMFUZHCIRHGRG-UHFFFAOYSA-N,96.051,96.018684756,1.7347,0.0,0,0,0,0,0,0,0,0.3333333333333333,6,3,36,0,0.408695900303796,-0.16678618969228537
1407,CC(=O)c(ccn1)nc1C,362.25,True,ZADBZWAGUOHTAB-UHFFFAOYSA-N,136.154,136.063662876,0.9876199999999999,42.85,0,3,1,1,1,0,1,0.2857142857142857,10,3,52,0,0.17773561561209916,-0.2927707080705695
1408,CCC=CCC=O,330.25,True,GXANMBISFKBPEX-UHFFFAOYSA-N,98.145,98.07316494,1.5416,17.07,0,1,3,0,0,0,0,0.5,7,1,40,0,0.1232423979149071,-0.30305267490745036
1409,CCCCCCOC(=O)c1ccccc1,545.25,True,UUGLJVMIFJNVFH-UHFFFAOYSA-N,206.28500000000003,206.130679816,3.423700000000002,26.3,0,2,6,1,1,0,0,0.46153846153846156,15,2,82,0,0.33761722006360384,-0.4620971134782722
1410,CSSC(C)(C)C=O,319.25,True,VLBWEJJOETYCSE-UHFFFAOYSA-N,150.268,150.01730694,1.9750999999999996,17.07,0,3,3,0,0,0,0,0.8,8,3,48,0,0.13584193610626374,-0.30181977730257936
1411,SCC(O)=O,393.25,True,CWERGRDVMFNCDR-UHFFFAOYSA-N,92.11899999999999,91.993200368,0.0007999999999999674,37.3,2,2,1,0,0,0,0,0.5,5,3,30,0,0.31268427164151474,-0.4806297566356498
1412,FC(F)(F)C(C(F)(F)F)=O,300.25,True,VBZWSGALLODQNC-UHFFFAOYSA-N,166.01999999999998,165.98533394,1.6801,17.07,0,1,0,0,0,0,0,0.6666666666666666,10,7,60,0,0.4591491192905328,-0.2791961547919219
1413,CC(C)C(C(C)(C)COC(C(C)C)=O)OC(C(C)C)=O,653.25,True,OMVSWZDEEGIJJI-UHFFFAOYSA-N,286.41200000000003,286.21440944,3.4356000000000027,52.6,0,4,7,0,0,0,0,0.875,20,4,118,0,0.308169753946224,-0.4647654991463151
1414,CCCCOB(OCCCC)OCCCC,507.25,True,LGQXXHMEBUOXRP-UHFFFAOYSA-N,230.15699999999993,230.205325124,3.421400000000002,27.69,0,3,12,0,0,0,0,1.0,16,4,96,0,0.6389139857624743,-0.38588929049882614
1415,C#CC=C,278.35,True,WFYPICNXBKQZGB-UHFFFAOYSA-N,52.076,52.031300128,0.8056,0.0,0,0,0,0,0,0,0,0.0,4,0,20,0,-0.019366042147325038,-0.115316465228295
1416,OC(=O)c1ccccc1O,484.25,True,YGSDEFSMJLZEOE-UHFFFAOYSA-N,138.12199999999999,138.031694052,1.0903999999999998,57.53,2,2,1,1,1,0,0,0.0,10,3,52,0,0.33896908736073095,-0.507052890945198
1417,FC(F)(F)CC(F)(F)F,274.35,True,NSGXIBWMJZWTPY-UHFFFAOYSA-N,152.037,152.006069384,2.5011,0.0,0,0,0,0,0,0,0,1.0,9,6,56,0,0.39725642255547566,-0.17076985389678118
1418,CCSCCCl,429.25,True,GBNVXYXIRHSYEG-UHFFFAOYSA-N,124.63600000000001,124.011348968,1.9783,0.0,0,1,3,0,0,0,0,1.0,6,2,38,0,0.03137782803656374,-0.16105581462167687
1419,CCCCCCCCC(C)=O,483.25,True,ZAJNGDIORYACQU-UHFFFAOYSA-N,156.269,156.15141526,3.3260000000000023,17.07,0,1,7,0,0,0,0,0.9,11,1,66,0,0.1293399502822748,-0.30003102349469607
1420,Cc1cscn1,405.25,True,QMHIMXFNBOYPND-UHFFFAOYSA-N,99.158,99.01427016,1.45152,12.89,0,2,0,1,1,0,1,0.25,6,2,32,0,0.0794068550356591,-0.2500517536856064
1421,Cc1[nH]ccn1,540.25,True,LXBGSDVWAMZHDD-UHFFFAOYSA-N,82.10600000000001,82.053098192,0.7181199999999999,28.68,1,1,0,1,1,0,1,0.25,6,2,32,0,0.1023551139871403,-0.34882579171327555
1422,CCC1OC(CC1)=O,375.25,True,JBFHTYHTHYHCDJ-UHFFFAOYSA-N,114.14399999999999,114.06807956,1.1019999999999999,26.3,0,2,1,1,0,1,1,0.8333333333333334,8,2,46,0,0.30569781259853185,-0.4623562272490342
1423,CC(C)C1CCCCC1,428.25,True,GWESVXSMPKAFAS-UHFFFAOYSA-N,126.24300000000001,126.14085057599999,3.2227000000000023,0.0,0,0,1,1,0,1,0,1.0,9,0,54,0,-0.03911054133496766,-0.06250882573984114
1424,CC(=O)Cc1occc1,453.25,True,IQOJTGSBENZIOL-UHFFFAOYSA-N,124.13899999999997,124.052429496,1.4111,30.21,0,2,2,1,1,0,1,0.2857142857142857,9,2,48,0,0.13685711824887326,-0.46889785765980435
1425,CCCCCCCCC(C)C,462.55,True,CNPVJWYWYZMPDS-UHFFFAOYSA-N,156.313,156.187800768,4.393000000000004,0.0,0,0,7,0,0,0,0,1.0,11,0,68,0,-0.04713257615118825,-0.06538238322279266
1426,Cc(ccc1C=O)cc1O,496.25,True,JODRRPJMQDFCBJ-UHFFFAOYSA-N,136.15,136.052429496,1.5131199999999998,37.3,1,2,1,1,1,0,0,0.125,10,2,52,0,0.15326848005990468,-0.5071995767354418
1427,O=Cc1oc(cc1)N(=O)=O,405.25,True,SXINBFXPADXIEY-UHFFFAOYSA-N,141.082,141.006207576,1.0003,73.35,0,4,2,1,1,0,1,0.0,10,5,52,0,0.433120802962592,-0.39780990931260407
1428,CSSCc1ccccc1,470.25,True,NWYGPVZOBBHKLI-UHFFFAOYSA-N,170.30200000000002,170.02239232,3.197800000000001,0.0,0,2,3,1,1,0,0,0.25,10,2,54,0,0.028816852451305136,-0.0972608900745205
1429,CN(N=O)C(=N)NN(=O)=O,370.25,True,VZUNGTLZRAYYDE-UHFFFAOYSA-N,147.094,147.03923902,-0.6843299999999999,111.69,2,5,2,0,0,0,0,0.5,10,8,56,0,0.27633323542648136,-0.26296452212894006
1430,Clc1cc(Cl)c(Cl)c(Cc(c2O)c(Cl)c(Cl)cc2Cl)c1O,439.75,True,ACGUYXCXAPNIKK-UHFFFAOYSA-N,406.90700000000015,403.849895512,6.609000000000002,40.46,2,2,2,2,2,0,0,0.07692307692307693,21,8,112,0,0.13879471824822281,-0.5060328164669213
1431,Cc1ccc(cc1)S(=O)(=O)N,487.25,True,LMYRWZFENFIFIT-UHFFFAOYSA-N,171.22099999999998,171.035399528,0.6424200000000001,60.16,1,2,1,1,1,0,0,0.14285714285714285,11,4,60,0,0.23754543544323162,-0.22462840720211685
1432,CCCCCCC1(C)OC(CC1)=O,408.25,True,ALWUKGXLBSQSMA-UHFFFAOYSA-N,184.27899999999997,184.14632988,3.052500000000002,26.3,0,2,5,1,0,1,1,0.9090909090909091,13,2,76,0,0.30597659629703944,-0.4593388049104724
1433,CCCC(O)Cc1ccccc1,520.25,True,FCURFTSXOIATDW-UHFFFAOYSA-N,164.248,164.120115132,2.3901000000000003,20.23,1,1,4,1,1,0,0,0.45454545454545453,12,1,66,0,0.05800126024209849,-0.3927853384839878
1434,CCCCCC1OC(CCC1)=O,393.25,True,GHBSPIPJMLAMEP-UHFFFAOYSA-N,170.25199999999995,170.130679816,2.6624000000000008,26.3,0,2,4,1,0,1,1,0.9,12,2,70,0,0.30555643471556115,-0.46236353457298796
1435,CCCCCCC1OC(CC1)=O,389.25,True,IFYYFLINQYPWGJ-UHFFFAOYSA-N,170.25199999999995,170.130679816,2.6624000000000008,26.3,0,2,5,1,0,1,1,0.9,12,2,70,0,0.3056979856420554,-0.46234512592246474
1436,C1C=CCCC=CCCC=CC1,513.25,True,ZOLLIQAKMYWTBR-UHFFFAOYSA-N,162.27599999999998,162.140850576,4.009200000000003,0.0,0,0,0,1,0,1,0,0.5,12,0,66,0,-0.031598860879652496,-0.08822056369585064
1437,CCC(=O)Nc(ccc1Cl)cc1Cl,624.25,True,LFULEKSKNZEWOE-UHFFFAOYSA-N,218.08299999999997,217.006119268,3.3419000000000016,29.1,1,1,2,1,1,0,0,0.2222222222222222,13,4,70,0,0.22359100280395178,-0.32605194714539865
1438,OCCC,370.45,True,BDERNNFJNOPAEC-UHFFFAOYSA-N,60.096000000000004,60.057514876,0.3887,20.23,1,1,1,0,0,0,0,1.0,4,1,26,0,0.04278927992053378,-0.39638735063233616
1439,OCCCC,390.85,True,LRHPLDYGYMQRHN-UHFFFAOYSA-N,74.123,74.07316494,0.7787999999999999,20.23,1,1,2,0,0,0,0,1.0,5,1,32,0,0.043042283485206966,-0.39637675206921097
1440,OCCCCC,410.75,True,AMQJEAYHLZJPGS-UHFFFAOYSA-N,88.15,88.088815004,1.1689,20.23,1,1,3,0,0,0,0,1.0,6,1,38,0,0.04305223345357219,-0.3963765707960063
1441,Cc1nc(C)oc1,381.25,True,PSOZJOZKEVZLKZ-UHFFFAOYSA-N,97.11699999999998,97.052763844,1.29144,26.03,0,2,0,1,1,0,1,0.4,7,2,38,0,0.19055343379474465,-0.4490413025577539
1442,OC(C)(CCC=C(C)CCC=C(C)C)C=C,387.25,True,FQTLCLSUCSAZDY-UHFFFAOYSA-N,222.37199999999996,222.198365452,4.396300000000004,20.23,1,1,7,0,0,0,0,0.6,16,1,92,0,0.07995432892911318,-0.38609150255511393
1443,COc1ccccc1S,372.25,True,DSCJETUEDFKYGN-UHFFFAOYSA-N,140.207,140.029585876,1.9839000000000007,9.23,1,2,1,1,1,0,0,0.14285714285714285,9,2,48,0,0.13165188655981222,-0.4955983514560427
1444,CC(C)(C)c(cc1C(C)(C)C)cc(C(C)(C)C)c1O,551.25,True,PFEFOYRSMXVNEL-UHFFFAOYSA-N,262.43699999999995,262.22966558,5.284700000000006,20.23,1,1,0,1,1,0,0,0.6666666666666666,19,1,108,0,0.12254155582672982,-0.5073406860581401
1445,CCCCC(CC)CS,455.25,True,UCJMHYXRQZYNNL-UHFFFAOYSA-N,146.299,146.112921576,3.1326000000000023,0.0,1,1,5,0,0,0,0,1.0,9,1,56,0,-0.006960048202181129,-0.1790745130093757
1446,N(c1ccccc1)c1ccc(Nc2ccccc2)cc1,498.25,True,UTGQNNCQYDRXCH-UHFFFAOYSA-N,260.34000000000003,260.131348512,5.1738000000000035,24.06,2,2,4,3,3,0,0,0.0,20,2,98,0,0.03852260460079151,-0.35552513760829485
1447,CBr,276.65,True,GZUXJHMPEANEGY-UHFFFAOYSA-N,94.939,93.941812196,1.0110999999999999,0.0,0,0,0,0,0,0,0,1.0,2,1,14,0,-0.0084787831631398,-0.09655150767721922
1448,ClC,296.95,True,NEHMKBQYUWJMIP-UHFFFAOYSA-N,50.488,49.992327775999996,0.855,0.0,0,0,0,0,0,0,0,1.0,2,1,14,0,0.010839185573870135,-0.13043063419853143
1449,SC,279.2,True,LSDPWZHWYPCBBB-UHFFFAOYSA-N,48.11,48.003371128,0.546,0.0,1,1,0,0,0,0,0,1.0,2,1,14,0,-0.02145082507296465,-0.18280375938994023
1450,CCCC(C(CC)Cc1ccccc1)=O,433.25,True,CGTCWTIGDNJZOX-UHFFFAOYSA-N,204.31300000000002,204.15141526,3.624500000000003,17.07,0,1,6,1,1,0,0,0.5,15,1,82,0,0.1357864534151809,-0.2993909936782826
1451,CC(CCOCC=O)CCC=C(C)C,403.25,True,LMETVDMCIJNNKH-UHFFFAOYSA-N,198.30599999999995,198.161979944,2.9745000000000017,26.3,0,2,8,0,0,0,0,0.75,14,2,82,0,0.14515554272291087,-0.37398643296748696
1452,CC(C)C(=O)C(C)=O,391.25,True,JENYBWHRLYZSSZ-UHFFFAOYSA-N,114.14399999999998,114.06807956,0.8005,34.14,0,2,2,0,0,0,0,0.6666666666666666,8,2,46,0,0.2000899817746834,-0.29120986998632764
1453,CCCCCCCCC(OCC=C)=O,424.25,True,MFLWLDDOGSNSKO-UHFFFAOYSA-N,198.30599999999998,198.161979944,3.4662000000000024,26.3,0,2,9,0,0,0,0,0.75,14,2,82,0,0.3055941666842213,-0.46145364141473044
1454,FC=C,345.25,True,XUCNUKMRBVNAPB-UHFFFAOYSA-N,46.044000000000004,46.021878316,1.0994000000000002,0.0,0,0,0,0,0,0,0,0.0,3,1,18,0,0.07946646029724827,-0.21619321450998513
1455,NCC,289.85,True,QUSNBJAOOMFDIB-UHFFFAOYSA-N,45.084999999999994,45.057849223999995,-0.03499999999999992,26.02,1,1,0,0,0,0,0,1.0,3,1,20,0,-0.010576265829206462,-0.3307484184390755
1456,FCF,324.9,True,RWRIWBAIICGTTQ-UHFFFAOYSA-N,52.022999999999996,52.012456504,0.8829,0.0,0,0,0,0,0,0,0,1.0,3,2,20,0,0.22851975934321334,-0.21418589178897088
1457,O=CN,483.75,True,ZHNUHDYFZUAESO-UHFFFAOYSA-N,45.041,45.021463716,-0.8985000000000001,43.09,1,1,0,0,0,0,0,0.0,3,2,18,0,0.20403079255745618,-0.37226356988470927
1458,C1OC1,283.85,True,IAYPIBMASNFSPL-UHFFFAOYSA-N,44.053,44.026214748,0.01660000000000006,12.53,0,1,0,1,0,1,1,1.0,3,1,18,0,0.07011439546557022,-0.37666763607345255
1459,ClC(Cl)Br,363.25,True,FMWLUWPQPKEARP-UHFFFAOYSA-N,163.829,161.863867492,2.1425,0.0,0,0,0,0,0,0,0,1.0,4,3,26,0,0.16154825062268038,-0.09258579156360645
1460,NC(C)C,305.05,True,JJWLVOIRVHMVIS-UHFFFAOYSA-N,59.111999999999995,59.073499287999994,0.3534999999999999,26.02,1,1,0,0,0,0,0,1.0,4,1,26,0,-0.0017924242320082565,-0.328262980899961
1461,CC(C)S,325.75,True,KJRCEJOSASVSRA-UHFFFAOYSA-N,76.164,76.034671256,1.3246,0.0,1,1,0,0,0,0,0,1.0,4,1,26,0,-0.003994821099762641,-0.17650816873412079
1462,ClC(Cl)=C,304.85,True,LGXVIGDEPROXKC-UHFFFAOYSA-N,96.944,95.953355424,1.9352,0.0,0,0,0,0,0,0,0,0.0,4,2,24,0,0.09918403887268369,-0.07155530834151903
1463,CC(Cl)=O,324.25,True,WETWJCDKMRHUPV-UHFFFAOYSA-N,78.498,77.987242396,0.7717,17.07,0,1,0,0,0,0,0,0.5,4,2,24,0,0.2180372606558566,-0.281669370391811
1464,FC(F)C,297.3,True,NPNPZTNLOVBDOC-UHFFFAOYSA-N,66.05,66.028106568,1.2713999999999999,0.0,0,0,0,0,0,0,0,1.0,4,2,26,0,0.23542699288137842,-0.2108598585109328
1465,FC(F)=C,358.95,True,BQCIDUSAKPWEOX-UHFFFAOYSA-N,64.034,64.012456504,1.3966,0.0,0,0,0,0,0,0,0,0.0,4,2,24,0,0.26268886702657623,-0.1741045340758478
1466,FC(Cl)Cl,282.15,True,UMNKXPULIDJLSU-UHFFFAOYSA-N,102.923,101.943933612,1.7171,0.0,0,0,0,0,0,0,0,1.0,4,3,26,0,0.24671722714495567,-0.21187755147036705
1467,ClC(Cl)=O,281.45,True,YGYAWVDWMABLBF-UHFFFAOYSA-N,98.916,97.93261998,1.584,17.07,0,1,0,0,0,0,0,0.0,4,3,24,0,0.3130438328830007,-0.26221518073891376
1468,FC(F)Cl,314.05,True,VOPWNXZWBYDODV-UHFFFAOYSA-N,86.468,85.973484152,1.4478,0.0,0,0,0,0,0,0,0,1.0,4,3,26,0,0.311892976545013,-0.1919545254547639
1469,FC(F)F,355.25,True,XPDWGBQVDMORPB-UHFFFAOYSA-N,70.013,70.003034692,1.1784999999999999,0.0,0,0,0,0,0,0,0,1.0,4,3,26,0,0.3786251578100233,-0.1742238461437192
1470,IC(I)I,491.25,True,OKJPEAGHQZHRQV-UHFFFAOYSA-N,393.731,393.721244032,2.575,0.0,0,0,0,0,0,0,0,1.0,4,3,26,0,0.11356320845619725,-0.059195553240704135
1471,CN(=O)=O,374.35,True,LYGJENNIWJXYER-UHFFFAOYSA-N,61.040000000000006,61.016378336,-0.10710000000000008,43.14,0,2,0,0,0,0,0,1.0,4,3,24,0,0.19399732388258517,-0.26483732574805025
1472,CC1NC1,340.25,True,OZDGMOYKSFPLSE-UHFFFAOYSA-N,57.096,57.057849223999995,-0.021899999999999975,21.94,1,1,0,1,0,1,1,1.0,4,1,24,0,0.016445415070803486,-0.3114545626610015
1473,CC1OC1,307.48,True,GOOHAUXETOMSMM-UHFFFAOYSA-N,58.07999999999999,58.041864812,0.4051,12.53,0,1,0,1,0,1,1,1.0,4,1,24,0,0.07814240064803764,-0.3734316083657115
1474,FC(F)(Br)Br,298.25,True,AZSZCFSOHXEJQE-UHFFFAOYSA-N,209.815,207.83348064,2.3265000000000002,0.0,0,0,0,0,0,0,0,1.0,5,4,32,0,0.3555461618251017,-0.18149493573976552
1475,FC(F)(F)Br,331.05,True,RJCQBQGAPKAMLL-UHFFFAOYSA-N,148.909,147.91354676,1.9011,0.0,0,0,0,0,0,0,0,1.0,5,4,32,0,0.4478758800602103,-0.16004778882170304
1476,NC(C)(C)C,319.25,True,YBRBMKDOPFTVDT-UHFFFAOYSA-N,73.139,73.08914935199999,0.7435999999999998,26.02,1,1,0,0,0,0,0,1.0,5,1,32,0,0.006857356991357578,-0.3258160878010253
1477,OC(C)(C)C,355.55,True,DKGAVHZHDRPRBM-UHFFFAOYSA-N,74.12299999999999,74.07316494,0.7772,20.23,1,1,0,0,0,0,0,1.0,5,1,32,0,0.05632585341065862,-0.3907600879079809
1478,FC(F)(C)Cl,282.35,True,BHNZEZWIUMJCGF-UHFFFAOYSA-N,100.495,99.989134216,1.8379,0.0,0,0,0,0,0,0,0,1.0,5,3,32,0,0.3184320295444563,-0.18859860391513794
1479,FC(F)(Cl)Cl,303.05,True,PXBRQCKWGAHEHS-UHFFFAOYSA-N,120.91300000000001,119.9345118,2.0143,0.0,0,0,0,0,0,0,0,1.0,5,4,32,0,0.40081272228189074,-0.171534140181979
1480,FC(F)(F)Cl,354.65,True,AFYPFACVUDMOHA-UHFFFAOYSA-N,104.45800000000001,103.96406234,1.7449999999999999,0.0,0,0,0,0,0,0,0,1.0,5,4,32,0,0.4753250269132529,-0.15568093590946064
1481,OS(C)(=O)=O,440.25,True,AFVFQIVMOAPDHO-UHFFFAOYSA-N,96.10699999999999,95.988114988,-0.4959999999999998,54.37,1,2,0,0,0,0,0,1.0,5,4,32,0,0.26142732314937295,-0.2857532468052594
1482,OCC(C)(C)C,387.25,True,KPSSIOMAKSHJJG-UHFFFAOYSA-N,88.14999999999999,88.088815004,1.0248,20.23,1,1,0,0,0,0,0,1.0,6,1,38,0,0.04789883650898876,-0.3958312170553949
1483,CCC(O)(C)C,375.65,True,MSXVEPNJUHWQHW-UHFFFAOYSA-N,88.14999999999999,88.088815004,1.1673,20.23,1,1,1,0,0,0,0,1.0,6,1,38,0,0.05886986149053354,-0.3904828518322725
1484,OC(C)(C)C#N,368.25,True,MWFMGBPGAXYFAR-UHFFFAOYSA-N,85.106,85.052763844,0.28088,44.019999999999996,1,2,0,0,0,0,0,0.75,6,2,34,0,0.14504213501790678,-0.3759818278025841
1485,ClCC(F)(F)F,279.35,True,CYXIKYKBLDZZNW-UHFFFAOYSA-N,118.48500000000001,117.979712404,1.7875,0.0,0,0,0,0,0,0,0,1.0,6,4,38,0,0.4017239426310728,-0.1697334921102328
1486,OOC(C)(C)C,362.25,True,CIHOLLKRGTVIJN-UHFFFAOYSA-N,90.12199999999999,90.06807956,1.2745,29.46,1,2,0,0,0,0,0,1.0,6,2,38,0,0.09490981168034845,-0.25128452377062555
1487,CC(C)(C)C(C)=O,379.35,True,PJGSXYOJTGTZAV-UHFFFAOYSA-N,100.16099999999999,100.088815004,1.6215,17.07,0,1,0,0,0,0,0,0.8333333333333334,7,1,42,0,0.13463290995980942,-0.29943568716997876
1488,CC(Cl)(Cl)C(O)=O,463.25,True,NDUPDOJHUQKPAG-UHFFFAOYSA-N,142.969,141.958834728,1.2648000000000001,37.3,1,1,1,0,0,0,0,0.6666666666666666,7,4,42,0,0.3393832182981125,-0.4790319504889892
1489,OC1(C)CCCC(C)(C)C1=O,506.25,True,FWCGLHYHGUHPRY-UHFFFAOYSA-N,156.22499999999997,156.115029752,1.5166,37.3,1,2,0,1,0,1,0,0.8888888888888888,11,2,64,0,0.16910163368806044,-0.38235459651515336
1490,II,457.65,True,PNDPGZBMCMUPRI-UHFFFAOYSA-N,253.808,253.808946,1.7714,0.0,0,0,0,0,0,0,0,0.0,2,2,14,0,0.0,0.0
1491,ClC#CCl,306.25,True,ZMJOVJSTYLQINE-UHFFFAOYSA-N,94.928,93.93770536,1.3824,0.0,0,0,0,0,0,0,0,0.0,4,2,22,0,0.021607812755382864,-0.021607812755382864
1492,CCCN(CCC)C(SCC)=O,400.25,True,GUVLYNGULCJVDO-UHFFFAOYSA-N,189.32399999999996,189.118735228,2.9815000000000014,20.310000000000002,0,2,5,0,0,0,0,0.8888888888888888,12,3,72,0,0.2811170352754808,-0.3336321480002295
1493,ClC(Cl)(Cl)C(Cl)=O,391.15,True,PVFOMCVHYWHZJE-UHFFFAOYSA-N,181.833,179.87032534,2.122,17.07,0,1,0,0,0,0,0,0.5,7,5,42,0,0.2728063525544285,-0.2763519247620942
1494,ClC(Cl)(Cl)C(O)=O,468.75,True,YNJBWRMUSHSURL-UHFFFAOYSA-N,163.387,161.904212312,1.4411999999999998,37.3,1,1,0,0,0,0,0,0.5,7,5,42,0,0.35561076068249464,-0.4780803156766705
1495,FC(F)(F)C(O)=O,345.65,True,DTQVDTLACAAQTR-UHFFFAOYSA-N,114.02199999999999,113.992863932,0.6332999999999999,37.3,1,1,0,0,0,0,0,0.5,7,5,42,0,0.49024031830700293,-0.4745811720256028
1496,ClC(Cl)(Cl)N(=O)=O,385.25,True,LFHISGNCFUNFFM-UHFFFAOYSA-N,164.375,162.89946128,1.5908000000000002,43.14,0,2,0,0,0,0,0,1.0,7,6,42,0,0.4487069857899306,-0.26044934082533305
1497,FC(F)(Cl)C(Cl)(Cl)Cl,366.05,True,SLGOCMATMKJJCE-UHFFFAOYSA-N,203.83,201.87221716,3.1882,0.0,0,0,0,0,0,0,0,1.0,8,6,50,0,0.36751437460735925,-0.18316506171239244
1498,FC(F)(Cl)C(F)(F)Cl,276.75,True,DDMOUSALMHHKOS-UHFFFAOYSA-N,170.92000000000002,169.93131824,2.6495999999999995,0.0,0,0,1,0,0,0,0,1.0,8,6,50,0,0.3983173063681832,-0.17946189757442443
1499,FC(F)(F)C(F)(F)Cl,312.35,True,RFCAUADVODFSLZ-UHFFFAOYSA-N,154.46500000000003,153.96086878,2.3803,0.0,0,0,0,0,0,0,0,1.0,8,6,50,0,0.4688490319432292,-0.17746371261313834
1500,FC(F)(F)C(F)(F)F,351.35,True,WMIYKQLTONQJES-UHFFFAOYSA-N,138.01000000000002,137.99041932,2.1109999999999998,0.0,0,0,0,0,0,0,0,1.0,8,6,50,0,0.48741673507817035,-0.16247224502605678
1501,FC(F)(F)C(F)(F)C(F)(F)F,309.95,True,QYSGYZVSCZSLHT-UHFFFAOYSA-N,188.017,187.98722576,2.7462999999999997,0.0,0,0,0,0,0,0,0,1.0,11,8,68,0,0.4627456645168106,-0.18606141550217656
1502,CC1(C)C(CCC21C)CC2=O,482.25,True,DSSYKIVIOFKYAU-UHFFFAOYSA-N,152.237,152.120115132,2.401700000000001,17.07,0,1,0,2,0,2,0,0.9,11,1,62,0,0.13909874627049695,-0.2990642887496957
1503,ClCC(Cl)C=C,391.85,True,XVEASTGLHPVZNA-UHFFFAOYSA-N,124.99799999999999,123.98465555199999,2.0186,0.0,0,0,2,0,0,0,0,0.5,6,2,36,0,0.06483726080114198,-0.12476354932956453
1504,CC(=C)C(OC(=O)C(C)=C)=O,362.25,True,DCUFMVPCXCSVNP-UHFFFAOYSA-N,154.16499999999996,154.06299418,1.2084,43.370000000000005,0,3,2,0,0,0,0,0.25,11,3,60,0,0.34049370452667455,-0.38622025090286344
1505,OCl(=O)(=O)=O,292.25,True,VLTRZXGMWDSKGL-UHFFFAOYSA-N,100.457,99.95633619200001,-4.124,89.41,1,4,0,0,0,0,0,0.0,5,5,32,0,0.0776511663103122,-0.18333254133345472
1506,CCO[PH](OCC)=O,411.25,True,MJUJXFBTEFXVKU-UHFFFAOYSA-N,138.10299999999998,138.04458084200002,1.4490999999999998,35.53,0,3,4,0,0,0,0,1.0,8,4,50,0,0.3186194459840883,-0.31093277026511107
1507,FCCBr,345.25,True,JTLAIKFGRHDNQM-UHFFFAOYSA-N,126.95599999999999,125.948040448,1.3508,0.0,0,0,1,0,0,0,0,1.0,4,2,26,0,0.09906851670595161,-0.25019038021344225
1508,FCCCl,332.25,True,VEZJSKSPVQQGIS-UHFFFAOYSA-N,82.505,81.998556028,1.1947,0.0,0,0,1,0,0,0,0,1.0,4,2,26,0,0.10292013847528161,-0.24979878890772927
1509,OCCC(C)=C,403.25,True,CPJRRXSHAYUTGL-UHFFFAOYSA-N,86.134,86.07316494,0.9449,20.23,1,1,2,0,0,0,0,0.6,6,1,36,0,0.04674888776313696,-0.3960441198105506
1510,CCOCCC(OCC)=O,445.25,True,BHXIWUJLHYHGSJ-UHFFFAOYSA-N,146.18599999999998,146.094294308,0.9761,35.53,0,3,5,0,0,0,0,0.8571428571428571,10,3,60,0,0.30761285927238186,-0.46590623794008446
1511,FB(F)F,373.15,True,WTEOIRVLGSZEPR-UHFFFAOYSA-N,67.80600000000001,68.00451506,0.8798,0.0,0,0,0,0,0,0,0,0.0,4,4,24,0,0.7620277074610924,-0.25400923582036405
1512,OCCOC=C,414.85,True,VUIWJRYTWUGOOF-UHFFFAOYSA-N,88.106,88.052429496,0.13880000000000003,29.46,1,2,3,0,0,0,0,0.5,6,2,36,0,0.11031877320519247,-0.4994234193099321
1513,O=CC1OC1,385.75,True,IWYRWIUNAVNFPE-UHFFFAOYSA-N,72.063,72.021129368,-0.41590000000000005,29.6,0,2,1,1,0,1,1,0.6666666666666666,5,2,28,0,0.15064562497337616,-0.3651481913851975
1514,O=C1CCCCC1=O,468.25,True,OILAIQUEIWYQPH-UHFFFAOYSA-N,112.128,112.052429496,0.6986,34.14,0,2,0,1,0,1,0,0.6666666666666666,8,2,44,0,0.19787994309371812,-0.2909035027759707
1515,CC1=C(C)C(OC1=O)=O,496.25,True,MFGALGYVFGDXIX-UHFFFAOYSA-N,126.11099999999998,126.031694052,0.4062,43.370000000000005,0,3,0,1,0,1,1,0.3333333333333333,9,3,48,0,0.3416353692631307,-0.3861684457752763
1516,CC=Cc1ccccc1,448.75,True,QROGIFZRVHSFLM-UHFFFAOYSA-N,118.17899999999996,118.07825032,2.7197000000000005,0.0,0,0,1,1,1,0,0,0.1111111111111111,9,0,46,0,-0.025994603660731676,-0.08706595221034719
1517,CSCc1ccccc1,471.25,True,OFQPKKGMNWASPN-UHFFFAOYSA-N,138.23499999999999,138.05032132,2.5496000000000008,0.0,0,1,2,1,1,0,0,0.25,9,1,48,0,0.018129035307372254,-0.1606380891342799
1518,OP(O)(O)=O,680.25,True,NBIIXXVUZAFLBC-UHFFFAOYSA-N,97.99399999999999,97.97689520600001,-0.9286000000000001,77.75999999999999,3,1,0,0,0,0,0,0.0,5,5,32,0,0.46647404666265296,-0.30276308220727643
1519,OS(O)(=O)=O,610.25,True,QAOWNCQODCNURD-UHFFFAOYSA-N,98.07899999999998,97.96737954400001,-0.6527999999999998,74.6,2,2,0,0,0,0,0,0.0,5,5,32,0,0.3943465294963554,-0.26367572710715836
1520,OC(CC(C)CC1(C)C)C1,471.25,True,BRRVXFOKWJKTGG-UHFFFAOYSA-N,142.24199999999996,142.135765196,2.1935000000000002,20.23,1,1,0,1,0,1,0,1.0,10,1,60,0,0.05474737013537302,-0.393099135702791
1521,CC(C)Nc1ccccc1,476.25,True,FRCFWPVMFJMNDP-UHFFFAOYSA-N,135.20999999999998,135.104799416,2.506900000000001,12.03,1,1,2,1,1,0,0,0.3333333333333333,10,1,54,0,0.03415967417317744,-0.3828711982910783
1522,ON(=O)=O,356.25,True,GRYLNZFGIOXLOG-UHFFFAOYSA-N,63.01200000000001,62.995642892000006,-0.34770000000000006,63.37,1,2,0,0,0,0,0,0.0,4,4,24,0,0.29129547909447084,-0.32775202492854333
1523,ClC1(Cl)C(Cl)=C(Cl)C(Cl)=C1Cl,512.25,True,VUNCWTMEJYMOOR-UHFFFAOYSA-N,272.773,269.81311608,4.5523,0.0,0,0,0,1,0,1,0,0.2,11,6,62,0,0.19136213819649292,-0.08880088198586139
1524,CC1CCC(C2(C)C)C1(CC1)CC2C1(O)C,559.25,True,SVURIXNDRWRAFU-UHFFFAOYSA-N,222.37199999999996,222.198365452,3.6098000000000026,20.23,1,1,0,3,0,3,0,1.0,16,1,92,0,0.06529689224041764,-0.3898713986456095
1525,C=CS(=O)(=O)C=C,507.75,True,AFOSIXZFDONLBT-UHFFFAOYSA-N,118.15699999999998,118.008850432,0.6881999999999999,34.14,0,2,2,0,0,0,0,0.0,7,3,40,0,0.19137741647697992,-0.21979434360173017
1526,COS(OC)(=O)=O,461.25,True,VAYGXNSJCAHWJZ-UHFFFAOYSA-N,126.13299999999998,125.99867967200001,-0.476,52.6,0,4,2,0,0,0,0,1.0,7,5,44,0,0.3988164840267319,-0.25155018911828
1527,CCOP(=O)(N(C)C)C#N,513.25,True,PJVJTCIRVMBVIA-UHFFFAOYSA-N,162.129,162.05581422199998,1.25868,53.33,0,3,3,0,0,0,0,0.8,10,5,58,0,0.37014636795379113,-0.3073282259284869
1528,OCC(C)(CO)CO,556.25,True,QXJQHYBHAIHNGG-UHFFFAOYSA-N,120.14799999999998,120.078644244,-1.0304,60.69,3,3,3,0,0,0,0,1.0,8,3,50,0,0.05283719633773948,-0.39562660662971727
1529,OCC(N)(CO)CO,493.25,True,LENZDBCJOHFCAS-UHFFFAOYSA-N,121.13599999999998,121.073893212,-2.3391999999999995,86.71000000000001,4,4,3,0,0,0,0,1.0,8,4,50,0,0.08562978010591885,-0.3942766406592915
1530,CCOC(CC(O)(CC(OCC)=O)C(OCC)=O)=O,567.25,True,DOOTYTYQINUNNV-UHFFFAOYSA-N,276.28499999999997,276.12090298000004,0.18700000000000006,99.13,1,7,8,0,0,0,0,0.75,19,7,110,0,0.33884392141170666,-0.46587764397742953
1531,OCC(CO)(CO)CC,433.25,True,ZJCCRDAZUWHFQH-UHFFFAOYSA-N,134.17499999999998,134.094294308,-0.6403000000000005,60.69,3,3,4,0,0,0,0,1.0,9,3,56,0,0.05309541952469496,-0.3956157045870803
1532,OC(C)COc1ccccc1,514.45,True,IBLKWZIFZMJLFL-UHFFFAOYSA-N,152.19299999999998,152.083729624,1.4462,29.46,1,2,3,1,1,0,0,0.3333333333333333,11,2,60,0,0.11893454079558832,-0.49091520979271164
1533,ClS(Cl)=O,349.25,True,FYSNRJHAOHDILO-UHFFFAOYSA-N,118.97200000000001,117.90469098,1.0427,17.07,0,1,0,0,0,0,0,0.0,4,4,26,0,0.2109420650586972,-0.22512004081525586
1534,OO,423.45,True,MHAJPDPJQMAIIY-UHFFFAOYSA-N,34.014,34.005479304,0.01739999999999997,40.46,2,2,0,0,0,0,0,0.0,2,2,14,0,-0.254557430614467,-0.254557430614467
1535,BrBr,332.05,True,GDTBXPJZTBHREO-UHFFFAOYSA-N,159.808,157.8366742,1.6912,0.0,0,0,0,0,0,0,0,0.0,2,2,14,0,0.0,0.0
1536,CC1N=C(C)CO1,414.25,True,XHHACWPFKDHDGD-UHFFFAOYSA-N,99.133,99.068413908,0.8235,21.59,0,2,0,1,0,1,1,0.8,7,2,40,0,0.1455342074699518,-0.3509878920515502
1537,CCCCC1(CCCC)OC(CC1)=O,553.25,True,KZEKELDMLDBVFV-UHFFFAOYSA-N,198.30599999999995,198.161979944,3.4426000000000023,26.3,0,2,6,1,0,1,1,0.9166666666666666,14,2,82,0,0.30598696090227717,-0.4590432505315932
1538,Sc1sccc1,439.25,True,SWEDAZLCYJDAGW-UHFFFAOYSA-N,116.20999999999997,115.975442128,2.0367999999999995,0.0,1,2,0,1,1,0,1,0.0,6,2,32,0,0.056747091919411956,-0.1377213715173671
1539,CC(CCc(cc1)ccc1C)=O,517.25,True,BUIRDOGDCJQFDA-UHFFFAOYSA-N,162.23199999999997,162.104465068,2.5166200000000005,17.07,0,1,3,1,1,0,0,0.36363636363636365,12,1,64,0,0.12967082332012597,-0.3000182657060591
1540,CCC(C)CCCC(C)C=O,470.25,True,CBOBADCVMLMQRW-UHFFFAOYSA-N,156.269,156.15141526,3.0378000000000016,17.07,0,1,6,0,0,0,0,0.9,11,1,66,0,0.12229184607932145,-0.3031005887456772
1541,CCCCCCCCC(OCCC(C)C)=O,534.25,True,SHGMLOSSRPFLKG-UHFFFAOYSA-N,228.37599999999998,228.208930136,4.326300000000003,26.3,0,2,10,0,0,0,0,0.9285714285714286,16,2,96,0,0.3052776847852512,-0.4656642491471405
1542,FF,461.38,True,PXGOKWXKJXAPGV-UHFFFAOYSA-N,37.996,37.99680644,0.8404,0.0,0,0,0,0,0,0,0,0.0,2,2,14,0,0.0,0.0
1543,ClCl,307.29,True,KZBUYRJDOAKODT-UHFFFAOYSA-N,70.906,69.93770536,1.379,0.0,0,0,0,0,0,0,0,0.0,2,2,14,0,0.0,0.0
1544,FOF,418.0,True,UJMWVICAENGCRF-UHFFFAOYSA-N,53.995000000000005,53.99172106,0.772,9.23,0,1,0,0,0,0,0,0.0,3,3,20,0,0.020877137230061748,-0.010438568615030874
1545,CCCCCCC(C)C=O,356.25,True,ZKPFRIDJMMOODR-UHFFFAOYSA-N,142.242,142.135765196,2.791800000000001,17.07,0,1,6,0,0,0,0,0.8888888888888888,10,1,60,0,0.12229184464962181,-0.30310058875142204
1546,COP(OC)(=O)OC(C)=CC(OC)=O,380.75,True,GEPDYQSQVLXLEU-UHFFFAOYSA-N,224.14899999999997,224.04497476600002,1.4807,71.06,0,6,5,0,0,0,0,0.5714285714285714,14,7,82,0,0.528695362816906,-0.4657621248792307
1547,FS(O)(=O)=O,436.25,True,UQSQSQZYBQSBJZ-UHFFFAOYSA-N,100.06999999999998,99.96304311200001,-0.2412999999999999,54.37,1,2,0,0,0,0,0,0.0,5,5,32,0,0.43451645927393484,-0.26003354874394835
1548,IBr,389.25,True,CBEQRNSPHCCXSH-UHFFFAOYSA-N,206.808,205.8228101,1.7313,0.0,0,0,0,0,0,0,0,0.0,2,2,14,0,0.0071078635509645785,-0.0071078635509645785
1549,BrP(Br)Br,446.45,True,IPNPIHIZVLFAFP-UHFFFAOYSA-N,270.686,267.72877293,3.398,0.0,0,0,0,0,0,0,0,0.0,4,4,26,0,0.10323295570266719,-0.0344109852342224
1550,OS(Cl)(=O)=O,425.25,True,XTHPWXDJESJLNJ-UHFFFAOYSA-N,116.52499999999999,115.933492572,0.028000000000000025,54.37,1,2,0,0,0,0,0,0.0,5,5,32,0,0.3526561593174185,-0.27336096301009594
1551,ICl,370.25,True,QZRGKCOWNLSUDK-UHFFFAOYSA-N,162.357,161.87332568,1.5752000000000002,0.0,0,0,0,0,0,0,0,0.0,2,2,14,0,0.042482529285559276,-0.042482529285559276
1552,ClOCl,275.45,True,RCJVRSBWZCNNQT-UHFFFAOYSA-N,86.905,85.93261998,1.3106,9.23,0,1,0,0,0,0,0,0.0,3,3,20,0,0.08321627316674472,-0.16643254633348945
1553,ClS(Cl)(=O)=O,342.55,True,YBBRCQOCSYXUOC-UHFFFAOYSA-N,134.971,133.8996056,0.7088,34.14,0,2,0,0,0,0,0,0.0,5,5,32,0,0.3170103325665553,-0.19499189738523273
1554,O=N(OCC(CON(=O)=O)(CON(=O)=O)CON(=O)=O)=O,488.25,True,TZRXHJWUDPFEEY-UHFFFAOYSA-N,316.13500000000005,316.01387169599997,-1.1939999999999997,209.47999999999996,0,12,12,0,0,0,0,1.0,21,16,120,0,0.29401865733255694,-0.31310292623577707
1555,Cc1ccccc1OP(Oc1ccccc1C)(Oc1ccccc1C)=O,683.25,True,YSMRWXYRXBRSND-UHFFFAOYSA-N,368.36900000000014,368.117745782,6.256760000000005,44.760000000000005,0,4,6,3,3,0,0,0.14285714285714285,26,5,134,0,0.6466075126307356,-0.385644737479962
1556,CCOP(CC)(OCC)=O,471.25,True,AATNZNJRDOVKDD-UHFFFAOYSA-N,166.15699999999998,166.07588097000001,2.2724,35.53,0,3,5,0,0,0,0,1.0,10,4,62,0,0.32987828024659993,-0.30887691642054915
1557,CCOP(OCC)(OCC)=O,488.75,True,DQWPFSLDHJDLRL-UHFFFAOYSA-N,182.15599999999998,182.07079559,2.2039999999999997,44.760000000000005,0,4,6,0,0,0,0,1.0,11,5,68,0,0.4742480477050508,-0.2871683552461137
1558,CCCCOCCOP(OCCOCCCC)(OCCOCCCC)=O,501.25,True,WTLBZVNBAKMVDP-UHFFFAOYSA-N,398.47700000000026,398.243340218,4.594400000000005,72.45000000000002,0,7,21,0,0,0,0,1.0,26,8,158,0,0.47452640128213364,-0.37904148921780867
1559,CC1(C)CC(=O)C=C(C)C1,488.57,True,HJOVHMDZYOCNQW-UHFFFAOYSA-N,138.20999999999998,138.104465068,2.3218000000000005,17.07,0,1,0,1,0,1,0,0.6666666666666666,10,1,56,0,0.15567809158093762,-0.2948441306074027
1560,OC(C)(CCC=C(C)C)C=C,471.25,True,CDOSHBSSFJOMGT-UHFFFAOYSA-N,154.253,154.135765196,2.6698000000000013,20.23,1,1,4,0,0,0,0,0.6,11,1,64,0,0.07995432750166309,-0.38609150256085306
1561,BrCC(C)Br,415.15,True,XFNJYAKDBJUJAJ-UHFFFAOYSA-N,201.88899999999998,199.883624392,2.1647,0.0,0,0,1,0,0,0,0,1.0,5,2,32,0,0.02140316444457654,-0.09160846119671515
1562,CCC(C)C,301.08,True,QWTDNUCVQCZILF-UHFFFAOYSA-N,72.151,72.093900384,2.0524,0.0,0,0,1,0,0,0,0,1.0,5,0,32,0,-0.04739492560987911,-0.06513840899736081
1563,CC(=C)C=C,307.317,True,RRHGJUQNOFWUDK-UHFFFAOYSA-N,68.11900000000001,68.062600256,1.7485,0.0,0,0,1,0,0,0,0,0.2,5,0,28,0,-0.040383549426410544,-0.09882310718358248
1564,NCC(C)C,342.25,True,KDSNLYIMUZNERS-UHFFFAOYSA-N,73.139,73.08914935199999,0.6011000000000002,26.02,1,1,1,0,0,0,0,1.0,5,1,32,0,-0.005413892141561341,-0.3302183383951626
1565,OCC(C)C,381.25,True,ZXEKIIBDNHEJCQ-UHFFFAOYSA-N,74.123,74.07316494,0.6347,20.23,1,1,1,0,0,0,0,1.0,5,1,32,0,0.045348803787554154,-0.39610984383746906
1566,CC(C)C=O,337.25,True,AMIMRNSIRUDHCM-UHFFFAOYSA-N,72.107,72.057514876,0.8412999999999999,17.07,0,1,1,0,0,0,0,0.75,5,1,30,0,0.12201601225317348,-0.30311196413781816
1567,ClCC(C)Cl,369.65,True,KNKRKFALVUDBJE-UHFFFAOYSA-N,112.98700000000001,111.98465555199999,1.8525,0.0,0,0,1,0,0,0,0,1.0,5,2,32,0,0.04427922350067608,-0.12512511403767518
1568,ClCC(Cl)=C,367.25,True,FALCMQXTWHPRIH-UHFFFAOYSA-N,110.971,109.969005488,1.9777,0.0,0,0,1,0,0,0,0,0.3333333333333333,5,2,30,0,0.05753927195251769,-0.12059383533749321
1569,OCC(C)Cl,407.25,True,VZIQXGLTRZLBEX-UHFFFAOYSA-N,94.54100000000001,94.018542524,0.6060000000000001,20.23,1,1,1,0,0,0,0,1.0,5,2,32,0,0.059194041498228274,-0.39485399441466407
1570,CCC(O)C,372.75,True,BTANRVKWQNVYAZ-UHFFFAOYSA-N,74.123,74.07316494,0.7771999999999999,20.23,1,1,1,0,0,0,0,1.0,5,1,32,0,0.05090390435353902,-0.39343008722162376
1571,ClCC(C)=O,392.25,True,BULLHNJGPPOUOX-UHFFFAOYSA-N,92.52499999999999,92.00289246,0.8142,17.07,0,1,1,0,0,0,0,0.6666666666666666,5,2,30,0,0.1440284043454528,-0.2986834985296125
1572,NCC(O)C,432.71,True,HXKKHQJGJAFBHI-UHFFFAOYSA-N,75.111,75.068413908,-0.6741000000000001,46.25,2,2,1,0,0,0,0,1.0,5,2,32,0,0.0633842746375363,-0.3921032417312494
1573,OC(C)C#N,494.25,True,WOFDVDFSGLBFAC-UHFFFAOYSA-N,71.07900000000001,71.03711378,-0.1092200000000001,44.019999999999996,1,2,0,0,0,0,0,0.6666666666666666,5,2,28,0,0.13724691632821612,-0.37844072778119414
1574,CC(=O)C=O,345.25,True,AIJULSRZWUXGPQ-UHFFFAOYSA-N,72.063,72.021129368,-0.2257,34.14,0,2,1,0,0,0,0,0.3333333333333333,5,2,28,0,0.19161305319433727,-0.2946238542634083
1575,CCC(Cl)Cl,361.65,True,WIHMGGWNMISDNJ-UHFFFAOYSA-N,112.987,111.98465555199999,2.2001,0.0,0,0,1,0,0,0,0,1.0,5,2,32,0,0.10712629860222875,-0.10540816200776239
1576,ON,343.25,True,AVXURJPOCDRRFD-UHFFFAOYSA-N,33.03,33.021463716,-0.6657000000000002,46.25,2,2,0,0,0,0,0,0.0,2,2,14,0,-0.2188865149910306,-0.31964179155010713
1577,Cc1c2ccccc2c(C)c2ccccc12,633.25,True,JTGMTYWYUZDRBK-UHFFFAOYSA-N,206.28799999999998,206.109550448,4.609840000000004,0.0,0,0,0,3,3,0,0,0.125,16,0,78,0,-0.0145663918003204,-0.061619119555092416
1578,ClC(Cl)C=O,362.45,True,NWQWQKUXRJYXFH-UHFFFAOYSA-N,112.943,111.948270044,0.9889999999999999,17.07,0,1,1,0,0,0,0,0.5,5,3,30,0,0.16224595288959118,-0.3003426161360269
1579,ClCC(Cl)=O,379.25,True,VGCXGMAHQTYDJK-UHFFFAOYSA-N,112.943,111.948270044,0.9905999999999999,17.07,0,1,1,0,0,0,0,0.5,5,3,30,0,0.23592563185220414,-0.27995808617990353
1580,C=CC(=O)N,465.85,True,HRPVXLWXLXDGHG-UHFFFAOYSA-N,71.07900000000001,71.03711378,-0.3423,43.09,1,1,1,0,0,0,0,0.0,5,2,28,0,0.2402973983266299,-0.36613333016051547
1581,ClCC(=O)N,498.25,True,VXIVSQZSERGHQP-UHFFFAOYSA-N,93.513,92.998141428,-0.28950000000000004,43.09,1,1,1,0,0,0,0,0.5,5,3,30,0,0.23184488025777664,-0.3686410268217003
1582,BrCC(O)=O,481.25,True,KDPAWGWELVVRCH-UHFFFAOYSA-N,138.94799999999998,137.931641436,0.4659,37.3,1,1,1,0,0,0,0,0.5,5,3,30,0,0.31361806610792037,-0.48061606843672183
1583,CCC(O)=O,414.35,True,XBDQKXXYIPTUBI-UHFFFAOYSA-N,74.079,74.036779432,0.481,37.3,1,1,1,0,0,0,0,0.6666666666666666,5,2,30,0,0.302558437492056,-0.4812379170193394
1584,ClCC(O)=O,462.35,True,FOCAUTSVDIKZOP-UHFFFAOYSA-N,94.49699999999999,93.982157016,0.30979999999999996,37.3,1,1,1,0,0,0,0,0.5,5,3,30,0,0.31793644218012207,-0.4803542522396578
1585,OCC(O)=O,373.25,True,AEMRFAOFKBGASW-UHFFFAOYSA-N,76.051,76.016043988,-0.9367000000000001,57.53,2,2,1,0,0,0,0,0.5,5,3,30,0,0.328849903557252,-0.47954077546948304
1586,OOC(C)=O,383.25,True,KFSLWBXXFJQRDL-UHFFFAOYSA-N,76.05099999999999,76.01604398799999,0.02249999999999991,46.53,1,3,0,0,0,0,0,0.5,5,3,30,0,0.33853583431281836,-0.3013753132019219
1587,CCN(=O)=O,387.35,True,MCSAJNNLRCFZED-UHFFFAOYSA-N,75.067,75.0320284,0.2829999999999999,43.14,0,2,1,0,0,0,0,1.0,5,3,30,0,0.20064608791858585,-0.26456002874527473
1588,CC(C)C(O)=O,428.25,True,KQNPFQTWMSNSAP-UHFFFAOYSA-N,88.10599999999998,88.052429496,0.727,37.3,1,1,1,0,0,0,0,0.75,6,2,36,0,0.30542352972859976,-0.4810415895699593
1589,ClC(Cl)C(Cl)=O,381.25,True,FBCCMZVIWNDFMO-UHFFFAOYSA-N,147.388,145.909297692,1.5554999999999999,17.07,0,1,1,0,0,0,0,0.5,6,4,36,0,0.2541364778499538,-0.2781876367028299
1590,FC(F)=C(F)Cl,301.05,True,UUAGAQFQZIEFAH-UHFFFAOYSA-N,116.46900000000001,115.96406234,2.2603,0.0,0,0,0,0,0,0,0,0.0,6,4,36,0,0.3169868281501571,-0.1875155458067531
1591,OC(=O)C(C)=C,436.25,True,CERQOIWHTDAKMF-UHFFFAOYSA-N,86.09,86.036779432,0.6471,37.3,1,1,1,0,0,0,0,0.25,6,2,34,0,0.3301633832338257,-0.4778969618559836
1592,CC(S)C(O)=O,390.25,True,PMNLUUOXGOOLSP-UHFFFAOYSA-N,106.14599999999999,106.008850432,0.3892999999999999,37.3,2,2,1,0,0,0,0,0.6666666666666666,6,3,36,0,0.31555637836529643,-0.4804301755595692
1593,ClC(Cl)C(O)=O,466.25,True,JXTHNDFMNIQAHM-UHFFFAOYSA-N,128.942,127.943184664,0.8747,37.3,1,1,1,0,0,0,0,0.5,6,4,36,0,0.33651727022280464,-0.47923801916660524
1594,CC(C)N(=O)=O,393.45,True,FGLBSLMDCBOPQK-UHFFFAOYSA-N,89.094,89.047678464,0.6715,43.14,0,2,1,0,0,0,0,1.0,6,3,36,0,0.20717591219263307,-0.26428222998398154
1595,CC1(C)C2CC(CC2)C1=C,434.25,True,CRPUJAZIXJMDBK-UHFFFAOYSA-N,136.238,136.125200512,2.9987000000000013,0.0,0,0,0,2,0,2,0,0.8,10,0,56,0,-0.011613816461015865,-0.09902931614640997
1596,CC(C)(c(cc1)ccc1O)c(cc1)ccc1O,633.75,True,IISBACLAFKSPIT-UHFFFAOYSA-N,228.291,228.115029752,3.4237000000000024,40.46,2,2,2,2,2,0,0,0.2,17,2,88,0,0.11509593466592735,-0.5079666362160915
1597,OOC(C)(C)c1ccccc1,426.25,True,YQHLDYVWEZKEOX-UHFFFAOYSA-N,152.19299999999998,152.083729624,2.4113000000000007,29.46,1,2,2,1,1,0,0,0.3333333333333333,11,2,60,0,0.12257274914195321,-0.2509259903226318
1598,CC(C)(OOC(C)(C)c1ccccc1)c1ccccc1,373.25,True,XMNIXWIUMCBBBL-UHFFFAOYSA-N,270.372,270.161979944,4.805200000000005,18.46,0,2,5,2,2,0,0,0.3333333333333333,20,2,106,0,0.12287556074713493,-0.2248978483979979
1599,CCC(C)(C)c(cc1)ccc1O,535.75,True,NRZWYNLTFLDQQX-UHFFFAOYSA-N,164.24799999999996,164.120115132,3.079800000000002,20.23,1,1,2,1,1,0,0,0.45454545454545453,12,1,66,0,0.11509554537790655,-0.5079666393925067
1600,COC(=O)C(C)=C,373.75,True,VVQNEPGJFQJSBK-UHFFFAOYSA-N,100.117,100.052429496,0.7354999999999999,26.3,0,2,1,0,0,0,0,0.4,7,2,40,0,0.3323269847170088,-0.4656747792521672
1601,COC(=O)C(Cl)=C,325.25,True,AWJZTPWDQYFQPQ-UHFFFAOYSA-N,120.53500000000001,119.99780708,0.9118999999999999,26.3,0,2,1,0,0,0,0,0.25,7,3,40,0,0.3483428544153039,-0.46478960188798446
1602,FC(F)C(F)(Cl)Cl,303.45,True,AFTSHZRGGNMLHC-UHFFFAOYSA-N,152.93,151.940740052,2.3524000000000003,0.0,0,0,1,0,0,0,0,1.0,7,5,44,0,0.31746011134360885,-0.2038094912206471
1603,CCOP(Cl)(OCC)=O,333.25,True,LGTLXDJOAJDFLR-UHFFFAOYSA-N,172.54799999999997,172.00560849000001,2.4063000000000008,35.53,0,3,4,0,0,0,0,1.0,9,5,56,0,0.42369025434910773,-0.2972169805538453
1604,SCC(C)S,425.25,True,YGKHJWTVMIMEPQ-UHFFFAOYSA-N,108.23100000000001,108.006742256,1.2345,0.0,2,2,1,0,0,0,0,1.0,5,2,32,0,0.007664069823589326,-0.17822925737841153
1605,ClC(=O)C=C,348.75,True,HFBMWMNUJJDEQZ-UHFFFAOYSA-N,90.509,89.987242396,0.9378,17.07,0,1,1,0,0,0,0,0.0,5,2,28,0,0.2440568733242675,-0.27632804271721173
1606,CC(=O)C(C)=C,371.25,True,ZGHFDIIVVIFNPS-UHFFFAOYSA-N,84.118,84.057514876,1.1515,17.07,0,1,1,0,0,0,0,0.4,6,1,34,0,0.15441298002672488,-0.2949079102994763
1607,OCCOC(=O)C=C,464.25,True,OMIGHNLMNHATMP-UHFFFAOYSA-N,116.11599999999999,116.047344116,-0.29210000000000025,46.53,1,3,3,0,0,0,0,0.4,8,3,46,0,0.32972218954239974,-0.4601014173818816
1608,Clc1c(Cl)c(Cl)c(c(Cl)c1Cl)N(=O)=O,601.25,True,LKPLKUMXSAEKID-UHFFFAOYSA-N,295.336,292.83716663999996,4.8618,43.14,0,2,1,1,1,0,0,0.0,14,8,76,0,0.30898784352302544,-0.25821512535158025
1609,OCC=CCO,422.25,True,ORTVZLZNOYNASJ-UHFFFAOYSA-N,88.10600000000001,88.052429496,-0.47280000000000005,40.46,2,2,2,0,0,0,0,0.5,6,2,36,0,0.061274561501024574,-0.3923060469272983
1610,CCCCCCCC(C)=O,465.25,True,VKCYHJWLYTUGCC-UHFFFAOYSA-N,142.242,142.135765196,2.935900000000002,17.07,0,1,6,0,0,0,0,0.8888888888888888,10,1,60,0,0.1293399502822649,-0.30003102349469607
1611,O=C=NCCCCCCN=C=O,486.25,True,RRAMGCGOFNQTLD-UHFFFAOYSA-N,168.196,168.089877624,1.2184000000000001,58.86,0,4,7,0,0,0,0,0.75,12,4,66,0,0.23443646730904832,-0.21137999289778484
1612,Cc1c[nH]cn1,536.25,True,XLSZMDLNRCVEIJ-UHFFFAOYSA-N,82.10600000000001,82.053098192,0.7181199999999999,28.68,1,1,0,1,1,0,1,0.25,6,2,32,0,0.0922420663309139,-0.3509161631814713
1613,CC1OC(CCC1)=O,385.25,True,RZTOWFMDBDPERY-UHFFFAOYSA-N,114.14399999999999,114.06807956,1.1019999999999999,26.3,0,2,0,1,0,1,1,0.8333333333333334,8,2,46,0,0.3055463044366053,-0.46265842197349405
1614,ClCCP(O)(O)=O,538.25,True,UDPGUMQDCGORJQ-UHFFFAOYSA-N,144.49399999999997,143.974308362,0.40289999999999987,57.53,2,1,2,0,0,0,0,1.0,7,5,44,0,0.32625937898750607,-0.32439235154662033
1615,CCCCOCc(ccc1O)cc1OC,514.25,True,VLDFMKOUUQYFGF-UHFFFAOYSA-N,210.27299999999997,210.125594436,2.717500000000001,38.69,1,3,6,1,1,0,0,0.5,15,3,84,0,0.1603358326075762,-0.5042545886797973
1616,CC1OC(CC(C)O1)OC(C)=O,348.25,True,PHMNXPYGVPEQSJ-UHFFFAOYSA-N,174.19599999999997,174.089208928,1.047,44.760000000000005,0,4,1,1,0,1,1,0.875,12,4,70,0,0.3044368075177121,-0.4357367561636722
1617,CC1(C)SC(C)(C)SC(C)(C)S1,380.25,True,NBNWHQAWKFYFKI-UHFFFAOYSA-N,222.444,222.057063576,4.407900000000004,0.0,0,3,0,1,0,1,1,1.0,12,3,72,0,0.05820905478207107,-0.12750050229237123
1618,C(Cc1c2c3ccc1)c2ccc3,550.75,True,CWRYPZZKDGJXCA-UHFFFAOYSA-N,154.21199999999996,154.07825032,2.9384000000000006,0.0,0,0,0,3,2,1,0,0.16666666666666666,12,0,58,0,-0.011957882143257156,-0.06135478571963333
1619,Cc1c[nH]c2c1cccc2,539.25,True,ZFRKQXVRDFCRJG-UHFFFAOYSA-N,131.178,131.073499288,2.4763200000000003,15.79,1,0,0,2,2,0,1,0.1111111111111111,10,1,50,0,0.045617669808042355,-0.3609008962065418
1620,Cc1cccc(c1C)N(=O)=O,513.25,True,FVHAWXWFPBPFOS-UHFFFAOYSA-N,151.165,151.063328528,2.21164,43.14,0,2,1,1,1,0,0,0.25,11,3,58,0,0.2720575142043234,-0.2583007965757644
1621,COc1c(c(C)c(cc1C(C)(C)C)N(=O)=O)N(=O)=O,458.25,True,SUAUILGSCPYJCS-UHFFFAOYSA-N,268.26899999999995,268.10592161200003,3.1175200000000025,95.50999999999999,0,5,3,1,1,0,0,0.5,19,7,104,0,0.32046704277345944,-0.4899164424898348
1622,Cn1cnc(n2C)c1c(=O)[nH]c2=O,568.25,True,YAPQBXQYLJRXSA-UHFFFAOYSA-N,180.167,180.064725496,-1.0397000000000005,72.68,1,3,0,2,2,0,2,0.2857142857142857,13,6,68,0,0.32931728772098506,-0.3278697741177671
1623,CCNc1nc(SC)nc(NC(C)C)n1,610.25,True,RQVYBGPQFYCBGX-UHFFFAOYSA-N,227.33700000000002,227.12046654399998,1.8455999999999997,62.730000000000004,2,6,5,1,1,0,1,0.6666666666666666,15,6,84,0,0.22819023527619645,-0.35432685475629194
1624,O=N(=O)c(cc1)ccc1Nc1ccccc1,484.25,True,XXYMSQQCBUKFHE-UHFFFAOYSA-N,214.224,214.07422756,3.338400000000001,55.17,1,3,3,2,2,0,0,0.0,16,4,80,0,0.2690754395099838,-0.3555204202847742
1625,O=C1c2ccccc2c2ccccc2C1=O,633.25,True,YYVYAPXYZVYDHN-UHFFFAOYSA-N,208.21599999999998,208.052429496,2.7326000000000006,34.14,0,2,0,3,2,1,0,0.0,16,2,76,0,0.23366733751954705,-0.28484820794822474
1626,c(cc1)ccc1c1ccccc1c1ccccc1,605.25,True,OIAQMFOKAXHPNH-UHFFFAOYSA-N,230.31,230.109550448,5.0206000000000035,0.0,0,0,2,3,3,0,0,0.0,18,0,86,0,-0.010541893220082612,-0.062225389335156533
1627,O=C1c2ccccc2C(=O)c2ccccc12,650.25,True,RZVHIXYEVGDQDX-UHFFFAOYSA-N,208.21599999999998,208.052429496,2.4620000000000006,34.14,0,2,0,3,2,1,0,0.0,16,2,76,0,0.19401317130265341,-0.2885627854005235
1628,CCOC(=O)c1ccccc1C(OCC)=O,568.25,True,FLKPEMZONWLCSK-UHFFFAOYSA-N,222.23999999999995,222.089208928,2.04,52.6,0,4,4,1,1,0,0,0.3333333333333333,16,4,86,0,0.33849587273304266,-0.46237242193829203
1629,CC(C)COC(=O)c1ccccc1C(OCC(C)C)=O,569.75,True,MGWAVDBGNNKXQV-UHFFFAOYSA-N,278.348,278.151809184,3.3122000000000025,52.6,0,4,6,1,1,0,0,0.5,20,4,110,0,0.33851578671793237,-0.46180494201571237
1630,CCCCOC(=O)c1ccccc1C(OCCCC)=O,613.25,True,DOIRQSBPFJWKBE-UHFFFAOYSA-N,278.34799999999996,278.151809184,3.600400000000003,52.6,0,4,8,1,1,0,0,0.5,20,4,110,0,0.33850596455259063,-0.4620783967394106
1631,CCCCCCOC(=O)c1ccccc1C(OCCCCCC)=O,483.25,True,KCXZNSGUUQJJTR-UHFFFAOYSA-N,334.4560000000002,334.21440943999994,5.160800000000005,52.6,0,4,12,1,1,0,0,0.6,24,4,134,0,0.33850596590362286,-0.4620782094850137
1632,CCCCCCCCCOC(=O)c1ccccc1C(OCCCCCCCCC)=O,686.25,True,DROMNWUQASBTFM-UHFFFAOYSA-N,418.61800000000045,418.30830982399993,7.501400000000008,52.6,0,4,18,1,1,0,0,0.6923076923076923,30,4,170,0,0.3385059659036322,-0.462078209479341
1633,CCCCCCCCCCOC(=O)c1ccccc1C(OCCCCCCCCCC)=O,534.25,True,PGIBJVOPLXHHGS-UHFFFAOYSA-N,446.6720000000005,446.33960995199993,8.281600000000006,52.6,0,4,20,1,1,0,0,0.7142857142857143,32,4,182,0,0.3385059659036322,-0.462078209479341
1634,c(ccc1c2ccccc2c2)cc1c2,611.65,True,YNPNZTXNASCQKK-UHFFFAOYSA-N,178.23399999999998,178.07825032,3.993000000000002,0.0,0,0,0,3,3,0,0,0.0,14,0,66,0,-0.010541535082874729,-0.06162899271080029
1635,O=C1c2ccccc2C(O1)=O,558.55,True,LGRFSURHDFAFJT-UHFFFAOYSA-N,148.11699999999996,148.016043988,0.9972,43.370000000000005,0,3,0,2,1,1,1,0.0,11,3,54,0,0.3464040041676593,-0.385656968792507
1636,CCCCOC(=O)c1ccccc1C(OCc1ccccc1)=O,643.25,True,IRIAEXORFWYRCZ-UHFFFAOYSA-N,312.365,312.13615911999995,4.000500000000003,52.6,0,4,7,2,2,0,0,0.2631578947368421,23,4,120,0,0.33884392537503316,-0.4620783967347233
1637,COC(=O)c1ccccc1NC,529.25,True,GVOWHGSUZUUUDR-UHFFFAOYSA-N,165.19199999999998,165.078978592,1.5149,38.33,1,3,2,1,1,0,0,0.2222222222222222,12,3,64,0,0.33945998025977714,-0.4653617955051349
1638,O=N(=O)c1c2ccccc2ccc1,577.25,True,RJKGJBPXVHTNJL-UHFFFAOYSA-N,173.171,173.047678464,2.748000000000001,43.14,0,2,1,2,2,0,0,0.0,13,3,64,0,0.2766861184339474,-0.2582903694094381
1639,C(c1cc2)c3ccccc3c1cc2,567.25,True,NIHNNTQXNPWCJQ-UHFFFAOYSA-N,166.22299999999998,166.07825032,3.2578000000000014,0.0,0,0,0,3,2,1,0,0.07692307692307693,13,0,62,0,-0.0013455207947278415,-0.06193924489982633
1640,c(ccc1c2ccccc2[nH]2)cc21,627.85,True,UJOBWOGCFQCDNV-UHFFFAOYSA-N,167.21099999999996,167.073499288,3.3211000000000004,15.79,1,0,0,3,3,0,1,0.0,13,1,62,0,0.04643518778746989,-0.3545105382525832
1641,OCCOC(=O)C(C)=C,340.25,True,WOBHKFSMXKNTIM-UHFFFAOYSA-N,130.14299999999997,130.06299418,0.09799999999999986,46.53,1,3,3,0,0,0,0,0.5,9,3,52,0,0.3326871219576966,-0.4599096119587887
1642,CC(C)COC(=O)c1ccccc1O,534.25,True,PTXDBYSCVQQBNF-UHFFFAOYSA-N,194.23,194.094294308,2.2050000000000005,46.53,1,3,3,1,1,0,0,0.36363636363636365,14,3,76,0,0.3414177116894975,-0.507052799157065
1643,CC(C)CCOC(=O)c1ccccc1O,551.25,True,PMGCQNGBLMMXEW-UHFFFAOYSA-N,208.257,208.109944372,2.5951000000000017,46.53,1,3,4,1,1,0,0,0.4166666666666667,15,3,82,0,0.34140806054643497,-0.5070527991633476
1644,Oc1ccccc1C(OCCc1ccccc1)=O,643.25,True,YNMSDIQQNIRGDP-UHFFFAOYSA-N,242.27399999999997,242.094294308,2.7917000000000014,46.53,1,3,4,2,2,0,0,0.13333333333333333,18,3,92,0,0.341419231304181,-0.507052799156672
1645,CCOC(=O)c1ccccc1N,541.25,True,TWLLPUMZVVGILS-UHFFFAOYSA-N,165.19199999999998,165.078978592,1.4455,52.32,1,3,2,1,1,0,0,0.2222222222222222,12,3,64,0,0.33971842403683167,-0.4623356791371466
1646,Nc1cccc(C)c1C,494.75,True,VVAKEQGKZNKUSU-UHFFFAOYSA-N,121.18299999999999,121.08914935199999,1.88564,26.02,1,1,0,1,1,0,0,0.25,9,1,48,0,0.03458787806769581,-0.3985060910097821
1647,Nc1cccc(Cl)c1C,518.25,True,ZUVPLKVDZNDZCM-UHFFFAOYSA-N,141.601,141.034526936,2.23062,26.02,1,1,0,1,1,0,0,0.14285714285714285,9,2,48,0,0.045518617380160595,-0.3984713818278044
1648,Clc1cccc(Cl)c1Cl,491.75,True,RELMFMZEBKVZJC-UHFFFAOYSA-N,181.44899999999998,179.930033136,3.6468000000000007,0.0,0,0,0,1,1,0,0,0.0,9,3,48,0,0.07779504102309424,-0.08265556792103128
1649,Cc1cccc(C)c1N,489.25,True,UFFBMTHBGFGIHF-UHFFFAOYSA-N,121.183,121.08914935199999,1.88564,26.02,1,1,0,1,1,0,0,0.25,9,1,48,0,0.037293615213884364,-0.3982992065086387
1650,Clc1cccc(Cl)c1O,493.25,True,HOLHYSJJBXSLMV-UHFFFAOYSA-N,163.003,161.963920108,2.6990000000000003,20.23,1,1,0,1,1,0,0,0.0,9,3,48,0,0.15225077513920984,-0.5048271275158442
1651,Oc1cccc(O)c1O,582.25,True,WQGWDDDVZFFDIG-UHFFFAOYSA-N,126.11099999999998,126.031694052,0.8033999999999997,60.69,3,3,0,1,1,0,0,0.0,9,3,48,0,0.19975016033970833,-0.5041613398087832
1652,Oc1c(Cl)c(Cl)c(Cl)c(Cl)c1Cl,583.25,True,IZUPBVBPLAPZRR-UHFFFAOYSA-N,266.33799999999997,263.847003052,4.6592,20.23,1,1,0,1,1,0,0,0.0,12,6,66,0,0.15545782302765995,-0.5047430525360218
1653,OCC(O)COC1CC(C)CCC1C(C)C,398.25,True,MDVYIGJINBYKOM-UHFFFAOYSA-N,230.34799999999998,230.188194692,1.8169999999999997,49.69,2,3,5,1,0,1,0,1.0,16,3,96,0,0.10033622596115742,-0.3935931386121052
1654,CCOC(C(C)Oc1ccc(Oc(nc2cc3)oc2cc3Cl)cc1)=O,473.25,True,PQKBPHSEKWERTG-UHFFFAOYSA-N,361.78100000000006,361.07170029199995,4.603900000000003,70.78999999999999,0,6,6,3,3,0,1,0.2222222222222222,25,7,130,0,0.39978133103314506,-0.4790292257699349
1655,Clc1cc(c(Cl)c(Cl)c1Cl)N(=O)=O,339.25,True,MTBYTWZDRVOMBR-UHFFFAOYSA-N,260.891,258.876138992,4.2084,43.14,0,2,1,1,1,0,0,0.0,13,7,70,0,0.29051031487970147,-0.2582617138973956
1656,Oc(cc1C)cc(C)c1Cl,519.25,True,OSDLLIBGSJNGJE-UHFFFAOYSA-N,156.61199999999997,156.034192588,2.662440000000001,20.23,1,1,0,1,1,0,0,0.25,10,2,54,0,0.11570990805796667,-0.5079443294833785
1657,Cc(cc1C)cc(C)c1N,507.25,True,KWVPRPSXBZNOHS-UHFFFAOYSA-N,135.20999999999998,135.104799416,2.19406,26.02,1,1,0,1,1,0,0,0.3333333333333333,10,1,54,0,0.03731334227441027,-0.3982989399696756
1658,Clc(cc1Cl)cc(Cl)c1O,522.25,True,LINPIYWFGCPVIE-UHFFFAOYSA-N,197.448,195.924947756,3.3524,20.23,1,1,0,1,1,0,0,0.0,10,4,54,0,0.15236011963259538,-0.5048259317440998
1659,CCC(CC)C(O)=O,374.25,True,OXQGTIUCKGYOAA-UHFFFAOYSA-N,116.15999999999998,116.083729624,1.5072,37.3,1,1,3,0,0,0,0,0.8333333333333334,8,2,48,0,0.30596580462424877,-0.4810267167108486
1660,CCN(CC)C(Cl)=O,459.25,True,OFCCYDUUBNUJIB-UHFFFAOYSA-N,135.594,135.04509162,1.687,20.310000000000002,0,1,2,0,0,0,0,0.8,8,3,48,0,0.3158525402271832,-0.32978884622869525
1661,C=CN1CCCC1=O,369.25,True,WHNWPMSKXPGLAX-UHFFFAOYSA-N,111.14399999999999,111.068413908,0.7523,20.310000000000002,0,1,1,1,0,1,1,0.5,8,2,44,0,0.22605511745911974,-0.3196712290418209
1662,OC(=O)c1occc1,505.25,True,SMNDYUVBFMFKNZ-UHFFFAOYSA-N,112.08399999999997,112.01604398799999,0.9778,50.44,1,2,1,1,1,0,1,0.0,8,3,42,0,0.3712726117836818,-0.47537335989280455
1663,CC(=O)c1sccc1,486.25,True,WYJOVVXUZNRJQY-UHFFFAOYSA-N,126.17999999999996,126.013935812,1.9506999999999999,17.07,0,2,1,1,1,0,1,0.16666666666666666,8,2,42,0,0.16920729280146246,-0.293605495228214
1664,CC(C)(C)c1ccccc1O,496.25,True,WJQOZHYUIDYNHM-UHFFFAOYSA-N,150.22099999999998,150.104465068,2.6897000000000015,20.23,1,1,0,1,1,0,0,0.4,11,1,60,0,0.11879811066219519,-0.5076541497271557
1665,CC(C)(C)c1ccc(C)cc1O,497.25,True,XOUQAVYLRNOXDO-UHFFFAOYSA-N,164.248,164.120115132,2.9981200000000023,20.23,1,1,0,1,1,0,0,0.45454545454545453,12,1,66,0,0.1190629231573458,-0.5076437159625647
1666,Nc1ccccc1C(=O)N,573.25,True,PXBFMLJZNCDSMP-UHFFFAOYSA-N,136.15399999999997,136.063662876,0.3677,69.11,2,2,1,1,1,0,0,0.0,10,3,52,0,0.2502884753186924,-0.3980808153989169
1667,CC(C)c1ccccc1O,487.25,True,CRBJBYGJVIBWIY-UHFFFAOYSA-N,136.19399999999996,136.088815004,2.5156000000000014,20.23,1,1,1,1,1,0,0,0.3333333333333333,10,1,54,0,0.11852420666117842,-0.5076652691309628
1668,Cc1ccccc1N(=O)=O,495.25,True,PLAZTCDQAHEYBI-UHFFFAOYSA-N,137.138,137.047678464,1.9032200000000001,43.14,0,2,1,1,1,0,0,0.14285714285714285,10,3,52,0,0.271791321288604,-0.2583009410225935
1669,Clc1ccccc1N(=O)=O,518.75,True,BFCFYVKQTRLZHA-UHFFFAOYSA-N,157.55599999999998,156.993056048,2.2481999999999998,43.14,0,2,1,1,1,0,0,0.0,10,4,52,0,0.28737089380755276,-0.25826325737041617
1670,Oc1ccccc1N(=O)=O,489.25,True,IQUPABOKLQSFBK-UHFFFAOYSA-N,139.10999999999999,139.02694302,1.3004000000000002,63.37,1,3,1,1,1,0,0,0.0,10,4,52,0,0.3101887839338801,-0.502092705332494
1671,S(Sc1ccccc1)c1ccccc1,583.25,True,GUUVPOWQJOLRAS-UHFFFAOYSA-N,218.346,218.02239232,4.486000000000002,0.0,0,2,3,2,2,0,0,0.0,14,2,70,0,0.018577245127470967,-0.06218837761010773
1672,CCNc1nc(SC)nc(NC(C)(C)C)n1,433.25,True,IROINLKCQGIITA-UHFFFAOYSA-N,241.364,241.13611660799998,2.2356999999999996,62.730000000000004,2,6,4,1,1,0,1,0.7,16,6,90,0,0.22839698480276974,-0.3543268540562607
1673,O=C1c2cc3c(C(OC3=O)=O)cc2C(O1)=O,673.25,True,ANSXAPJVJOKRDJ-UHFFFAOYSA-N,218.11999999999998,217.98513778400002,-0.5046,94.56,0,6,0,3,3,0,2,0.0,16,6,78,0,0.34643150095926384,-0.3856563910770582
1674,CC(=O)c1ccc(C)cc1C,391.25,True,HSDSKVWQTONQBJ-UHFFFAOYSA-N,148.20499999999996,148.088815004,2.5060400000000005,17.07,0,1,1,1,1,0,0,0.3,11,1,58,0,0.15956553691168054,-0.2945012999573935
1675,CC(CCC1C(C)C)CC1O,487.85,True,NOOLISFMXDJSKH-UHFFFAOYSA-N,156.269,156.15141526,2.439500000000001,20.23,1,1,1,1,0,1,0,1.0,11,1,66,0,0.05729302557713654,-0.39282090888948124
1676,OC(=O)c1ccc(O)cc1O,583.25,True,UIAFKZKHHVMJGS-UHFFFAOYSA-N,154.12099999999998,154.026608672,0.7959999999999998,77.76,3,3,1,1,1,0,0,0.0,11,4,58,0,0.3389739372072796,-0.5078224801452357
1677,Clc1ccccc1C=O,485.25,True,FPYUJUBAXZAQNL-UHFFFAOYSA-N,140.56899999999996,140.00289246,2.1525,17.07,0,1,1,1,1,0,0,0.0,9,2,46,0,0.15104808252832294,-0.297838435584964
1678,Oc1ccccc1C=O,470.25,True,SMQUZDBALVYZAC-UHFFFAOYSA-N,122.12299999999998,122.036779432,1.2047,37.3,1,2,1,1,1,0,0,0.0,9,2,46,0,0.1532681322488156,-0.5072100278982061
1679,Clc1c2ccccc2ccc1,601.25,True,JTPNRXUCIXHOKM-UHFFFAOYSA-N,162.61899999999997,162.023627904,3.4932000000000016,0.0,0,0,0,2,2,0,0,0.0,11,1,54,0,0.048389036452779,-0.0836642186269789
1680,N(c1ccccc1)c1c2ccccc2ccc1,608.25,True,XQVWYOYUZDUNRW-UHFFFAOYSA-N,219.287,219.104799416,4.583400000000003,12.03,1,1,2,3,3,0,0,0.0,17,1,82,0,0.046341098829154805,-0.3550199204797965
1681,Oc1ccccc1c1ccccc1,559.25,True,LLEMOWNGBBNAJR-UHFFFAOYSA-N,170.211,170.07316494,3.0592000000000015,20.23,1,1,1,2,2,0,0,0.0,13,1,64,0,0.12289837673033287,-0.5073115203655633
1682,CN(C)c1ccc(cc1)C(=O)c(cc1)ccc1N(C)C,633.25,True,VVBLNCFGVYUYGU-UHFFFAOYSA-N,268.35999999999996,268.15756326,3.0496000000000016,23.550000000000004,0,3,4,2,2,0,0,0.23529411764705882,20,3,104,0,0.19252479793990282,-0.3776608809736752
1683,Cc1c(cccc1N=C=O)N=C=O,406.25,True,RUELTTOHQODFPA-UHFFFAOYSA-N,174.159,174.042927432,1.92962,58.86,0,4,2,1,1,0,0,0.1111111111111111,13,4,64,0,0.2400181335735579,-0.2109684466594581
1684,COc1ccccc1N(=O)=O,550.25,True,CFBYEGUGFPZCNF-UHFFFAOYSA-N,153.13699999999997,153.042593084,1.6033999999999997,52.37,0,3,2,1,1,0,0,0.14285714285714285,11,4,58,0,0.3103991523572057,-0.49013592912749804
1685,CCOc(ccc1N2)cc1C(C)=CC2(C)C,398.25,True,DECIPOUIJURFOJ-UHFFFAOYSA-N,217.31199999999995,217.146664228,3.692700000000002,21.259999999999998,1,2,2,2,1,1,1,0.42857142857142855,16,2,86,0,0.11953089046172846,-0.4938645255144888
1686,Clc1cc2ccccc2cc1,529.25,True,CGYGETOMCSJHJU-UHFFFAOYSA-N,162.61899999999997,162.023627904,3.4932000000000016,0.0,0,0,0,2,2,0,0,0.0,11,1,54,0,0.04118766499186078,-0.08432102971947456
1687,Nc1cc2ccccc2cc1,579.25,True,JBIJLHTVPXGSAM-UHFFFAOYSA-N,143.189,143.073499288,2.4220000000000006,26.02,1,1,0,2,2,0,0,0.0,11,1,54,0,0.03199260577968057,-0.3987108799581668
1688,Sc1cc2ccccc2cc1,561.25,True,RFCQDOVPMUSZMN-UHFFFAOYSA-N,160.24099999999999,160.034671256,3.1285000000000016,0.0,1,1,0,2,2,0,0,0.0,11,1,54,0,0.004631209391668314,-0.143404034557389
1689,Cc1nc2ccccc2cc1,521.25,True,SMUQFGGVLNAIOZ-UHFFFAOYSA-N,143.18899999999996,143.073499288,2.5432200000000007,12.89,0,1,0,2,2,0,1,0.1,11,1,54,0,0.07046502008843818,-0.2531425961749766
1690,O=C1C=Cc2ccccc2O1,574.96,True,ZYGHJZDHTFUPRJ-UHFFFAOYSA-N,146.14499999999998,146.036779432,1.793,30.21,0,2,0,2,2,0,1,0.0,11,2,54,0,0.33569031616433825,-0.4227294736611369
1691,ClC(Cl)(Cl)C(C)=O,422.25,True,SMZHKGXSEAGRTI-UHFFFAOYSA-N,161.415,159.924947756,1.9456,17.07,0,1,0,0,0,0,0,0.6666666666666666,7,4,42,0,0.2478781618944826,-0.2951873946132923
1692,c(cc1)ccc1c(ccc1)cc1c1ccccc1,636.25,True,YJTKZCDBKVTVBY-UHFFFAOYSA-N,230.31,230.109550448,5.0206000000000035,0.0,0,0,2,3,3,0,0,0.0,18,0,86,0,-0.01778671786551227,-0.06222539487295861
1693,Cc(ccc1O2)cc1C=CC2=O,577.25,True,FXFYOPQLGGEACP-UHFFFAOYSA-N,160.172,160.052429496,2.10142,30.21,0,2,0,2,2,0,1,0.1,12,2,60,0,0.3356903200214201,-0.42272912090276565
1694,Nc1ccc(cc1)c1ccccc1,575.25,True,DMVOXQPQNTYEKQ-UHFFFAOYSA-N,169.227,169.089149352,2.9358000000000013,26.02,1,1,1,2,2,0,0,0.0,13,1,64,0,0.031391145975687124,-0.39872825651048843
1695,Oc1ccc(cc1)c1ccccc1,581.25,True,YXVFYQXJAXKLAK-UHFFFAOYSA-N,170.211,170.07316494,3.0592000000000015,20.23,1,1,1,2,2,0,0,0.0,13,1,64,0,0.11511840985309167,-0.5079662449309227
1696,Nc1ccc(cc1)c(cc1)ccc1N,674.25,True,HFACYLZERDEVSX-UHFFFAOYSA-N,184.242,184.100048384,2.518,52.04,2,2,1,2,2,0,0,0.0,14,2,70,0,0.03139114597596018,-0.39872825651048827
1697,c(cc1)ccc1c(cc1)ccc1c1ccccc1,649.25,True,XJKSTNDFUHDPQJ-UHFFFAOYSA-N,230.31,230.109550448,5.0206000000000035,0.0,0,0,2,3,3,0,0,0.0,18,0,86,0,-0.018361023777465544,-0.06222539489359168
1698,CC(=C)C(Cl)=O,369.25,True,VHRYZQNGTZXDNX-UHFFFAOYSA-N,104.536,104.00289246,1.3279,17.07,0,1,1,0,0,0,0,0.25,6,2,34,0,0.24696501788822386,-0.27602291809128243
1699,CCCC(C)C(C)CC,413.85,True,MAKRYGRRIKSDES-UHFFFAOYSA-N,128.259,128.15650064,3.468700000000003,0.0,0,0,4,0,0,0,0,1.0,9,0,56,0,-0.04171836363368824,-0.06537225186329917
1700,CCCOC(=O)C=C,395.25,True,PNXMTCDJUBJHQJ-UHFFFAOYSA-N,114.14399999999998,114.06807956,1.1256000000000002,26.3,0,2,3,0,0,0,0,0.5,8,2,46,0,0.32963770645406537,-0.4625572338168568
1701,CCCCCCC(CC)=O,461.25,True,IYTXKIXETAELAV-UHFFFAOYSA-N,142.242,142.135765196,2.935900000000001,17.07,0,1,6,0,0,0,0,0.8888888888888888,10,1,60,0,0.13213642390023897,-0.2997292805285663
1702,CCCCCC(CCCCC)=O,501.25,True,ZPQAKYPOZRXKFA-UHFFFAOYSA-N,170.296,170.167065324,3.7161000000000026,17.07,0,1,8,0,0,0,0,0.9090909090909091,12,1,72,0,0.1324113216046135,-0.2997179089969799
1703,OCCOCCN,494.25,True,GIAFURWZWWWBQT-UHFFFAOYSA-N,105.13700000000001,105.078978592,-1.0459999999999996,55.480000000000004,2,3,4,0,0,0,0,1.0,7,3,44,0,0.0697854714775866,-0.39398033267719795
1704,CCCCCCCCCCCCCCCCCCCCCC(OC)=O,498.25,True,QSQLTHHMFHEFIY-UHFFFAOYSA-N,354.6190000000001,354.3497807119999,7.981300000000009,26.3,0,2,20,0,0,0,0,0.9565217391304348,25,2,150,0,0.3050018388563536,-0.4689954278205915
1705,COc1cc2ccccc2cc1,547.25,True,LUZDYPLAQQGJEA-UHFFFAOYSA-N,158.2,158.07316494,2.8484000000000007,9.23,0,1,1,2,2,0,0,0.09090909090909091,12,1,60,0,0.1189993754393192,-0.49674510426174684
1706,CCN(CC)c(cc1)ccc1N,535.25,True,QNGVNLMMEQUVQK-UHFFFAOYSA-N,164.25199999999998,164.131348512,2.115,29.259999999999998,1,2,3,1,1,0,0,0.4,12,2,66,0,0.03670011416465256,-0.3987267836845423
1707,CC(=O)c1cc2ccccc2cc1,574.25,True,XSAYZAUNJMRRIR-UHFFFAOYSA-N,170.21099999999998,170.07316494,3.0424000000000015,17.07,0,1,1,2,2,0,0,0.08333333333333333,13,1,64,0,0.15932090385725836,-0.29451181531658005
1708,CCOc1cc2ccccc2cc1,555.25,True,GUMOJENFFHZAFP-UHFFFAOYSA-N,172.22699999999998,172.088815004,3.238500000000002,9.23,0,1,2,2,2,0,0,0.16666666666666666,13,1,66,0,0.11941095993625675,-0.49386664797576674
1709,CC(C=O)c1ccccc1,367.25,True,IQVAERDLDAZARL-UHFFFAOYSA-N,134.17799999999997,134.07316494,1.9889999999999999,17.07,0,1,2,1,1,0,0,0.2222222222222222,10,1,52,0,0.12666594644274684,-0.302724023616101
1710,CCC(O)c1ccccc1,376.25,True,DYUQAZSOFZSPHD-UHFFFAOYSA-N,136.194,136.088815004,2.13,20.23,1,1,2,1,1,0,0,0.3333333333333333,10,1,54,0,0.07869808075740975,-0.38843256146778943
1711,COC(=O)c1cccnc1,482.25,True,YNBADRVTZLEFNH-UHFFFAOYSA-N,137.138,137.047678464,0.8681999999999999,39.19,0,3,1,1,1,0,1,0.14285714285714285,10,3,52,0,0.3389216292564587,-0.4653769298155801
1712,C=CC1OC1,341.25,True,GXBYFVGCMPJVJX-UHFFFAOYSA-N,70.09100000000001,70.041864812,0.5711999999999999,12.53,0,1,1,1,0,1,1,0.5,5,1,28,0,0.09879940345437808,-0.368713813835529
1713,O=NN1CCCC1,487.25,True,WNYADZVDBIBLJJ-UHFFFAOYSA-N,100.12100000000001,100.063662876,0.7636000000000001,32.67,0,2,1,1,0,1,1,1.0,7,3,40,0,0.05234687653938086,-0.2609063351098823
1714,Cc1ccc(C)n1C,444.25,True,YRABRACUKBOTKB-UHFFFAOYSA-N,109.17200000000001,109.08914935199999,1.64194,4.93,0,0,0,1,1,0,1,0.42857142857142855,8,1,44,0,0.014291142179082245,-0.3521813724155212
1715,CC(=O)c1cccn1C,475.25,True,NZFLWVDXYUGFAV-UHFFFAOYSA-N,123.15499999999997,123.068413908,1.2277,22.0,0,1,1,1,1,0,1,0.2857142857142857,9,2,48,0,0.1756216951472691,-0.34819421798905414
1716,O=CCC(C=C)c1ccccc1,413.25,True,XQTAGXUFCZLHIQ-UHFFFAOYSA-N,160.216,160.088815004,2.5452000000000004,17.07,0,1,4,1,1,0,0,0.18181818181818182,12,1,62,0,0.12041310894116393,-0.3033661573476884
1717,CC(C)OC(=O)c1ccccc1,491.25,True,FEXQDZTYJVXMOS-UHFFFAOYSA-N,164.204,164.083729624,2.2518000000000002,26.3,0,2,2,1,1,0,0,0.3,12,2,64,0,0.33787353896738864,-0.4593754497227834
1718,CCOC(=O)c(cc1)ccc1N,583.25,True,BLFLLBZGZJTVJG-UHFFFAOYSA-N,165.19199999999998,165.078978592,1.4455,52.32,1,3,2,1,1,0,0,0.2222222222222222,12,3,64,0,0.3376097259808516,-0.46239131153211466
1719,CCOC(=O)c(cc1)ccc1OC,543.25,True,FHUODBDRWMIBQP-UHFFFAOYSA-N,180.20299999999997,180.078644244,1.8719,35.53,0,3,3,1,1,0,0,0.3,13,3,70,0,0.3376117538150065,-0.4967677521551739
1720,O=C(OCCc1ccccc1)c1ccccc1,462.25,True,OSORMYZMWHVFOZ-UHFFFAOYSA-N,226.275,226.099379688,3.086100000000002,26.3,0,2,4,2,2,0,0,0.13333333333333333,17,2,86,0,0.337628560617833,-0.46174330856108603
1721,CCCc1cc2OCOc2cc1,501.25,True,MYEIDJPOUKASEC-UHFFFAOYSA-N,164.20399999999998,164.083729624,2.367800000000001,18.46,0,2,2,2,1,1,1,0.4,12,2,64,0,0.23080035693180848,-0.45359549478493577
1722,C=CCc1cc2OCOc2cc1,508.25,True,ZMQAAUBTXCXRIC-UHFFFAOYSA-N,162.188,162.06807956,2.1437999999999997,18.46,0,2,2,2,1,1,1,0.2,12,2,62,0,0.2308003593074777,-0.45359549151171524
1723,COC(C1CCC(CC1)C(OC)=O)=O,538.25,True,LNGAGQAGYITKCW-UHFFFAOYSA-N,200.23399999999998,200.104858992,1.1387999999999998,52.6,0,4,2,1,0,1,0,0.8,14,4,80,0,0.30814992867128915,-0.4687919047111737
1724,CCCC(O)C(CO)CC,517.45,True,RWLALWYNXFYRGW-UHFFFAOYSA-N,146.22999999999996,146.130679816,1.1659,40.46,2,2,5,0,0,0,0,1.0,10,2,62,0,0.058963735419807,-0.3959861267142406
1725,COCCC(C)(C)S,433.25,True,XVHGKKGBUDMTIQ-UHFFFAOYSA-N,134.244,134.076536068,1.7313,9.23,1,2,3,0,0,0,0,1.0,8,2,50,0,0.04747158895346017,-0.3846370507883136
1726,C(C=Cc1cc2)c1cc2,454.85,True,YBYIRNPNPLQARY-UHFFFAOYSA-N,116.16299999999995,116.062600256,2.2559000000000005,0.0,0,0,0,2,1,1,0,0.1111111111111111,9,0,44,0,-0.008817489576501351,-0.07950735533918725
1727,c1cc2nn[nH]c2cc1,477.25,True,QRUDEWIWKLJBPS-UHFFFAOYSA-N,119.12699999999997,119.04834715999999,0.9578999999999998,41.57,1,2,0,2,2,0,1,0.0,9,3,44,0,0.11241887425916806,-0.2575461374808697
1728,c(ccc1sc2)cc1n2,501.25,True,IOJUPLGTWVMSFF-UHFFFAOYSA-N,135.19099999999997,135.01427016,2.2963000000000005,12.89,0,2,0,2,2,0,1,0.0,9,2,44,0,0.08115063585188383,-0.24466569355957457
1729,Nc1ccccc1C,473.55,True,RNVCVTLRINQCPJ-UHFFFAOYSA-N,107.15599999999999,107.073499288,1.57722,26.02,1,1,0,1,1,0,0,0.14285714285714285,8,1,42,0,0.0343208796951809,-0.39851409803684273
1730,Oc1ccccc1N,426.25,True,CDAWCLOXVUBKRW-UHFFFAOYSA-N,109.128,109.052763844,0.9743999999999999,46.25,2,2,0,1,1,0,0,0.0,8,2,42,0,0.13795820172316436,-0.5057961642180998
1731,Oc1ccccc1Br,467.75,True,VADKRMSMGWJZCF-UHFFFAOYSA-N,173.009,171.95237688,2.1547,20.23,1,1,0,1,1,0,0,0.0,8,2,42,0,0.12925263766093426,-0.5067761627141213
1732,ClC1OCCOC1Cl,355.25,True,ZOZUXFQYIYUIND-UHFFFAOYSA-N,156.99599999999998,155.974484792,1.163,18.46,0,2,0,1,0,1,1,1.0,8,4,48,0,0.17060077944281501,-0.35598004667941446
1733,Nc(ccc1C)cc1C,501.25,True,DOLQYFPDPKPQSS-UHFFFAOYSA-N,121.18299999999999,121.08914935199999,1.88564,26.02,1,1,0,1,1,0,0,0.25,9,1,48,0,0.03163371853446429,-0.39872059201542565
1734,Oc(ccc1C)cc1C,498.25,True,YCOXTKKNXUZSKD-UHFFFAOYSA-N,122.16699999999999,122.07316494,2.0090399999999997,20.23,1,1,0,1,1,0,0,0.25,9,1,48,0,0.11535936649447885,-0.5079562241267914
1735,Cc(ccc1N)cc1C,487.25,True,CZZZABOKJQXEBO-UHFFFAOYSA-N,121.183,121.08914935199999,1.88564,26.02,1,1,0,1,1,0,0,0.25,9,1,48,0,0.034340571016716365,-0.39851383231669646
1736,Clc(ccc1N)cc1C,514.25,True,CXNVOWPRHWWCQR-UHFFFAOYSA-N,141.601,141.034526936,2.23062,26.02,1,1,0,1,1,0,0,0.14285714285714285,9,2,48,0,0.04096371162831068,-0.3985127116120392
1737,Nc(ccc1N)cc1C,546.75,True,OBCSAIDCZQSFQH-UHFFFAOYSA-N,122.171,122.08439831999999,1.1594200000000001,52.04,2,2,0,1,1,0,0,0.14285714285714285,9,2,48,0,0.034472990722091916,-0.3987188093256135
1738,Clc(ccc1C)cc1Cl,474.25,True,FUNUTBJJKQIVSY-UHFFFAOYSA-N,161.03099999999998,159.984655552,3.301820000000001,0.0,0,0,0,1,1,0,0,0.14285714285714285,9,2,48,0,0.04494848003900971,-0.08428856030006288
1739,Nc(ccc1C)cc1Cl,516.25,True,RQKFYFNZSHWXAW-UHFFFAOYSA-N,141.601,141.034526936,2.23062,26.02,1,1,0,1,1,0,0,0.14285714285714285,9,2,48,0,0.04551402833240209,-0.39868603185841733
1740,Nc(ccc1Cl)cc1Cl,545.25,True,SDYWXFYBZPNOFX-UHFFFAOYSA-N,162.019,160.97990452,2.5756000000000006,26.02,1,1,0,1,1,0,0,0.0,9,3,48,0,0.06122662950118546,-0.3986848928023869
1741,Oc(ccc1Cl)cc1Cl,526.25,True,WDNBURPWRNALGP-UHFFFAOYSA-N,163.003,161.963920108,2.699,20.23,1,1,0,1,1,0,0,0.0,9,3,48,0,0.11666881803557862,-0.5079095447599914
1742,Cc(ccc1C)cc1N,487.25,True,VOWZNBNDMFLQGM-UHFFFAOYSA-N,121.183,121.08914935199999,1.88564,26.02,1,1,0,1,1,0,0,0.25,9,1,48,0,0.03458729030395015,-0.3985061191350542
1743,Clc(ccc1C)cc1N,510.25,True,WRZOMWDJOLIVQP-UHFFFAOYSA-N,141.60099999999997,141.034526936,2.23062,26.02,1,1,0,1,1,0,0,0.14285714285714285,9,2,48,0,0.04261549915927788,-0.3984715328215205
1744,Nc(ccc1C)cc1N,565.25,True,VOZKAJLKRJDJLL-UHFFFAOYSA-N,122.171,122.08439831999999,1.1594200000000001,52.04,2,2,0,1,1,0,0,0.14285714285714285,9,2,48,0,0.036387420536472,-0.39866697848540367
1745,Clc(ccc1Cl)cc1N,524.25,True,AVYGCQXNNJPXSS-UHFFFAOYSA-N,162.019,160.97990452,2.5756000000000006,26.02,1,1,0,1,1,0,0,0.0,9,3,48,0,0.06359778646063989,-0.397480210300114
1746,Cc(ccc1C)cc1O,484.75,True,NKTOLZVEWDHZMU-UHFFFAOYSA-N,122.16699999999999,122.07316494,2.00904,20.23,1,1,0,1,1,0,0,0.25,9,1,48,0,0.1182444355027599,-0.5076768525776328
1747,CCOC(=O)C(OCC)=O,458.95,True,WYACBZDAHNBPPB-UHFFFAOYSA-N,146.14199999999997,146.0579088,0.11260000000000003,52.6,0,4,2,0,0,0,0,0.6666666666666666,10,4,58,0,0.4169612440040684,-0.4575721095461552
1748,Clc1cc(Cl)c(Cl)cc1Cl,517.75,True,JHBKHLUZVFWLAG-UHFFFAOYSA-N,215.894,213.891060784,4.3002,0.0,0,0,0,1,1,0,0,0.0,10,4,54,0,0.06076945388496294,-0.08265547959686942
1749,Oc1cc(Cl)c(Cl)cc1Cl,535.25,True,LHJGJYXLEPZJPM-UHFFFAOYSA-N,197.448,195.924947756,3.3524000000000003,20.23,1,1,0,1,1,0,0,0.0,10,4,54,0,0.13526196657892553,-0.5063378547624448
1750,CCCCC(=O)C(C)=O,337.25,True,FJPGAMCQJNLTJC-UHFFFAOYSA-N,128.171,128.083729624,1.3347,34.14,0,2,4,0,0,0,0,0.7142857142857143,9,2,52,0,0.19758127860324606,-0.2912219254007634
1751,C=CCOC(=O)C(C)=C,423.25,True,FBCQUCJYYPMKRO-UHFFFAOYSA-N,126.15499999999999,126.06807956,1.2917,26.3,0,2,3,0,0,0,0,0.2857142857142857,9,2,50,0,0.33291963293662447,-0.4581329933776209
1752,C1OC1c1ccccc1,467.35,True,AWMVMTVKBNGEAK-UHFFFAOYSA-N,120.15099999999995,120.057514876,1.7579,12.53,0,1,1,2,1,1,1,0.25,9,1,46,0,0.10595724459041302,-0.3680470254929766
1753,CC[Al](Cl)CC,481.25,True,YNLAOSYQHBDIKW-UHFFFAOYSA-M,120.559,120.02864163,2.2565,0.0,0,0,2,0,0,0,0,1.0,6,2,36,0,0.39850946523331293,-0.2610779685213089
1754,CCC(C)C=O,366.25,True,BYGQBDHUGHBGMD-UHFFFAOYSA-N,86.13399999999999,86.07316494,1.2314,17.07,0,1,2,0,0,0,0,0.8,6,1,36,0,0.12228138819219676,-0.3031007788735372
1755,ClCC(Cl)=CCl,415.25,True,HIILBTHBHCLUER-UHFFFAOYSA-N,145.416,143.930033136,2.544200000000001,0.0,0,0,1,0,0,0,0,0.3333333333333333,6,3,36,0,0.059024022354142384,-0.12053556809282176
1756,CCC(CC)=O,374.95,True,FDPIMTJIUBPUKL-UHFFFAOYSA-N,86.13399999999999,86.07316494,1.3755,17.07,0,1,2,0,0,0,0,0.8,6,1,36,0,0.13186152172966464,-0.2997406513908195
1757,ClCC(O)CCl,447.55,True,DEWLEGDTCGBNGU-UHFFFAOYSA-N,128.986,127.979570172,0.8249,20.23,1,1,2,0,0,0,0,1.0,6,3,38,0,0.08100977250193761,-0.39064331282727577
1758,OCC(O)CCl,486.25,True,SSZWWUDQMAHNAQ-UHFFFAOYSA-N,110.54000000000002,110.013457144,-0.4216,40.46,2,2,2,0,0,0,0,1.0,6,3,38,0,0.09053619153030341,-0.3936413458759476
1759,OCC(O)CS,391.25,True,PJUIMOJAAPLTRJ-UHFFFAOYSA-N,108.16200000000002,108.024500496,-0.7305999999999999,40.46,3,3,2,0,0,0,0,1.0,6,3,38,0,0.08580506928468279,-0.3936555650614657
1760,CCC(C)=NO,425.75,True,WHIVNJATOVLWBW-UHFFFAOYSA-N,87.12199999999999,87.068413908,1.2465,32.59,1,2,1,0,0,0,0,0.75,6,2,36,0,0.05368003022376739,-0.41091380446634346
1761,CNC(=O)NC,543.25,True,MGJKQDOBUOMPEZ-UHFFFAOYSA-N,88.11,88.063662876,-0.4548000000000001,41.13,2,1,0,0,0,0,0,0.6666666666666666,6,3,36,0,0.3137681860809529,-0.34124570832758877
1762,COC(CBr)=O,414.25,True,YDCHPLOFQATIDS-UHFFFAOYSA-N,152.975,151.9472915,0.5543,26.3,0,2,1,0,0,0,0,0.6666666666666666,6,3,36,0,0.3157793690929571,-0.4683822634799806
1763,COC(CCl)=O,403.25,True,QABLOFMHHSOFRJ-UHFFFAOYSA-N,108.524,107.99780708,0.39819999999999994,26.3,0,2,1,0,0,0,0,0.6666666666666666,6,3,36,0,0.3200973263289567,-0.4681209560796875
1764,CC(C)(C)c(ccc1O)cc1C(C)(C)C,536.75,True,ICKWICRCANNIBI-UHFFFAOYSA-N,206.32899999999995,206.167065324,3.987200000000003,20.23,1,1,0,1,1,0,0,0.5714285714285714,15,1,84,0,0.11881889831958155,-0.5076537926393321
1765,Clc1ccc(cc1N(=O)=O)N(=O)=O,588.25,True,VYZAHLCBVHPDDF-UHFFFAOYSA-N,202.55299999999997,201.978134256,2.1564000000000005,86.28,0,4,2,1,1,0,0,0.0,13,7,68,0,0.2942478961038835,-0.25830596631355957
1766,CCOP(OCC)(Oc1ccc(Cl)cc1Cl)=S,442.25,True,WGOWCPGHOCIHBW-UHFFFAOYSA-N,315.158,313.97000726600004,4.669700000000002,27.69,0,4,6,1,1,0,0,0.4,17,7,96,0,0.38009585232980386,-0.4225250650919365
1767,CCOC(C(C)C)=O,386.25,True,WDAXFOBOLVPGLV-UHFFFAOYSA-N,116.15999999999998,116.083729624,1.2055,26.3,0,2,2,0,0,0,0,0.8333333333333334,8,2,48,0,0.30785106891033664,-0.465780805159007
1768,CCOC(=O)C(C)=C,390.25,True,SUPCQIBBMFXVTL-UHFFFAOYSA-N,114.14399999999999,114.06807956,1.1256000000000002,26.3,0,2,2,0,0,0,0,0.5,8,2,46,0,0.3325927183895292,-0.46264858702008466
1769,CCOC(C(O)C)=O,427.25,True,LZCLXQDLBQLTDK-UHFFFAOYSA-N,118.13199999999998,118.06299418,-0.06970000000000004,46.53,1,3,2,0,0,0,0,0.8,8,3,48,0,0.33414768930295624,-0.464078219287178
1770,OC(=O)CC(=C)C(O)=O,541.25,True,LVHBHZANLOWSRM-UHFFFAOYSA-N,130.099,130.026608672,0.10190000000000005,74.6,2,2,3,0,0,0,0,0.2,9,4,50,0,0.33104999328821094,-0.4809831571808089
1771,OC(CC(O)=O)C(O)=O,498.25,True,BJEPYKJPYRNKOW-UHFFFAOYSA-N,134.08699999999996,134.021523292,-1.0934000000000001,94.83000000000001,3,3,3,0,0,0,0,0.5,9,5,52,0,0.33263479541275126,-0.48114714652829127
1772,CC(C)C(OC(C(C)C)=O)=O,454.75,True,LSACYLWPPQLVSM-UHFFFAOYSA-N,158.19699999999997,158.094294308,1.3681999999999999,43.370000000000005,0,3,2,0,0,0,0,0.75,11,3,64,0,0.3155182135501634,-0.39276162724339664
1773,CC(C)COC(C(C)C)=O,421.85,True,RXGUIWHIADMCFC-UHFFFAOYSA-N,144.21399999999997,144.115029752,1.8416000000000001,26.3,0,2,3,0,0,0,0,0.875,10,2,60,0,0.30787097579871536,-0.4652133415325127
1774,CC(C)COC(=O)C(C)=C,428.25,True,RUMACXVDVNRZJZ-UHFFFAOYSA-N,142.19799999999995,142.099379688,1.7617,26.3,0,2,3,0,0,0,0,0.625,10,2,58,0,0.3326126336379052,-0.4620811072518887
1775,CCCCOC(C(C)C)=O,431.25,True,JSLCOZYBKYHZNL-UHFFFAOYSA-N,144.21399999999997,144.115029752,1.9857,26.3,0,2,4,0,0,0,0,0.875,10,2,60,0,0.3078611571334433,-0.465486789009635
1776,CCCCOC(=O)C(C)=C,433.25,True,SOGAXMICEFXMKE-UHFFFAOYSA-N,142.19799999999995,142.099379688,1.9058,26.3,0,2,4,0,0,0,0,0.625,10,2,58,0,0.3326028108418095,-0.4623545619125935
1777,CC[Al](CC)CC,467.25,True,VOITXYVAKOUIBA-UHFFFAOYSA-N,114.16799999999999,114.09891411000001,2.5409000000000006,0.0,0,0,3,0,0,0,0,1.0,7,1,42,0,0.2605057258927617,-0.0967219740241396
1778,CCB(CC)CC,368.25,True,LALRXNPLTWZJIJ-UHFFFAOYSA-N,97.99799999999999,98.12668088000001,2.5409000000000006,0.0,0,0,3,0,0,0,0,1.0,7,1,42,0,0.13855041269244175,-0.07702034901445667
1779,OCC(CC)CC,419.52,True,TZYRSLHNPKPEFV-UHFFFAOYSA-N,102.177,102.104465068,1.4149,20.23,1,1,3,0,0,0,0,1.0,7,1,44,0,0.04585607462077599,-0.3960885353755221
1780,CCC(CC)C=O,390.25,True,UNNGUFMVYQJGTD-UHFFFAOYSA-N,100.16099999999999,100.088815004,1.6215,17.07,0,1,3,0,0,0,0,0.8333333333333334,7,1,42,0,0.1225469922786831,-0.3030895825634756
1781,OCc1occc1,444.25,True,XPFVYQJUAUNWIW-UHFFFAOYSA-N,98.10099999999998,98.036779432,0.7719,33.370000000000005,1,2,1,1,1,0,1,0.2,7,2,38,0,0.12864401421936308,-0.46690881342439633
1782,O=Cc1occc1,434.95,True,HYBBIBNJHNGZAN-UHFFFAOYSA-N,96.08499999999998,96.021129368,1.0921,30.21,0,2,1,1,1,0,1,0.0,7,2,36,0,0.18480086649586971,-0.4615648134016627
1783,O=Cc1sccc1,350.25,True,CNUDBTRUORMMPA-UHFFFAOYSA-N,112.15299999999998,111.998285748,1.5606,17.07,0,2,1,1,1,0,1,0.0,7,2,36,0,0.15949271445703198,-0.29699121327503436
1784,FC(F)(F)c(ccc1)cc1N,460.75,True,VIUDTWATMPPKEL-UHFFFAOYSA-N,161.12599999999998,161.045233852,2.2876,26.02,1,1,0,1,1,0,0,0.14285714285714285,11,4,60,0,0.4159851856970229,-0.39871627655400466
1785,FC(F)(F)c1cc(ccc1)N(=O)=O,476.25,True,WHNAMGUAXHGCHH-UHFFFAOYSA-N,191.108,191.019413028,2.613600000000001,43.14,0,2,1,1,1,0,0,0.14285714285714285,13,6,70,0,0.4161603094138804,-0.2583094562918329
1786,CC(C)(C)c(cc1)ccc1C,466.25,True,QCWXDVFBZVHKLV-UHFFFAOYSA-N,148.24899999999997,148.125200512,3.2925200000000023,0.0,0,0,0,1,1,0,0,0.45454545454545453,11,0,60,0,-0.013185088635292297,-0.05903159393535443
1787,CC(C)(C)c(cc1)ccc1O,512.25,True,QHPQWRBYOIRBIT-UHFFFAOYSA-N,150.22099999999998,150.104465068,2.6897000000000015,20.23,1,1,0,1,1,0,0,0.4,11,1,60,0,0.11509554258901344,-0.5079666394035982
1788,OC(C)(C)C1CC=C(C)CC1,494.25,True,WUOACPNHFRMFPN-UHFFFAOYSA-N,154.25299999999996,154.135765196,2.503700000000001,20.23,1,1,1,1,0,1,0,0.8,11,1,64,0,0.062237883688637315,-0.39017057506874137
1789,FC(F)(F)c(cc1)ccc1Cl,412.55,True,QULYNCCPRWKEMF-UHFFFAOYSA-N,180.55599999999998,179.995362468,3.3588000000000005,0.0,0,0,0,1,1,0,0,0.14285714285714285,11,4,60,0,0.41591123272335817,-0.1661375336137137
1790,NC(C)c1ccccc1,461.75,True,RQEUFEKYXDPUSK-UHFFFAOYSA-N,121.18299999999995,121.08914935199999,1.7063000000000001,26.02,1,1,1,1,1,0,0,0.25,9,1,48,0,0.026557073751662042,-0.32417089052832887
1791,ClC(=O)c1ccccc1,474.25,True,PASDCCFISLVPSO-UHFFFAOYSA-N,140.569,140.00289246,2.0656,17.07,0,1,1,1,1,0,0,0.0,9,2,46,0,0.25188518908408497,-0.27561502221289413
1792,OC(C1CCCCC1)=O,506.25,True,NZNMSOFKMUBTKW-UHFFFAOYSA-N,128.17100000000002,128.083729624,1.6513,37.3,1,1,1,1,0,1,0,0.8571428571428571,9,2,52,0,0.3059871426954671,-0.4810264618631636
1793,O=C(c1cccnc1)N,430.25,True,DFPAKSUCGFBDDF-UHFFFAOYSA-N,122.127,122.048012812,0.1805,55.980000000000004,1,2,1,1,1,0,1,0.0,9,3,46,0,0.2497619496515242,-0.36555064039965735
1794,Cc1cc(ccc1)N(=O)=O,505.25,True,QZYHIOPPLUPUJF-UHFFFAOYSA-N,137.13799999999998,137.047678464,1.90322,43.14,0,2,1,1,1,0,0,0.14285714285714285,10,3,52,0,0.26918728708782313,-0.25830949470105513
1795,Nc1cc(ccc1)N(=O)=O,579.25,True,XJCVRTZCHMZPBD-UHFFFAOYSA-N,138.12599999999998,138.042927432,1.177,69.16,1,3,1,1,1,0,0,0.0,10,4,52,0,0.27098245050641295,-0.3985247880942554
1796,O=N(=O)c1cc(cc(c1)N(=O)=O)N(=O)=O,588.25,True,UATJOMSPNYCXIX-UHFFFAOYSA-N,213.10499999999996,213.002184816,1.4112,129.42000000000002,0,6,3,1,1,0,0,0.0,15,9,78,0,0.2826808898962567,-0.2583023144045145
1797,OC1CC(CC=C1C)C(C)=C,500.25,True,BAVONGHXFVOKBV-UHFFFAOYSA-N,152.23699999999997,152.120115132,2.2797,20.23,1,1,1,1,0,1,0,0.6,11,1,62,0,0.07527889026318177,-0.38875388921011106
1798,CC(=C)C(CC=C1C)CC1=O,504.25,True,ULDHMXUKGWMISQ-UHFFFAOYSA-N,150.221,150.104465068,2.4879000000000007,17.07,0,1,1,1,0,1,0,0.5,11,1,60,0,0.15836923542949272,-0.2945568590881993
1799,Cc1ccc(cc1C)N(=O)=O,527.25,True,HFZKOYWDLDYELC-UHFFFAOYSA-N,151.165,151.063328528,2.21164,43.14,0,2,1,1,1,0,0,0.25,11,3,58,0,0.26920716043895154,-0.25830949246734247
1800,Clc1ccc(cc1Cl)N(=O)=O,529.25,True,NTBYINQTYWZXLH-UHFFFAOYSA-N,192.00099999999998,190.954083696,2.901600000000001,43.14,0,2,1,1,1,0,0,0.0,11,5,58,0,0.2705217811246272,-0.258308876852088
1801,CC(C)c1cc(C(C)C)ccc1,476.45,True,UNEATYXSUBPPKP-UHFFFAOYSA-N,162.27599999999998,162.140850576,3.9334000000000024,0.0,0,0,2,1,1,0,0,0.5,12,0,66,0,-0.02187211213655896,-0.06169969746112259
1802,ClC(=O)c1cc(C(Cl)=O)ccc1,549.25,True,FDQSRULYDNDXQB-UHFFFAOYSA-N,203.024,201.958834728,2.4446000000000003,34.14,0,2,2,1,1,0,0,0.0,12,4,62,0,0.2519099133388156,-0.2756145984999215
1803,O=N(=O)c1cc(ccc1)N(=O)=O,576.05,True,WDCYWAQPCXBPJA-UHFFFAOYSA-N,168.10799999999995,168.017106608,1.503,86.28,0,4,2,1,1,0,0,0.0,12,6,62,0,0.27580108571268735,-0.258305978673261
1804,CCCC(CCC)C(O)=O,492.75,True,NIJJYAXOARWZEE-UHFFFAOYSA-N,144.214,144.115029752,2.2874,37.3,1,1,5,0,0,0,0,0.875,10,2,60,0,0.3059867788595576,-0.4810264638850934
1805,CC(C=O)c(cc1)ccc1C,497.25,True,JTZWVKUZBNHSSW-UHFFFAOYSA-N,148.20499999999996,148.088815004,2.2974200000000007,17.07,0,1,2,1,1,0,0,0.3,11,1,58,0,0.12666594918211613,-0.3027240236051635
1806,COC(=O)c(cc1)ccc1C,495.75,True,QSSJZLPUHJDYKF-UHFFFAOYSA-N,150.17699999999996,150.06807956,1.78162,26.3,0,2,1,1,1,0,0,0.2222222222222222,11,2,58,0,0.3373417638630558,-0.4654175213296152
1807,COC(=O)c(cc1)ccc1O,543.75,True,LXCFILQKKLGQFO-UHFFFAOYSA-N,152.14899999999997,152.047344116,1.1787999999999998,46.53,1,3,1,1,1,0,0,0.125,11,3,58,0,0.33734605193325357,-0.5079661787854562
1808,CC1CCC(C(C)C)CC1,444.15,True,CFJYNSNXFXLKNS-UHFFFAOYSA-N,140.26999999999998,140.15650064,3.468700000000003,0.0,0,0,1,1,0,1,0,1.0,10,0,60,0,-0.039090626171309276,-0.06250937088481517
1809,CC(C)C(CC=C1C)=CC1,456.25,True,YKFLAYDHMOASIY-UHFFFAOYSA-N,136.23799999999997,136.125200512,3.308900000000002,0.0,0,0,1,1,0,1,0,0.6,10,0,56,0,-0.013345427061797126,-0.08122260922191826
1810,CC(C)C(CC1)=CC=C1C,448.25,True,YHQGMYUVUMAZJR-UHFFFAOYSA-N,136.23799999999997,136.125200512,3.308900000000002,0.0,0,0,1,1,0,1,0,0.6,10,0,56,0,-0.025687994602429993,-0.07300932613049105
1811,CC(C)c(cc1)ccc1C,450.35,True,HFPZCAJZSCWRBC-UHFFFAOYSA-N,134.22199999999995,134.109550448,3.118420000000002,0.0,0,0,1,1,1,0,0,0.4,10,0,54,0,-0.021882053067443556,-0.0590419921968874
1812,CC(C)c(cc1)ccc1O,496.25,True,YQUQWHNMBPIWGK-UHFFFAOYSA-N,136.19399999999996,136.088815004,2.5156000000000014,20.23,1,1,1,1,1,0,0,0.3333333333333333,10,1,54,0,0.11509518856243159,-0.5079666423460185
1813,CC(=O)c(cc1)ccc1Cl,510.25,True,BUZYGTVTZYSBCU-UHFFFAOYSA-N,154.59599999999995,154.018542524,2.542600000000001,17.07,0,1,1,1,1,0,0,0.125,10,2,52,0,0.15930022761846468,-0.29451219272984314
1814,CC(=O)c(cc1)ccc1N,567.25,True,GPRYKVSEZCQIHD-UHFFFAOYSA-N,135.16599999999994,135.068413908,1.4714,43.09,1,2,1,1,1,0,0,0.125,10,2,52,0,0.1593010551221788,-0.3987282346680418
1815,OC(=O)c(cc1)ccc1O,608.25,True,FJKROLUGYXJWQN-UHFFFAOYSA-N,138.12199999999999,138.031694052,1.0903999999999998,57.53,2,2,1,1,1,0,0,0.0,10,3,52,0,0.33518285963636446,-0.507966178790397
1816,CN(C)c(cc1)ccc1C,484.25,True,GYVGXEWAOAAJEU-UHFFFAOYSA-N,135.20999999999995,135.104799416,2.06102,3.24,0,1,1,1,1,0,0,0.3333333333333333,10,1,54,0,0.03606838172619256,-0.37766121366641847
1817,CN(C)c(cc1)ccc1N,536.25,True,BZORFPDSXLZWJF-UHFFFAOYSA-N,136.19799999999995,136.100048384,1.3348,29.259999999999998,1,2,1,1,1,0,0,0.25,10,2,54,0,0.03620056343744649,-0.39872678370079045
1818,Cc1ccc(cc1)N(=O)=O,511.55,True,ZPTVNYMJQHSSEA-UHFFFAOYSA-N,137.138,137.047678464,1.90322,43.14,0,2,1,1,1,0,0,0.14285714285714285,10,3,52,0,0.26894145561733507,-0.25830963621589803
1819,COC(C)(C)CC,359.55,True,HVZJRWJGKQPSFL-UHFFFAOYSA-N,102.17699999999999,102.104465068,1.8214000000000001,9.23,0,1,2,0,0,0,0,1.0,7,1,44,0,0.061968291889242744,-0.3788268169818775
1820,OC(C)COC(=O)C=C,343.25,True,GWZMWHWAWHPNHN-UHFFFAOYSA-N,130.14299999999997,130.06299418,0.09640000000000004,46.53,1,3,3,0,0,0,0,0.5,9,3,52,0,0.3297328055868454,-0.4598038448400812
1821,CCC=C,279.72,True,VXNZUUAINFGPBY-UHFFFAOYSA-N,56.108,56.062600255999996,1.5824,0.0,0,0,1,0,0,0,0,0.5,4,0,24,0,-0.038200393605486604,-0.10309322712116141
1822,OCC(C)CC,401.25,True,QPRQEDXDYOZYLA-UHFFFAOYSA-N,88.15,88.088815004,1.0248,20.23,1,1,2,0,0,0,0,1.0,6,1,38,0,0.04560232938954998,-0.39609919499473895
1823,CCc(cc1)oc1C,392.25,True,NBXLPPVOZWYADY-UHFFFAOYSA-N,110.15599999999998,110.07316494,2.1504200000000004,13.14,0,1,1,1,1,0,1,0.42857142857142855,8,1,44,0,0.10338829018828258,-0.46640669576318416
1824,OC(C)COCC(O)C,506.05,True,AZUXKVXMJOIAOF-UHFFFAOYSA-N,134.17499999999998,134.094294308,-0.23540000000000028,49.69,2,3,4,0,0,0,0,1.0,9,3,56,0,0.07451510414485017,-0.391019003283983
1825,CC(S)C(C)S,360.25,True,TWWSEEHCVDRRRI-UHFFFAOYSA-N,122.258,122.02239232,1.6229999999999998,0.0,2,2,1,0,0,0,0,1.0,6,2,38,0,0.010230863372481105,-0.17508220086849788
1826,CCOP(OCC)(Oc1ccc(cc1)N(=O)=O)=S,648.25,True,LCCNCVORNKJIRZ-UHFFFAOYSA-N,291.26500000000004,291.033030178,3.2711000000000023,70.83000000000001,0,6,7,1,1,0,0,0.4,18,8,100,0,0.38004453738945143,-0.4241207295876463
1827,Cc(ccc1Cl)cc1O,469.25,True,SMFHPCZZAAMJJO-UHFFFAOYSA-N,142.585,142.018542524,2.3540200000000007,20.23,1,1,0,1,1,0,0,0.14285714285714285,9,2,48,0,0.1339313462212043,-0.50638515546007
1828,CCC(C)C(SC1C)N=C1C,344.25,True,FLBOQJFNAYJWIA-UHFFFAOYSA-N,171.30899999999997,171.108170544,2.9548000000000014,12.36,0,2,2,1,0,1,1,0.8888888888888888,11,2,64,0,0.09822291005355797,-0.2788390329583463
1829,CCC(C)C(N)C(O)=O,499.25,True,AGPKZVBTJJNPAG-UHFFFAOYSA-N,131.17499999999998,131.094628656,0.44439999999999996,63.32,2,2,3,0,0,0,0,0.8333333333333334,9,3,54,0,0.3202466808084985,-0.480078739285162
1830,OC(C)CCC1=C(C)C=CCC1(C)C,353.25,True,WPGXAVCJKGSOBD-UHFFFAOYSA-N,194.31799999999998,194.167065324,3.450000000000002,20.23,1,1,3,1,0,1,0,0.6923076923076923,14,1,80,0,0.051472610794881545,-0.39340731049466476
1831,CCc(cnc1C(=NC2(C)C(C)C)NC2=O)cc1C(O)=O,453.25,True,XVOKUMIPKHGGTN-UHFFFAOYSA-N,289.33500000000004,289.142641468,1.6333000000000002,91.65,2,4,4,2,1,1,2,0.4666666666666667,21,6,112,0,0.33754915100907823,-0.4775805311582598
1832,CC(C)C1CCC(C)=CC1=O,508.25,True,YSTPAHQEHQSRJD-UHFFFAOYSA-N,152.237,152.120115132,2.567800000000001,17.07,0,1,1,1,0,1,0,0.7,11,1,62,0,0.1584686723515102,-0.2945389064251518
1833,CC(CC1)OC21C(C)=CCCC2(C)C,345.25,True,GYUZHTWCNKINPY-UHFFFAOYSA-N,194.31799999999996,194.167065324,3.690400000000003,9.23,0,1,0,2,0,2,1,0.8461538461538461,14,1,80,0,0.09435965028697044,-0.36714715799761627
1834,CC(C)OP(F)(C)=O,420.25,True,DYAHQFWOVKZOOW-UHFFFAOYSA-N,140.094,140.04024440999999,2.2038,26.3,0,2,2,0,0,0,0,1.0,8,4,50,0,0.36437748162998096,-0.30296738654196037
1835,C(CO)O,470.65,True,LYCAIKOWRPUZTN-UHFFFAOYSA-N,62.068000000000005,62.036779432,-1.029,40.46,2,2,1,0,0,0,0,1.0,4,2,26,0,0.06622663964681728,-0.3939905415754596
1836,CC(C(C)O)O,455.15,True,OWBTYPJTUOEWEK-UHFFFAOYSA-N,90.12199999999999,90.06807956,-0.252,40.46,2,2,1,0,0,0,0,1.0,6,2,38,0,0.07678369378081898,-0.39073832390870694
1837,C(C(CO)O)O,562.15,True,PEDCQBHIVMGVHV-UHFFFAOYSA-N,92.09399999999998,92.047344116,-1.6681000000000001,60.69,3,3,2,0,0,0,0,1.0,6,3,38,0,0.10004702601723478,-0.3935933161206694
1838,CC(CO)O,460.45,True,DNIAPMSPPWPWGF-UHFFFAOYSA-N,76.095,76.052429496,-0.6405,40.46,2,2,1,0,0,0,0,1.0,5,2,32,0,0.07423864406366021,-0.3937000421977661
1839,CCCCN(CCCC)CCCN,478.2,True,KYCGURZGBKFEQB-UHFFFAOYSA-N,186.34299999999993,186.20959883199998,2.2374,29.259999999999998,1,2,9,0,0,0,0,1.0,13,2,80,0,-0.0006718772401562659,-0.33042458627812876
1840,CCCCCCCCNCCCCCCCC,580.85,True,LAWOZCWGWDVVSG-UHFFFAOYSA-N,241.4629999999999,241.27695011999998,5.297000000000005,12.03,1,1,14,0,0,0,0,1.0,17,1,104,0,-0.004891956110594225,-0.31673259438407336
1841,C(CN)N,390.05,True,PIICEJLVQHRZGT-UHFFFAOYSA-N,60.09999999999999,60.06874825599999,-1.0961999999999998,52.04,2,2,1,0,0,0,0,1.0,4,2,26,0,0.004613277480336551,-0.3292161911466984
1842,CCCCCCCCCCCCCCCCCCOCC(CO)O,886.42,True,OGBUMNBNEWYMNJ-UHFFFAOYSA-N,344.58,344.32904526799996,5.617700000000006,49.69,2,3,20,0,0,0,0,1.0,24,3,146,0,0.10032083650018836,-0.3935931409598309
1843,C(CNCCNCCN)N,539.65,True,VILCJCGEZXAXTO-UHFFFAOYSA-N,146.238,146.15314657599998,-1.916999999999998,76.1,4,4,7,0,0,0,0,1.0,10,4,62,0,0.007722828964248951,-0.32920809023778697
1844,C([C@H]([C@H]([C@@H]([C@H](CO)O)O)O)O)O,704.0,True,FBPFZTCFMRRESA-JGWLITMVSA-N,182.172,182.079038168,-3.585399999999998,121.38000000000001,6,6,5,0,0,0,0,1.0,12,6,74,0,0.11057860653131252,-0.393579134968567
1845,CN(C)CN(C)C,356.65,True,VGIVLIHKENZQHQ-UHFFFAOYSA-N,102.18099999999998,102.11569844799999,0.06709999999999994,6.48,0,2,2,0,0,0,0,1.0,7,2,44,0,0.049473237955249605,-0.296636401715813
1846,C(CN)CNCCCN,493.15,True,OTBHHUPVCYLGQO-UHFFFAOYSA-N,131.22299999999998,131.14224754399999,-0.7263999999999986,64.07,3,3,6,0,0,0,0,1.0,9,3,56,0,-0.0036889417126951063,-0.33042474493065593
1847,C([C@H]([C@H]([C@@H]([C@@H](CO)O)O)O)O)O,888.2,True,FBPFZTCFMRRESA-KVTDHHQDSA-N,182.172,182.079038168,-3.585399999999998,121.38000000000001,6,6,5,0,0,0,0,1.0,12,6,74,0,0.11057860653131252,-0.393579134968567
1848,CC(C)(C(C)(C)O)O,447.15,True,IVDFJHOHABJVEH-UHFFFAOYSA-N,118.17599999999997,118.099379688,0.5282,40.46,2,2,1,0,0,0,0,1.0,8,2,50,0,0.0871552687249124,-0.38749459459108443
1849,CCC(C)(CC)O,402.15,True,FRDAATYAJDYRNW-UHFFFAOYSA-N,102.17699999999998,102.104465068,1.5574,20.23,1,1,2,0,0,0,0,1.0,7,1,44,0,0.06141295148533153,-0.3902053852586639
1850,CCC(C)(C#C)O,393.15,True,QXLPXWSKPNOQLE-UHFFFAOYSA-N,98.14499999999997,98.07316494,0.7806,20.23,1,1,1,0,0,0,0,0.6666666666666666,7,1,40,0,0.12172478089305994,-0.37793275253018743
1851,CCC(C)(CCCC(C)C)O,478.25,True,DLHQZZUEERVIGQ-UHFFFAOYSA-N,158.285,158.167065324,2.9737000000000022,20.23,1,1,5,0,0,0,0,1.0,11,1,68,0,0.06167552490165391,-0.39019451899729957
1852,CC(=CCCC(C)(C=C)O)C,470.15,True,CDOSHBSSFJOMGT-UHFFFAOYSA-N,154.25300000000001,154.135765196,2.6698000000000013,20.23,1,1,4,0,0,0,0,0.6,11,1,64,0,0.07995432750166309,-0.38609150256085306
1853,C([C@H](C([C@H](CO)O)O)O)O,653.15,True,HEBKCHPVOIAQTA-NGQZWQHPSA-N,152.146,152.068473484,-2.9462999999999995,101.15,5,5,4,0,0,0,0,1.0,10,5,62,0,0.11019804516401113,-0.39357913693569924
1854,CCCC(C(CC)CO)O,516.15,True,RWLALWYNXFYRGW-UHFFFAOYSA-N,146.23000000000002,146.130679816,1.1659,40.46,2,2,5,0,0,0,0,1.0,10,2,62,0,0.058963735419807,-0.3959861267142406
1855,CCC(C)CN,368.70133,True,VJROPLWGFCORRM-UHFFFAOYSA-N,87.16600000000001,87.10479941599999,0.9912000000000001,26.02,1,1,2,0,0,0,0,1.0,6,1,38,0,-0.005160434841090501,-0.3302080483406501
1856,CC(CCN(C)C)N(C)C,438.2,True,AXFVIWBTKYFOCY-UHFFFAOYSA-N,144.26199999999997,144.16264864,0.8881999999999999,6.48,0,2,4,0,0,0,0,1.0,10,2,62,0,0.007295899580530301,-0.3093403356818476
1857,B(CC)(CC)CC,368.15,True,LALRXNPLTWZJIJ-UHFFFAOYSA-N,97.99799999999999,98.12668088000001,2.5409000000000006,0.0,0,0,3,0,0,0,0,1.0,7,1,42,0,0.13855041269244175,-0.07702034901445667
1858,CCCCCCCCCCCCN(CCCCCCCCCCCC)CCCCCCCCCCCC,721.15,True,SWZDQOUHBYYPJD-UHFFFAOYSA-N,522.0030000000006,521.5899514,13.051099999999977,3.24,0,1,33,0,0,0,0,1.0,37,1,224,0,-0.0018737932889988352,-0.3033376133505116
1859,CCCCC(CC)CCC(C)O,498.15,True,WYXKGYXADPUOOM-UHFFFAOYSA-N,172.312,172.182715388,3.3638000000000026,20.23,1,1,7,0,0,0,0,1.0,12,1,74,0,0.05117687743866923,-0.39341908405454695
1860,CCCCC(CC)CN,445.15,True,LTHNHFOGQMKPOV-UHFFFAOYSA-N,129.24699999999999,129.151749608,2.1615,26.02,1,1,5,0,0,0,0,1.0,9,1,56,0,-0.0048966130328942994,-0.3301975692026241
1861,CCC(C)CC(C)N,405.65,True,YAHRDLICUYEDAU-UHFFFAOYSA-N,115.22,115.13609954399999,1.7698,26.02,1,1,3,0,0,0,0,1.0,8,1,50,0,0.0012966792387341095,-0.327977140353894
1862,CN(CCCN)CCCN,505.15,True,KMBPCQSCMCEPMU-UHFFFAOYSA-N,145.25,145.15789760799998,-0.3841999999999987,55.28,2,3,6,0,0,0,0,1.0,10,3,62,0,-0.0009759513781828428,-0.3304245879660514
1863,CCCCC(CC)CNCC(CC)CCCC,554.25,True,SAIKULLUBZKPDA-UHFFFAOYSA-N,241.46299999999994,241.27695011999998,5.008800000000004,12.03,1,1,12,0,0,0,0,1.0,17,1,104,0,-0.002050258966303678,-0.31618156841803924
1864,CC(C)CCCC(C)CCO,497.15,True,PRNCMAKCNVRZFX-UHFFFAOYSA-N,158.285,158.167065324,2.831200000000002,20.23,1,1,6,0,0,0,0,1.0,11,1,68,0,0.04330648410673891,-0.3963658949153262
1865,C[C@@H](CCC=C(C)C)CCO,497.15,True,QMVPMAAFGQKVCJ-JTQLQIEISA-N,156.26899999999998,156.15141526,2.751300000000001,20.23,1,1,5,0,0,0,0,0.8,11,1,66,0,0.04330667182593248,-0.39636589335372435
1866,CCC(CC(C)C)CO,449.65,True,QCHSJPKDWOFACC-UHFFFAOYSA-N,130.231,130.135765196,2.0510000000000006,20.23,1,1,4,0,0,0,0,1.0,9,1,56,0,0.04587614099584291,-0.39608816885136894
1867,C(CCO)CC(CO)O,443.15,True,ZWVMLYRJXORSEP-UHFFFAOYSA-N,134.175,134.094294308,-0.4977999999999999,60.69,3,3,5,0,0,0,0,1.0,9,3,56,0,0.07705017373463642,-0.3963765555233724
1868,CCC#C,281.25,True,KDKYADYSIPSCCQ-UHFFFAOYSA-N,54.09199999999999,54.046950192,1.0295999999999998,0.0,0,0,0,0,0,0,0,0.5,4,0,22,0,0.0057572864807760105,-0.120119860594399
1869,C#CCO,386.15,True,TVDSBUOJIPERQY-UHFFFAOYSA-N,56.064,56.026214748,-0.3881,20.23,1,1,0,0,0,0,0,0.3333333333333333,4,1,22,0,0.10346755159713841,-0.38366582997434834
1870,CC(=C)CC(C)(C)C,374.45,True,FXNDIJDIPNCZQJ-UHFFFAOYSA-N,112.216,112.12520051199999,2.9987000000000013,0.0,0,0,1,0,0,0,0,0.75,8,0,48,0,-0.027675510473789956,-0.1001206609624155
1871,CC(=CC(C)(C)C)C,378.05,True,LAAVYEUJEMRIGF-UHFFFAOYSA-N,112.216,112.12520051199999,2.9987000000000013,0.0,0,0,0,0,0,0,0,0.75,8,0,48,0,-0.020070233274124875,-0.08048751359867155
1872,CC(CC(C)(C)O)O,471.05,True,SVTBMSDMJJWYQN-UHFFFAOYSA-N,118.17599999999997,118.099379688,0.5282,40.46,2,2,2,0,0,0,0,1.0,8,2,50,0,0.06157732087321983,-0.3933060128156288
1873,CC(C)CCN,369.15,True,BMFVGAAISNGQNM-UHFFFAOYSA-N,87.16600000000001,87.10479941599999,0.9912000000000001,26.02,1,1,2,0,0,0,0,1.0,6,1,38,0,-0.007483687975454255,-0.3304633681086517
1874,CC(CCO)O,481.35,True,PUPZLCDOIYMWBV-UHFFFAOYSA-N,90.12199999999999,90.06807956,-0.25039999999999996,40.46,2,2,2,0,0,0,0,1.0,6,2,38,0,0.05334957508052504,-0.39627512172883306
1875,CC(COC)O,393.15,True,ARXJGSRGQADJSQ-UHFFFAOYSA-N,90.12199999999999,90.06807956,0.013600000000000001,29.46,1,2,2,0,0,0,0,1.0,6,2,38,0,0.07449767715783018,-0.39101929803651053
1876,CC(C)CC(C)C,353.55,True,BZHMBWZPUJHVEE-UHFFFAOYSA-N,100.20499999999998,100.12520051199999,2.6885000000000012,0.0,0,0,2,0,0,0,0,1.0,7,0,44,0,-0.04688931685947847,-0.06276378738606951
1877,CC(C)CC(C)N,381.95884,True,UNBMPKNTYKDYCG-UHFFFAOYSA-N,101.193,101.12044947999999,1.3797,26.02,1,1,2,0,0,0,0,1.0,7,1,44,0,0.0012867088849048765,-0.3279773180998119
1878,CC(C)CC(CC(C)C)O,466.15,True,HXQPUEQDBSPXTE-UHFFFAOYSA-N,144.25799999999998,144.15141526,2.439500000000001,20.23,1,1,4,0,0,0,0,1.0,10,1,62,0,0.054471810914011966,-0.39311030713280004
1879,CCC#CC(C)O,353.15,True,IFCAMPHNVKBSTF-UHFFFAOYSA-N,98.14499999999997,98.07316494,0.7806,20.23,1,1,0,0,0,0,0,0.6666666666666666,7,1,40,0,0.11147313330455019,-0.38067936778874467
1880,CN(C)CCCN,402.15,True,IUNMPGNGSSIWFP-UHFFFAOYSA-N,102.18100000000001,102.11569844799999,-0.10320000000000007,29.259999999999998,1,2,3,0,0,0,0,1.0,7,2,44,0,-0.0012816927080248077,-0.3304245896528265
1881,CCCC=C,303.15,True,YWAKXRMUMFPDSH-UHFFFAOYSA-N,70.135,70.07825032,1.9725,0.0,0,0,2,0,0,0,0,0.6,5,0,30,0,-0.0356039482616076,-0.10308315147465182
1882,CNCCN,388.65,True,KFIGICHILYTCJF-UHFFFAOYSA-N,74.127,74.08439831999999,-0.8354999999999999,38.05,2,2,2,0,0,0,0,1.0,5,2,32,0,0.007144858468170089,-0.3292083049797481
1883,CC(C)(CCC(C)(C)O)O,506.15,True,ZWNMRZQYWRLGMM-UHFFFAOYSA-N,146.23000000000002,146.130679816,1.3083999999999998,40.46,2,2,3,0,0,0,0,1.0,10,2,62,0,0.05923826582176622,-0.3904700586487783
1884,CN(C)CCN(C)C,394.15,True,KWYHDKDOAIKMQN-UHFFFAOYSA-N,116.208,116.13134851199999,0.10959999999999992,6.48,0,2,3,0,0,0,0,1.0,8,2,50,0,0.010302166647773276,-0.30812909223378815
1885,CCCCCN,377.85,True,DPBLXKKOBLCELK-UHFFFAOYSA-N,87.16600000000001,87.10479941599999,1.1353,26.02,1,1,3,0,0,0,0,1.0,6,1,38,0,-0.007727719795186594,-0.3304735053776849
1886,C(CCO)CO,502.65,True,WERYXYBDKMZEQL-UHFFFAOYSA-N,90.122,90.06807956,-0.24880000000000002,40.46,2,2,3,0,0,0,0,1.0,6,2,38,0,0.04313700838996922,-0.3963750384086942
1887,C(C=CCO)O,404.15,True,ORTVZLZNOYNASJ-UHFFFAOYSA-N,88.10599999999998,88.052429496,-0.4728,40.46,2,2,2,0,0,0,0,0.5,6,2,36,0,0.061274561501024574,-0.3923060469272983
1888,C(C#CCO)O,511.15,True,DLDJFQGPPSQZKI-UHFFFAOYSA-N,86.08999999999997,86.036779432,-1.0256,40.46,2,2,0,0,0,0,0,0.5,6,2,34,0,0.10382111676153871,-0.38365415946552334
1889,CCCCNC,364.15,True,QCOGKXLOEWLIDC-UHFFFAOYSA-N,87.16599999999998,87.10479941599999,1.0059,12.03,1,1,3,0,0,0,0,1.0,6,1,38,0,-0.005202449334928773,-0.3197523008814725
1890,CNCCNC,393.15,True,KVKFRMCSXWQSNT-UHFFFAOYSA-N,88.15399999999998,88.10004838399999,-0.5748,24.06,2,2,3,0,0,0,0,1.0,6,2,38,0,0.007356150845852929,-0.31848883620492113
1891,CN(C)CCCN(C)C,417.15,True,DMQSHEKGGUOYJS-UHFFFAOYSA-N,130.23499999999999,130.146998576,0.4996999999999998,6.48,0,2,4,0,0,0,0,1.0,9,2,56,0,-0.0012649905755755377,-0.30935103114206897
1892,CC(C)CNCC(C)C,412.75,True,NJBCRXCAPCODGX-UHFFFAOYSA-N,129.24699999999996,129.151749608,1.888,12.03,1,1,4,0,0,0,0,1.0,9,1,56,0,-0.002567865569794361,-0.31622310367143763
1893,CC(COCC(C)O)O,506.15,True,AZUXKVXMJOIAOF-UHFFFAOYSA-N,134.17499999999998,134.094294308,-0.23540000000000016,49.69,2,3,4,0,0,0,0,1.0,9,3,56,0,0.07451510414485017,-0.391019003283983
1894,CC(C)CCCC(C)CCCC(C)CCCCC(C)CCCC(C)CCCC(C)C,693.15,True,PRAKJMSDJKAYCZ-UHFFFAOYSA-N,422.8260000000003,422.485151984,11.08439999999999,0.0,0,0,21,0,0,0,0,1.0,30,0,182,0,-0.04427973211282568,-0.06277360921452241
1895,CN(C)CCCCCCN(C)C,482.65,True,TXXWBTOATXBWDR-UHFFFAOYSA-N,172.316,172.19394876799998,1.67,6.48,0,2,7,0,0,0,0,1.0,12,2,74,0,-0.002483636040548595,-0.3093999384052837
1896,C(CCO)CCO,514.15,True,ALQSHHUCVQOPAS-UHFFFAOYSA-N,104.149,104.083729624,0.1413000000000001,40.46,2,2,4,0,0,0,0,1.0,7,2,44,0,0.043053863150362574,-0.3963765571479563
1897,COCCCCO,428.6,True,KOVAQMSVARJMPH-UHFFFAOYSA-N,104.149,104.083729624,0.40530000000000005,29.46,1,2,4,0,0,0,0,1.0,7,2,44,0,0.046260857299480714,-0.39637503714042194
1898,CCOCCCO,433.69704,True,XHMWPVBQGARKQM-UHFFFAOYSA-N,104.149,104.083729624,0.40530000000000005,29.46,1,2,4,0,0,0,0,1.0,7,2,44,0,0.048724714663259054,-0.39628630810895676
1899,C(CNCCN)N,479.65,True,RPNUMPOLZDHAAY-UHFFFAOYSA-N,103.16900000000003,103.11094741599999,-1.5065999999999988,64.07,3,3,4,0,0,0,0,1.0,7,3,44,0,0.007498860586664965,-0.32920809024231995
1900,C=CCOCCO,431.65,True,GCYHRYNSUGLLMA-UHFFFAOYSA-N,102.133,102.06807956,0.18129999999999996,29.46,1,2,4,0,0,0,0,0.6,7,2,42,0,0.07014905529318595,-0.3939800481212277
1901,CCCCCCC=C,394.45,True,KWKAKUADMBZCLK-UHFFFAOYSA-N,112.216,112.12520051199999,3.142800000000002,0.0,0,0,5,0,0,0,0,0.75,8,0,48,0,-0.03534129448857064,-0.10308297893628117
1902,CCCCCC=CC,398.05,True,ILPBINAXDRFYPL-UHFFFAOYSA-N,112.21599999999998,112.12520051199999,3.142800000000002,0.0,0,0,4,0,0,0,0,0.75,8,0,48,0,-0.035083978327509785,-0.09166419959733818
1903,CCCCCCCN,426.15,True,WJYIASZWHGOTOU-UHFFFAOYSA-N,115.22000000000001,115.13609954399999,1.9155,26.02,1,1,5,0,0,0,0,1.0,8,1,50,0,-0.007727546709245303,-0.33047350396343245
1904,CCCCCCCCN,451.75,True,IOQPZZOEVPZRBK-UHFFFAOYSA-N,129.247,129.151749608,2.3056,26.02,1,1,6,0,0,0,0,1.0,9,1,56,0,-0.007727546703972456,-0.33047350396342257
1905,CCCCCCCCCCCCN(C)C,533.15,True,YWFWDNVOPHGWMX-UHFFFAOYSA-N,213.40899999999996,213.24564999199998,4.468900000000004,3.24,0,1,11,0,0,0,0,1.0,15,1,92,0,-0.00248364259305738,-0.30939993843088753
1906,C(COCCOCCO)O,561.75,True,ZIBGPFATKBEMQZ-UHFFFAOYSA-N,150.174,150.089208928,-0.9958,58.92,2,4,7,0,0,0,0,1.0,10,4,62,0,0.07011417636253671,-0.39398032487450974
1907,C=CCCCCCCCCCO,523.15,True,GIEMHYCMBGELGY-UHFFFAOYSA-N,170.296,170.167065324,3.285500000000002,20.23,1,1,9,0,0,0,0,0.8181818181818182,12,1,72,0,0.043052407228889096,-0.39637656934228244
1908,C(CNCCNCCNCCN)N,614.65,True,FAGUFWYHJQFNRV-UHFFFAOYSA-N,189.307,189.19534573599998,-2.3273999999999972,88.13,5,5,10,0,0,0,0,1.0,13,5,80,0,0.007722975306620753,-0.32920809023778697
1909,C(COCCOCCOCCO)O,588.15,True,UWHCKJMYHZGTIT-UHFFFAOYSA-N,194.22699999999998,194.115423676,-0.9791999999999998,68.15,2,5,10,0,0,0,0,1.0,13,5,80,0,0.07011439369107968,-0.39398032487450974
1910,CCCCCCCCCCCCCCO,568.95,True,HLZKNKRTKFSKGZ-UHFFFAOYSA-N,214.39299999999994,214.22966558000002,4.679800000000005,20.23,1,1,12,0,0,0,0,1.0,15,1,92,0,0.043052407228889096,-0.39637656934228244
1911,CCCCCCCCCCCCCCN(C)C,575.15,True,SFBHPFQSSDCYSL-UHFFFAOYSA-N,241.46299999999994,241.27695011999998,5.249100000000005,3.24,0,1,13,0,0,0,0,1.0,17,1,104,0,-0.00248364259305738,-0.30939993843088753
1912,CCCCCCCCCCCCCCCCC=C,588.65,True,CCCMONHAUSKTEQ-UHFFFAOYSA-N,252.4859999999999,252.28170115199998,7.043800000000007,0.0,0,0,15,0,0,0,0,0.8888888888888888,18,0,108,0,-0.0353412931099218,-0.10308297893627165
1913,CC=C,225.55,True,QQONPFPTGQHPMA-UHFFFAOYSA-N,42.080999999999996,42.046950192,1.1923000000000001,0.0,0,0,0,0,0,0,0,0.3333333333333333,3,0,18,0,-0.0472598095819833,-0.10336125074726941
1914,CC(=C)C,266.15,True,VQTUBCCKSQIDNK-UHFFFAOYSA-N,56.108000000000004,56.062600255999996,1.5824,0.0,0,0,0,0,0,0,0,0.5,4,0,24,0,-0.044481419382844625,-0.10041984861546271
1915,CC(C)(C=C)O,372.45,True,HNVRRHSXBLFLIG-UHFFFAOYSA-N,86.134,86.07316494,0.9433,20.23,1,1,1,0,0,0,0,0.6,6,1,36,0,0.07685250841759078,-0.3863939105116286
1916,CC(C)(C#C)O,378.85,True,CEBKHWWANWSNTI-UHFFFAOYSA-N,84.11799999999998,84.057514876,0.3905,20.23,1,1,0,0,0,0,0,0.6,6,1,34,0,0.11920252568064944,-0.3782158677258175
1917,CCC(CC)(CO)CO,517.15,True,XRVCFZPJAHWYTB-UHFFFAOYSA-N,132.203,132.115029752,0.7773999999999999,40.46,2,2,4,0,0,0,0,1.0,9,2,56,0,0.050870287368615576,-0.39570778589208533
1918,C(C(CO)(CO)CO)O,631.0,True,WXZMFSXDPGVJKK-UHFFFAOYSA-N,136.147,136.073558864,-2.058,80.92,4,4,4,0,0,0,0,1.0,9,4,56,0,0.06265416870585083,-0.3955228473221826
1919,CC(C)N(CCN)C(C)C,394.15,True,CURJNMSGPBXOGK-UHFFFAOYSA-N,144.262,144.16264864,1.0638999999999998,29.259999999999998,1,2,4,0,0,0,0,1.0,10,2,62,0,0.011000296829802659,-0.32919814176701606
1920,CC(CCC=C(C)C)CCO,497.65,True,QMVPMAAFGQKVCJ-UHFFFAOYSA-N,156.26899999999998,156.15141526,2.751300000000001,20.23,1,1,5,0,0,0,0,0.8,11,1,66,0,0.04330667182593248,-0.39636589335372435
1921,CC(C)(C#CC(C)(C)O)O,479.15,True,IHJUECRFYCQBMW-UHFFFAOYSA-N,142.19799999999998,142.099379688,0.5315999999999999,40.46,2,2,0,0,0,0,0,0.75,10,2,58,0,0.11957661439204867,-0.3782037405586649
1922,CCCCCCCCCCN,490.15,True,MHZGKXUYDGKKIU-UHFFFAOYSA-N,157.301,157.183049736,3.0858000000000008,26.02,1,1,8,0,0,0,0,1.0,11,1,68,0,-0.007727546703962752,-0.33047350396342257
1923,CCCCCCNCCCCCC,509.15,True,PXSXRABJBXYMFT-UHFFFAOYSA-N,185.35499999999996,185.21434986399998,3.736600000000003,12.03,1,1,10,0,0,0,0,1.0,13,1,80,0,-0.004891957494638217,-0.31673259439486645
1924,C(CCCNCCCCCCN)CCN,493.15,True,MRNZSTMRDWRNNR-UHFFFAOYSA-N,215.38499999999993,215.23614792799998,1.6142,64.07,3,3,12,0,0,0,0,1.0,15,3,92,0,-0.004891949566935042,-0.3304735039378803
1925,CCCCCCCCCCCCCCCCN,594.15,True,FJLUATLTXUNBOT-UHFFFAOYSA-N,241.4629999999999,241.27695011999998,5.4264000000000046,26.02,1,1,14,0,0,0,0,1.0,17,1,104,0,-0.007727546703962752,-0.33047350396342257
1926,CC(C)C(C(C)(C)CO)O,503.25,True,JCTXKRPTIMZBJT-UHFFFAOYSA-N,146.23000000000002,146.130679816,1.0217999999999998,40.46,2,2,3,0,0,0,0,1.0,10,2,62,0,0.06354132680611643,-0.39571754991724484
1927,C(C(C(CO)O)O)O,603.65,True,UNXHWFMMPAWVPI-UHFFFAOYSA-N,122.11999999999996,122.0579088,-2.3072,80.92,4,4,3,0,0,0,0,1.0,8,4,50,0,0.10512346450181179,-0.3935793747869591
1928,CCC(C)CCC(C)(CC)O,471.15,True,NPHCXUPGMINOPP-UHFFFAOYSA-N,158.285,158.167065324,2.9737000000000022,20.23,1,1,5,0,0,0,0,1.0,11,1,68,0,0.06168537115743431,-0.39019433605867426
1929,C#CC#C,283.15,True,LLCSWKVOHICRDD-UHFFFAOYSA-N,50.059999999999995,50.015650064,0.2528,0.0,0,0,0,0,0,0,0,0.0,4,0,18,0,-0.019059005167027656,-0.10585412383428451
1930,C=C=C,238.35,True,IYABWNGZIDDRAK-UHFFFAOYSA-N,40.06499999999999,40.031300128,0.9572999999999999,0.0,0,0,0,0,0,0,0,0.0,3,0,16,0,-0.05718564266846732,-0.1365608333003779
1931,CC(C)C(C)(C)C,353.95,True,ZISSAWUMDACLOM-UHFFFAOYSA-N,100.20499999999998,100.12520051199999,2.6885000000000012,0.0,0,0,0,0,0,0,0,1.0,7,0,44,0,-0.03595364166053182,-0.06227354329393883
1932,CC(C(C)(C)C)O,393.15,True,DFOXKPDFWGNLJU-UHFFFAOYSA-N,102.17699999999998,102.104465068,1.4133,20.23,1,1,0,0,0,0,0,1.0,7,1,44,0,0.055988460991076384,-0.39287306240248776
1933,C=CC(CO)O,469.65,True,ITMIAZBRRZANGB-UHFFFAOYSA-N,88.10599999999998,88.052429496,-0.47440000000000004,40.46,2,2,2,0,0,0,0,0.5,6,2,36,0,0.09486150832115414,-0.39334305254269764
1934,CC(C)CCCC(C)NCCC(C)C,373.65,True,RRWTWWBIHKIYTH-UHFFFAOYSA-N,199.38199999999998,199.22999992799998,3.8369000000000026,12.03,1,1,8,0,0,0,0,1.0,14,1,86,0,0.003867901511784295,-0.31424812211769715
1935,CC#CC,300.25,True,XNMQEEKYCVKGBD-UHFFFAOYSA-N,54.092,54.046950192,1.0296,0.0,0,0,0,0,0,0,0,0.5,4,0,22,0,-0.0027144995022088734,-0.10703272719729902
1936,C(CO)CO,487.85,True,YPFDHNVEDLHUCE-UHFFFAOYSA-N,76.095,76.052429496,-0.6389,40.46,2,2,2,0,0,0,0,1.0,5,2,32,0,0.045238236823877565,-0.39628647261089006
1937,CC(C)CCCC(C)CCCC(C)CCCC(C)(C=C)O,741.51,True,KEVYVLWNCKMXJX-UHFFFAOYSA-N,296.539,296.3079159,6.362500000000008,20.23,1,1,13,0,0,0,0,0.9,21,1,126,0,0.07965926977477895,-0.3861034238621922
1938,CCCC(C=CC=CC=CC#CC#CCCCO)O,802.96,True,FQVNSJQTSOVRKZ-UHFFFAOYSA-N,258.36099999999993,258.161979944,2.5953000000000017,40.46,2,2,7,0,0,0,0,0.4117647058823529,19,2,102,0,0.0723389109494645,-0.3963409422566687
1939,CCCCCCCCCCCCCCCCCCCCCCCCO,675.0,True,TYWMIZZBOVGFOV-UHFFFAOYSA-N,354.6630000000001,354.38616621999995,8.580800000000004,20.23,1,1,22,0,0,0,0,1.0,25,1,152,0,0.043052407228889096,-0.39637656934228244
1940,CC(=C)CO,387.65,True,BYDRTKVGBRTTIT-UHFFFAOYSA-N,72.107,72.057514876,0.5548,20.23,1,1,1,0,0,0,0,0.5,5,1,30,0,0.06359512317962432,-0.39204548615560186
1941,CC(=C)C(=C)C,342.15,True,SDJHPPZKZZWAKF-UHFFFAOYSA-N,82.146,82.07825032,2.1386000000000003,0.0,0,0,1,0,0,0,0,0.3333333333333333,6,0,34,0,-0.04012105686863892,-0.09587009501833442
1942,CC(C)(CCCC(=C)C=C)O,510.59,True,DUNCVNHORHNONW-UHFFFAOYSA-N,154.253,154.135765196,2.6698000000000017,20.23,1,1,5,0,0,0,0,0.6,11,1,64,0,0.05914367529180208,-0.39047179665065057
1943,CCCCCC(C)O,432.15,True,CETWDUZRCINIHU-UHFFFAOYSA-N,116.20399999999998,116.120115132,1.9475000000000002,20.23,1,1,4,0,0,0,0,1.0,8,1,50,0,0.0511666817432466,-0.3934192690388673
1944,CC(C)CCNCCC(C)C,460.15,True,SPVVMXMTSODFPU-UHFFFAOYSA-N,157.301,157.183049736,2.6682000000000006,12.03,1,1,6,0,0,0,0,1.0,11,1,68,0,-0.0046479353591895355,-0.31671232452898646
1945,CCC=CCCO,426.15,True,UFLHIIWVXFIJGU-UHFFFAOYSA-N,100.161,100.088815004,1.335,20.23,1,1,3,0,0,0,0,0.6666666666666666,7,1,42,0,0.046502131114836774,-0.39605447798452764
1946,CC(=CCO)C,417.15,True,ASUAYTHWZCLXAN-UHFFFAOYSA-N,86.134,86.07316494,0.9449000000000001,20.23,1,1,1,0,0,0,0,0.6,6,1,36,0,0.0614331862267162,-0.3922975529048368
1947,C=CO,613.15,True,IMROMDMJAWUWLK-UHFFFAOYSA-N,44.053,44.026214748,0.6879,20.23,1,1,0,0,0,0,0,0.0,3,1,18,0,0.07193472871452725,-0.5162162085527368
1948,CC(C)(C)C=C,314.39,True,PKXHXOTZMFCXSH-UHFFFAOYSA-N,84.16199999999999,84.093900384,2.2184999999999997,0.0,0,0,0,0,0,0,0,0.6666666666666666,6,0,36,0,-0.020584523285978262,-0.10255392015845569
1949,CCC(C)(C)C(C)C,387.85,True,OKVWYBALHQFVFP-UHFFFAOYSA-N,114.23199999999997,114.14085057599999,3.0786000000000016,0.0,0,0,2,0,0,0,0,1.0,8,0,50,0,-0.03337709673098796,-0.0648633266388849
1950,CCC(C)(C)C(=C)C,381.15,True,TUSBCMPNIOJUBX-UHFFFAOYSA-N,112.21599999999998,112.12520051199999,2.9987000000000013,0.0,0,0,2,0,0,0,0,0.75,8,0,48,0,-0.01527490061342173,-0.09960050289505515
1951,CCC(C)(C)CC,359.15,True,AEXMKKGTQYQZCS-UHFFFAOYSA-N,100.20499999999998,100.12520051199999,2.832600000000001,0.0,0,0,2,0,0,0,0,1.0,7,0,44,0,-0.03594562843668448,-0.06487337882622692
1952,CCC(=C)C,304.25,True,MHNNAWXXUZQSNM-UHFFFAOYSA-N,70.13499999999999,70.07825032,1.9725,0.0,0,0,1,0,0,0,0,0.6,5,0,30,0,-0.03543505048507542,-0.100151220295327
1953,CC(C)C(=C)C,328.74,True,OWWIWYDDISJUMY-UHFFFAOYSA-N,84.16199999999999,84.093900384,2.2184999999999997,0.0,0,0,1,0,0,0,0,0.6666666666666666,6,0,36,0,-0.02655756123343467,-0.09988150017749044
1954,CC(=C(C)C)C,346.34,True,WGLLSSPDPJPLOR-UHFFFAOYSA-N,84.16199999999999,84.093900384,2.3626000000000005,0.0,0,0,0,0,0,0,0,0.6666666666666666,6,0,36,0,-0.043963809628087415,-0.07778750288164618
1955,CCC(C)C(C)(C)C,382.95,True,XTDQDBVBDLYELW-UHFFFAOYSA-N,114.23199999999999,114.14085057599999,3.0786000000000016,0.0,0,0,1,0,0,0,0,1.0,8,0,50,0,-0.035701170512770566,-0.06510839342619178
1956,CCC(C)C(C)C,362.95,True,WGECXQBGLLYSFP-UHFFFAOYSA-N,100.20499999999998,100.12520051199999,2.6885000000000012,0.0,0,0,2,0,0,0,0,1.0,7,0,44,0,-0.042223386517280546,-0.06511846835372892
1957,CCC(C)C(C)O,415.15,True,ZXNBBWHRUSXUFZ-UHFFFAOYSA-N,102.17699999999998,102.104465068,1.4133,20.23,1,1,2,0,0,0,0,1.0,7,1,44,0,0.0537041322872977,-0.39314144820815017
1958,CCC(C(C)C)O,401.05,True,ISTJMQSHILQAEC-UHFFFAOYSA-N,102.17699999999999,102.104465068,1.4133,20.23,1,1,2,0,0,0,0,1.0,7,1,44,0,0.0560054148753896,-0.392874853983553
1959,CC(C)C(C)C(C)C,386.55,True,RLPGDEORIPLBNF-UHFFFAOYSA-N,114.23199999999999,114.14085057599999,2.9345000000000017,0.0,0,0,2,0,0,0,0,1.0,8,0,50,0,-0.039643009079065525,-0.06250911399286939
1960,CC(C)C(=C(C)C)C,389.15,True,SZFRZEBLZFTODC-UHFFFAOYSA-N,112.21599999999998,112.12520051199999,2.9987000000000013,0.0,0,0,1,0,0,0,0,0.75,8,0,48,0,-0.026041431977711228,-0.07725061129505277
1961,CCC(C)C(C)CC,390.85,True,RNTWWGNZUXGTAX-UHFFFAOYSA-N,114.23199999999999,114.14085057599999,3.0786000000000016,0.0,0,0,3,0,0,0,0,1.0,8,0,50,0,-0.04197058946384056,-0.06511829561900206
1962,CCC(CC)O,396.15,True,AQIXEPGDORPWBJ-UHFFFAOYSA-N,88.14999999999999,88.088815004,1.1673,20.23,1,1,2,0,0,0,0,1.0,6,1,38,0,0.053459279988046865,-0.39315304062176465
1963,CCC(CO)O,469.1,True,BMRWNKZVCUKKSR-UHFFFAOYSA-N,90.12199999999999,90.06807956,-0.25039999999999996,40.46,2,2,2,0,0,0,0,1.0,6,2,38,0,0.07678623664008573,-0.39368882817264456
1964,CCCC(C)C(C)C,388.75,True,JXPOLSKBTUYKJB-UHFFFAOYSA-N,114.23199999999999,114.14085057599999,3.0786000000000016,0.0,0,0,3,0,0,0,0,1.0,8,0,50,0,-0.041971157970100426,-0.06537225325015444
1965,CCCC(C)CC,364.15,True,VLJXXKKOSFGPHI-UHFFFAOYSA-N,100.205,100.12520051199999,2.832600000000001,0.0,0,0,3,0,0,0,0,1.0,7,0,44,0,-0.044552450743140945,-0.06537242643141263
1966,CCC(C)CCO,426.0,True,IWTBVKIGCDZRPL-UHFFFAOYSA-N,102.17699999999999,102.104465068,1.4149,20.23,1,1,3,0,0,0,0,1.0,7,1,44,0,0.04330630932774035,-0.3963658963780811
1967,CCC(C)CC(C)C,382.55,True,HDGQICNBXPAKLR-UHFFFAOYSA-N,114.23199999999999,114.14085057599999,3.0786000000000016,0.0,0,0,3,0,0,0,0,1.0,8,0,50,0,-0.044299163340655104,-0.06512812868065244
1968,CCCC(C)CCC,390.85,True,CHBAWFGIXDBEBT-UHFFFAOYSA-N,114.232,114.14085057599999,3.2227000000000023,0.0,0,0,4,0,0,0,0,1.0,8,0,50,0,-0.04430019415363868,-0.06537242505280175
1969,CCCC(CCC)O,434.15,True,YVBCULSIZWMTFY-UHFFFAOYSA-N,116.204,116.120115132,1.9475000000000002,20.23,1,1,4,0,0,0,0,1.0,8,1,50,0,0.05396452766195677,-0.39313174977877047
1970,CCCCC(CCC)O,448.15,True,WOFPPJOZXUTRAU-UHFFFAOYSA-N,130.231,130.135765196,2.3376000000000006,20.23,1,1,5,0,0,0,0,1.0,9,1,56,0,0.05397447731079189,-0.3931315675852373
1971,CCCCC(CC)O,427.15972,True,RZKSECIXORKHQS-UHFFFAOYSA-N,116.20399999999998,116.120115132,1.9475000000000002,20.23,1,1,4,0,0,0,0,1.0,8,1,50,0,0.0537218548730571,-0.39314221340520933
1972,CCCCCC(CC)O,457.15,True,NMRPBPVERJPACX-UHFFFAOYSA-N,130.231,130.135765196,2.3376000000000006,20.23,1,1,5,0,0,0,0,1.0,9,1,56,0,0.05372202737458578,-0.3931422119493265
1973,CCCC(C)(C)C,352.35,True,CXOWYJMDMMMMJO-UHFFFAOYSA-N,100.20499999999998,100.12520051199999,2.832600000000001,0.0,0,0,1,0,0,0,0,1.0,7,0,44,0,-0.03827118037973427,-0.0653625715831776
1974,CCCC(C)(C)O,394.15,True,WFRBDWRZVBPBDO-UHFFFAOYSA-N,102.17699999999998,102.104465068,1.5574,20.23,1,1,2,0,0,0,0,1.0,7,1,44,0,0.059122169204336245,-0.39047218162630054
1975,CCCCC(C)(C)C,379.95,True,FLTJDUOFAQWHDF-UHFFFAOYSA-N,114.23199999999999,114.14085057599999,3.2227000000000023,0.0,0,0,2,0,0,0,0,1.0,8,0,50,0,-0.03826129381068647,-0.0653820387556187
1976,CCCCC(C)C,363.15,True,GXDHCNNESPLIKD-UHFFFAOYSA-N,100.20499999999998,100.12520051199999,2.832600000000001,0.0,0,0,3,0,0,0,0,1.0,7,0,44,0,-0.04713274852204558,-0.06538221239010727
1977,C=CCC=C,299.05,True,QYZLKGVUSQXAMU-UHFFFAOYSA-N,68.119,68.062600256,1.7485,0.0,0,0,2,0,0,0,0,0.2,5,0,28,0,-0.017454167721881367,-0.10277094322565337
1978,CCC=C=C,317.15,True,LVMTVPFRTKXRPH-UHFFFAOYSA-N,68.119,68.062600256,1.7375,0.0,0,0,1,0,0,0,0,0.4,5,0,28,0,-0.030313655510937995,-0.1330802448774139
1979,CC(C)CCC(C)C,382.25,True,UWNADWZGEHDQAB-UHFFFAOYSA-N,114.23199999999999,114.14085057599999,3.0786000000000016,0.0,0,0,3,0,0,0,0,1.0,8,0,50,0,-0.047122791945284,-0.06277343901107306
1980,CCCCCC(C)C,390.75,True,JVSWJIKNEAIKJW-UHFFFAOYSA-N,114.23199999999999,114.14085057599999,3.2227000000000023,0.0,0,0,4,0,0,0,0,1.0,8,0,50,0,-0.0471325775290515,-0.06538238184567347
1981,C=CCCC=C,332.35,True,PYGSKMBEVAICCR-UHFFFAOYSA-N,82.14599999999999,82.07825032,2.1386000000000003,0.0,0,0,3,0,0,0,0,0.3333333333333333,6,0,34,0,-0.031876741053441425,-0.10307183078345948
1982,CCC=CCC,340.21,True,ZQDPJFUHLCOCRG-UHFFFAOYSA-N,84.162,84.093900384,2.3626000000000005,0.0,0,0,2,0,0,0,0,0.6666666666666666,6,0,36,0,-0.03793270846774509,-0.08882374820554795
1983,CCC=CC=C,337.72,True,AHAREKHAZNPPMI-UHFFFAOYSA-N,82.146,82.07825032,2.1386000000000003,0.0,0,0,2,0,0,0,0,0.3333333333333333,6,0,34,0,-0.03762002040705329,-0.09907695790347879
1984,CCCC=CCCC,395.55,True,IRUCBBFNLDIMIK-UHFFFAOYSA-N,112.216,112.12520051199999,3.142800000000002,0.0,0,0,4,0,0,0,0,0.75,8,0,48,0,-0.035336121178298735,-0.08854976435019243
1985,C=CN,314.57,True,UYMKPFRHYYNDTL-UHFFFAOYSA-N,43.068999999999996,43.042199159999996,0.08860000000000012,26.02,1,1,0,0,0,0,0,0.0,3,1,18,0,-0.013563246019191273,-0.4050717122952991
1986,CC(=C)C(C)(C)C,350.95,True,AUYRUAVCWOAHQN-UHFFFAOYSA-N,98.189,98.109550448,2.608600000000001,0.0,0,0,0,0,0,0,0,0.7142857142857143,7,0,42,0,-0.01784494072198475,-0.09961070977725575
1987,CC(C)C(C)(C)O,391.85,True,IKECULIHBUCAKR-UHFFFAOYSA-N,102.17699999999998,102.104465068,1.4133,20.23,1,1,1,0,0,0,0,1.0,7,1,44,0,0.06140456929705538,-0.39020447939148034
1988,CC(C)(C)C(C)(C)C,379.47,True,OMMLUKLXGSRPHK-UHFFFAOYSA-N,114.23199999999999,114.14085057599999,3.0786000000000016,0.0,0,0,0,0,0,0,0,1.0,8,0,50,0,-0.033393440990614094,-0.05967289390805985
1989,CC(C)(C)C(C)(C)O,401.45,True,OKXVARYIKDXAEO-UHFFFAOYSA-N,116.20399999999998,116.120115132,1.8034,20.23,1,1,0,0,0,0,0,1.0,8,1,50,0,0.06392966355099314,-0.3899249933914114
1990,CCC(C)(C(C)C)O,413.15,True,RFZHJHSNHYIRNE-UHFFFAOYSA-N,116.20399999999997,116.120115132,1.8034,20.23,1,1,2,0,0,0,0,1.0,8,1,50,0,0.06394673828280856,-0.3899267818606859
1991,CCC(CC)(CC)O,415.15,True,XKIRHOWVQWCYBT-UHFFFAOYSA-N,116.20399999999998,116.120115132,1.9475000000000002,20.23,1,1,3,0,0,0,0,1.0,8,1,50,0,0.06395512394652587,-0.38992768830315744
1992,CCCC(C)(CC)O,420.15,True,KYWJZCSJMOILIZ-UHFFFAOYSA-N,116.20399999999998,116.120115132,1.9475000000000002,20.23,1,1,3,0,0,0,0,1.0,8,1,50,0,0.06166522893358491,-0.39019470481066787
1993,CCCCC(C)(CC)O,439.15,True,PQOSNJHBSNZITJ-UHFFFAOYSA-N,130.231,130.135765196,2.3376000000000006,20.23,1,1,4,0,0,0,0,1.0,9,1,56,0,0.06167517824707944,-0.39019452193417875
1994,CC(=C=C)C,313.95,True,PAKGDPSCXSUALC-UHFFFAOYSA-N,68.119,68.062600256,1.7375,0.0,0,0,0,0,0,0,0,0.4,5,0,28,0,-0.035146321294410254,-0.1301701800250366
1995,CC(C=C)O,370.15,True,MKUWVMRNQOOSAT-UHFFFAOYSA-N,72.107,72.057514876,0.5531999999999999,20.23,1,1,1,0,0,0,0,0.5,5,1,30,0,0.06896535572562199,-0.3893506821837408
1996,CC(C)C(C)N,354.15,True,JOZZAIIGWFLONA-UHFFFAOYSA-N,87.16600000000001,87.10479941599999,0.9896,26.02,1,1,1,0,0,0,0,1.0,6,1,38,0,0.0033444117678281685,-0.32773183348883195
1997,CC(C)C(C(C)C)O,415.15,True,BAYAKMPRFGNNFW-UHFFFAOYSA-N,116.20399999999998,116.120115132,1.6593,20.23,1,1,2,0,0,0,0,1.0,8,1,50,0,0.05855062691322777,-0.39259643422498974
1998,C([C@H]([C@@H]([C@@H]([C@H](CO)O)O)O)O)O,888.2,True,FBPFZTCFMRRESA-GUCUJZIJSA-N,182.172,182.079038168,-3.585399999999998,121.38000000000001,6,6,5,0,0,0,0,1.0,12,6,74,0,0.11057860653131252,-0.393579134968567
1999,CCC(CC)C(C)C,388.75,True,DUPUVYJQZSLSJB-UHFFFAOYSA-N,114.23199999999999,114.14085057599999,3.0786000000000016,0.0,0,0,3,0,0,0,0,1.0,8,0,50,0,-0.039635052793240144,-0.06510851259817034
2000,CCC(C)C(CC)O,422.65,True,NZPGYIBESMMUFU-UHFFFAOYSA-N,116.20399999999998,116.120115132,1.8034,20.23,1,1,3,0,0,0,0,1.0,8,1,50,0,0.056258557799190326,-0.3928641586329652
2001,CCC(C=C)O,391.15,True,VHVMXWZXFBOANQ-UHFFFAOYSA-N,86.134,86.07316494,0.9433,20.23,1,1,2,0,0,0,0,0.6,6,1,36,0,0.07152150672178825,-0.38907155574632313
2002,CCN(C)CC,339.05,True,GNVRJGIVDSQCOP-UHFFFAOYSA-N,87.166,87.10479941599999,0.958,3.24,0,1,2,0,0,0,0,1.0,6,1,38,0,-0.005037342499756132,-0.3069167335872274
2003,CCCC(C(C)C)O,414.15,True,RGRUUTLDBCWYBL-UHFFFAOYSA-N,116.20399999999998,116.120115132,1.8034,20.23,1,1,3,0,0,0,0,1.0,8,1,50,0,0.056258010127680065,-0.3928641986671591
2004,CCC(CC)CC,366.55,True,AORMDLNPRGXHHL-UHFFFAOYSA-N,100.205,100.12520051199999,2.832600000000001,0.0,0,0,3,0,0,0,0,1.0,7,0,44,0,-0.04221543387253523,-0.06511852812199308
2005,CCC(CC)CN,398.15,True,MGWAGIQQTULHGU-UHFFFAOYSA-N,101.19300000000001,101.12044947999999,1.3813,26.02,1,1,3,0,0,0,0,1.0,7,1,44,0,-0.004906756725549885,-0.33019774781681
2006,CCCC(CC)CC,391.65,True,SFRKSDZMZHIISH-UHFFFAOYSA-N,114.232,114.14085057599999,3.2227000000000023,0.0,0,0,4,0,0,0,0,1.0,8,0,50,0,-0.04196320542519574,-0.0653722545047953
2007,CCOC(CO)OCC,440.15,True,IKKUKDZKIIIKJK-UHFFFAOYSA-N,134.175,134.094294308,0.3778000000000001,38.69,1,3,5,0,0,0,0,1.0,9,3,56,0,0.17998668593044503,-0.3910936132365683
2008,CCCCCN(CCCCC)CCCCC,515.65,True,OOHAUGDGCWURIT-UHFFFAOYSA-N,227.43599999999995,227.26130005599998,4.859000000000005,3.24,0,1,12,0,0,0,0,1.0,16,1,98,0,-0.0018739664080754817,-0.303337617601761
2009,CCCC(CC)O,407.0,True,ZOCHHNOQQHDWHG-UHFFFAOYSA-N,102.17699999999999,102.104465068,1.5574,20.23,1,1,3,0,0,0,0,1.0,7,1,44,0,0.053711905178556944,-0.3931423955826943
2010,CCC(CC(C)C)O,420.15,True,RGCZULIFYUPTAR-UHFFFAOYSA-N,116.20399999999998,116.120115132,1.8034,20.23,1,1,3,0,0,0,0,1.0,8,1,50,0,0.05396555090309917,-0.39313167541682725
2011,COCC(COC)O,442.15,True,ZESKRVSPQJVIMH-UHFFFAOYSA-N,120.148,120.078644244,-0.35989999999999983,38.69,1,3,4,0,0,0,0,1.0,8,3,50,0,0.10056457368901929,-0.3883097979211208
2012,CCCCC(CCCC)O,468.15,True,FCBBRODPXVPZAH-UHFFFAOYSA-N,144.258,144.15141526,2.727700000000002,20.23,1,1,6,0,0,0,0,1.0,10,1,62,0,0.05398442695800063,-0.39313138539122416
2013,CCCCCCC(CC)O,467.9,True,GYSCXPVAKHVAAY-UHFFFAOYSA-N,144.258,144.15141526,2.727700000000002,20.23,1,1,6,0,0,0,0,1.0,10,1,62,0,0.05372202876083936,-0.39314221194377097
2014,CC(C)(C)CCO,416.15,True,DUXCSEISVMREAX-UHFFFAOYSA-N,102.17699999999999,102.104465068,1.4149,20.23,1,1,1,0,0,0,0,1.0,7,1,44,0,0.04355134221923976,-0.39635533077009405
2015,CC(C)CC(C)(C)O,406.15,True,FMLSQAUAAGVTJO-UHFFFAOYSA-N,116.20399999999998,116.120115132,1.8034,20.23,1,1,2,0,0,0,0,1.0,8,1,50,0,0.05937549424601595,-0.3904614361418555
2016,CCCCC(C)(C)O,415.15,True,KRIMXCDMVRMCTC-UHFFFAOYSA-N,116.20399999999998,116.120115132,1.9475000000000002,20.23,1,1,3,0,0,0,0,1.0,8,1,50,0,0.05913211846330341,-0.3904719989420869
2017,CCCCCC(C)(C)O,446.15,True,ACBMYYVZWKYLIP-UHFFFAOYSA-N,130.231,130.135765196,2.3376000000000006,20.23,1,1,4,0,0,0,0,1.0,9,1,56,0,0.05913229105924113,-0.390471997481796
2018,CCC=C(C)C,340.45,True,JMMZCWZIJXAGKW-UHFFFAOYSA-N,84.16199999999999,84.093900384,2.3626000000000005,0.0,0,0,1,0,0,0,0,0.6666666666666666,6,0,36,0,-0.0376846412133031,-0.0861630569530802
2019,CC(CC=C)O,389.15,True,ZHZCYWWNFQUZOR-UHFFFAOYSA-N,86.134,86.07316494,0.9433,20.23,1,1,2,0,0,0,0,0.6,6,1,36,0,0.054592851579688226,-0.3930967720046927
2020,CC(C)CNC,341.65,True,QKYWADPCTHTJHQ-UHFFFAOYSA-N,87.16599999999998,87.10479941599999,0.8617999999999999,12.03,1,1,2,0,0,0,0,1.0,6,1,38,0,-0.002879440028261504,-0.3194973627496715
2021,CC(C)C=C(C)C,356.45,True,VVCFYASOGFVJFN-UHFFFAOYSA-N,98.189,98.109550448,2.608600000000001,0.0,0,0,1,0,0,0,0,0.7142857142857143,7,0,42,0,-0.02879494748392924,-0.08332105914575781
2022,CC(CC(C)O)O,491.15,True,GTCCGKPBSJZVRZ-UHFFFAOYSA-N,104.14899999999999,104.083729624,0.1381,40.46,2,2,2,0,0,0,0,1.0,7,2,44,0,0.053615023403694104,-0.3933174754384742
2023,CCC(C)NC(C)CC,408.15,True,OBYVIBDTOCAXSN-UHFFFAOYSA-N,129.24699999999999,129.151749608,2.173,12.03,1,1,4,0,0,0,0,1.0,9,1,56,0,0.0038523577865312766,-0.31180522531897054
2024,CC(C)CCCO,424.15,True,PCWGTDULNUVNBN-UHFFFAOYSA-N,102.17699999999999,102.104465068,1.4149,20.23,1,1,3,0,0,0,0,1.0,7,1,44,0,0.04306225347605185,-0.3963763880076669
2025,CCCCC(C)O,409.15,True,QNVRIHYSUZMSGM-UHFFFAOYSA-N,102.17699999999998,102.104465068,1.5574,20.23,1,1,3,0,0,0,0,1.0,7,1,44,0,0.051166509252298105,-0.3934192704931501
2026,CCCC#C,313.05,True,IBXNCJKFFQIKKY-UHFFFAOYSA-N,68.11899999999999,68.062600256,1.4197,0.0,0,0,1,0,0,0,0,0.6,5,0,28,0,0.008338403904863673,-0.12010949085897654
2027,CCC#CC,329.15,True,NKTDTMONXHODTI-UHFFFAOYSA-N,68.11899999999999,68.062600256,1.4197,0.0,0,0,0,0,0,0,0,0.6,5,0,28,0,0.006009503244952448,-0.10674794163842753
2028,CCCNC,336.15,True,GVWISOJSERXQBM-UHFFFAOYSA-N,73.139,73.08914935199999,0.6157999999999999,12.03,1,1,2,0,0,0,0,1.0,5,1,32,0,-0.005455345381609195,-0.31976254068858295
2029,CC(=C)CCC(=C)C,387.15,True,DSAYAFZWRDYBQY-UHFFFAOYSA-N,110.2,110.109550448,2.918800000000002,0.0,0,0,3,0,0,0,0,0.5,8,0,46,0,-0.028857206361625354,-0.10012957052220944
2030,CC(C)CCC(C)O,424.15,True,ZDVJGWXFXGJSIU-UHFFFAOYSA-N,116.20399999999998,116.120115132,1.8034,20.23,1,1,3,0,0,0,0,1.0,8,1,50,0,0.051176528923345316,-0.3934190869876796
2031,CCCCC=C(C)C,395.15,True,WEPNJTDVIIKRIK-UHFFFAOYSA-N,112.21599999999998,112.12520051199999,3.142800000000002,0.0,0,0,3,0,0,0,0,0.75,8,0,48,0,-0.03483567487993982,-0.08588902904693307
2032,CC(C)CCCCO,443.15,True,ZVHAANQOQZVVFD-UHFFFAOYSA-N,116.204,116.120115132,1.8050000000000002,20.23,1,1,4,0,0,0,0,1.0,8,1,50,0,0.0430525796637181,-0.39637656788664444
2033,CCCCCC#C,372.95,True,YVXHZKKCZYLQOP-UHFFFAOYSA-N,96.17299999999999,96.093900384,2.1999000000000004,0.0,0,0,3,0,0,0,0,0.7142857142857143,7,0,40,0,0.008600766507393786,-0.12010931579491424
2034,CCCCCCCC(C)O,466.65,True,NGDNVOAEIVQRFH-UHFFFAOYSA-N,144.258,144.15141526,2.727700000000002,20.23,1,1,6,0,0,0,0,1.0,10,1,62,0,0.05116668313468164,-0.39341926903330776
2035,CCCCCCC#C,399.35,True,UMIPWJGWASORKV-UHFFFAOYSA-N,110.19999999999999,110.109550448,2.5900000000000007,0.0,0,0,4,0,0,0,0,0.75,8,0,46,0,0.008600938043744328,-0.12010931578970033
2036,C(CCCO)CCO,481.15,True,XXMIOPMDWAUFGU-UHFFFAOYSA-N,118.17599999999999,118.099379688,0.5313999999999999,40.46,2,2,5,0,0,0,0,1.0,8,2,50,0,0.0430524188901144,-0.39637656929582127
2037,C(CCCO)CCCO,535.15,True,SXCBDZAEHILGLM-UHFFFAOYSA-N,132.203,132.115029752,0.9215,40.46,2,2,6,0,0,0,0,1.0,9,2,56,0,0.04305240727343793,-0.3963765693421972
2038,CCCCCCCCCCCCCCC#C,557.15,True,UCIDYSLOTJMRAM-UHFFFAOYSA-N,222.41599999999994,222.23475095999999,5.710800000000006,0.0,0,0,12,0,0,0,0,0.875,16,0,94,0,0.008600939426519382,-0.12010931578969077
2039,CCCCCCCCCCCCCCCO,591.15,True,REIUXOLGHVXAEO-UHFFFAOYSA-N,228.41999999999993,228.24531564400002,5.069900000000006,20.23,1,1,13,0,0,0,0,1.0,16,1,98,0,0.043052407228889096,-0.39637656934228244
2040,CCCCCCCCCCCCCCCCCCCCO,629.15,True,BTFJIXJJCSYFAL-UHFFFAOYSA-N,298.55499999999995,298.323565964,7.020400000000008,20.23,1,1,18,0,0,0,0,1.0,21,1,128,0,0.043052407228889096,-0.39637656934228244
2041,CCCCCCCCCCCCCCCCCCCCCCCCCCCCCCC,731.15,True,IUJAMGNYPWYUPM-UHFFFAOYSA-N,436.8530000000004,436.50080204799997,12.33909999999998,0.0,0,0,28,0,0,0,0,1.0,31,0,188,0,-0.0533059727891157,-0.06538238322279266
2042,CCCCCCCCCCCCCCCCCCCCCCCCCCCCCCCCC,748.15,True,SUJUOAZFECLBOA-UHFFFAOYSA-N,464.9070000000005,464.53210217599997,13.119299999999976,0.0,0,0,30,0,0,0,0,1.0,33,0,200,0,-0.0533059727891157,-0.06538238322279266
2043,CCCCCCCCCCCCCCCCCCCCCCCCCCCCCCCCCCC,762.15,True,VHQQPFLOGSTQPC-UHFFFAOYSA-N,492.9610000000006,492.56340230399996,13.899499999999971,0.0,0,0,32,0,0,0,0,1.0,35,0,212,0,-0.0533059727891157,-0.06538238322279266
2044,CCC(C)CCCC(C)CCCC(C)CCCC(C)C,442.65,True,GGYKPYDKXLHNTI-UHFFFAOYSA-N,282.556,282.328651344,7.4716000000000085,0.0,0,0,13,0,0,0,0,1.0,20,0,122,0,-0.04427973073187358,-0.06512830049202309
2045,CCC=CC,309.45,True,QMMOXUPEWRXHJS-UHFFFAOYSA-N,70.135,70.07825032,1.9725,0.0,0,0,1,0,0,0,0,0.6,5,0,30,0,-0.03794287307367419,-0.0916744470464646
2046,CCCCCCCCCCCCCCCCCCCCCCO,680.15,True,NOPFSRXAKWQILS-UHFFFAOYSA-N,326.60900000000004,326.35486609199995,7.800600000000008,20.23,1,1,20,0,0,0,0,1.0,23,1,140,0,0.043052407228889096,-0.39637656934228244
2047,CC=CC(C)C,332.15,True,LGAQJENWWYGFSN-UHFFFAOYSA-N,84.162,84.093900384,2.2184999999999997,0.0,0,0,1,0,0,0,0,0.6666666666666666,6,0,36,0,-0.029052811982983727,-0.09140569170863219
2048,CC(CO)C(C)O,473.15,True,GNBPEYCZELNJMS-UHFFFAOYSA-N,104.14899999999999,104.083729624,-0.0044000000000000705,40.46,2,2,2,0,0,0,0,1.0,7,2,44,0,0.0559017373501861,-0.39599708477733003
2049,CC=CC(C)(C)C,349.89151,True,BIDIHFPLDRSAMB-UHFFFAOYSA-N,98.189,98.109550448,2.608600000000001,0.0,0,0,0,0,0,0,0,0.7142857142857143,7,0,42,0,-0.02032773133647175,-0.09113586744108519
2050,CC(C)CC=C,327.15,True,WSSSPWUEQFSQQG-UHFFFAOYSA-N,84.16199999999999,84.093900384,2.2184999999999997,0.0,0,0,2,0,0,0,0,0.6666666666666666,6,0,36,0,-0.03301638054078508,-0.10307300461909656
2051,CCCCC#C,344.35,True,CGHIBGNXEGJPQZ-UHFFFAOYSA-N,82.14599999999999,82.07825032,1.8098,0.0,0,0,2,0,0,0,0,0.6666666666666666,6,0,34,0,0.008590856339665517,-0.12010931716807507
2052,CCC(C)C=C,327.15,True,LDTAOIUHUHHCMU-UHFFFAOYSA-N,84.16199999999999,84.093900384,2.2184999999999997,0.0,0,0,2,0,0,0,0,0.6666666666666666,6,0,36,0,-0.026726308907044652,-0.10281398766077177
2053,CCC(=C)CC,337.85,True,RYKZRKKEYSRDNF-UHFFFAOYSA-N,84.16199999999999,84.093900384,2.3626000000000005,0.0,0,0,2,0,0,0,0,0.6666666666666666,6,0,36,0,-0.03516876800574122,-0.09988238523411512
2054,CC(C)(C)CC=C,345.65,True,KLCNJIQZXOQYTE-UHFFFAOYSA-N,98.189,98.109550448,2.608600000000001,0.0,0,0,1,0,0,0,0,0.7142857142857143,7,0,42,0,-0.03043801351094461,-0.10306278685830636
2055,CCCC(=C)C,335.25,True,WWUVJRULCWHUSA-UHFFFAOYSA-N,84.16199999999999,84.093900384,2.3626000000000005,0.0,0,0,2,0,0,0,0,0.6666666666666666,6,0,36,0,-0.03283954899161944,-0.10014110520911675
2056,CC(=C)CC=C,329.15,True,DRWYRROCDFQZQF-UHFFFAOYSA-N,82.146,82.07825032,2.1386000000000003,0.0,0,0,2,0,0,0,0,0.3333333333333333,6,0,34,0,-0.014696376732321633,-0.10276093100249198
2057,CC(=C)CCO,405.15,True,CPJRRXSHAYUTGL-UHFFFAOYSA-N,86.134,86.07316494,0.9448999999999999,20.23,1,1,2,0,0,0,0,0.6,6,1,36,0,0.04674888776313696,-0.3960441198105506
2058,CC#CCO,413.15,True,NEEDEQSZOUAJMU-UHFFFAOYSA-N,70.091,70.041864812,0.0020000000000000573,20.23,1,1,0,0,0,0,0,0.5,5,1,28,0,0.1037192439899468,-0.3836559865707092
2059,CC(=CC=C(C)C)C,408.35,True,DZPCYXCBXGQBRN-UHFFFAOYSA-N,110.2,110.109550448,2.918800000000002,0.0,0,0,1,0,0,0,0,0.5,8,0,46,0,-0.043898608948622,-0.07643882028241031
2060,C=COCCO,412.15,True,VUIWJRYTWUGOOF-UHFFFAOYSA-N,88.106,88.052429496,0.13879999999999998,29.46,1,2,3,0,0,0,0,0.5,6,2,36,0,0.11031877320519247,-0.4994234193099321
2061,CCCCCCCCC#C,447.15,True,ILLHQJIJCRNRCJ-UHFFFAOYSA-N,138.25400000000002,138.140850576,3.3702000000000023,0.0,0,0,6,0,0,0,0,0.8,10,0,58,0,0.008600939426509682,-0.12010931578969077
2062,CC(C)(CN)N,404.15,True,OPCJOXGBLDJWRM-UHFFFAOYSA-N,88.15400000000001,88.10004838399999,-0.31760000000000027,52.04,2,2,1,0,0,0,0,1.0,6,2,38,0,0.022082437226671057,-0.3286896492634445
2063,CCC(=CC)CC,368.15,True,XMYFZAWUNVHVGI-UHFFFAOYSA-N,98.189,98.109550448,2.752700000000001,0.0,0,0,2,0,0,0,0,0.7142857142857143,7,0,42,0,-0.03491049003689685,-0.08847643445612759
2064,CCCCCC(C#C)O,464.5,True,VUGRNZHKYVHZSN-UHFFFAOYSA-N,126.19899999999997,126.104465068,1.5608,20.23,1,1,4,0,0,0,0,0.75,9,1,52,0,0.11400849396943222,-0.3803956243587211
2065,C=CCCCO,409.15,True,LQAVWYMTUMSFBE-UHFFFAOYSA-N,86.13399999999999,86.07316494,0.9448999999999999,20.23,1,1,3,0,0,0,0,0.6,6,1,36,0,0.04334773531299136,-0.39636483932966443
2066,CCCCCCCC(C)C,440.15,True,SGVYKUFIHHTIFL-UHFFFAOYSA-N,142.286,142.172150704,4.002900000000003,0.0,0,0,6,0,0,0,0,1.0,10,0,62,0,-0.04713257615119789,-0.06538238322278297
2067,CC(C)(C)C#C,311.15,True,PPWNCLVNXGCGAF-UHFFFAOYSA-N,82.14599999999999,82.07825032,1.6657,0.0,0,0,0,0,0,0,0,0.6666666666666666,6,0,34,0,0.022719528256670004,-0.11954632983019578
2068,CCC(C)C(C)C(C)C,412.15,True,RUTNOQHQISEBGT-UHFFFAOYSA-N,128.25899999999996,128.15650064,3.324600000000002,0.0,0,0,3,0,0,0,0,1.0,9,0,56,0,-0.039390242966621705,-0.0651181214426186
2069,CC(=CC=C)C,349.15,True,CJSBUWDGPXGFGA-UHFFFAOYSA-N,82.14600000000002,82.07825032,2.1386000000000003,0.0,0,0,1,0,0,0,0,0.3333333333333333,6,0,34,0,-0.04389893455405506,-0.09906746755603477
2070,CCC(C)CC(C)CC,408.15,True,DZJTZGHZAWTWGA-UHFFFAOYSA-N,128.259,128.15650064,3.468700000000003,0.0,0,0,4,0,0,0,0,1.0,9,0,56,0,-0.04428922860460472,-0.06512812729423906
2071,CCCCN(C)C,365.35,True,DJEQZVQFEPKLOY-UHFFFAOYSA-N,101.19299999999998,101.12044947999999,1.3481,3.24,0,1,3,0,0,0,0,1.0,7,1,44,0,-0.0024937382431983244,-0.3094001160449872
2072,C#CCCO,402.15,True,OTJZCIYGRUNXTP-UHFFFAOYSA-N,70.091,70.041864812,0.0020000000000000018,20.23,1,1,1,0,0,0,0,0.5,5,1,28,0,0.05399710822454432,-0.3953862519933469
2073,CCC#CCC,354.65,True,DQQNMIPXXNPGCV-UHFFFAOYSA-N,82.14599999999999,82.07825032,1.8098,0.0,0,0,0,0,0,0,0,0.6666666666666666,6,0,34,0,0.0060202055090637805,-0.10362217404915375
2074,CCCCCCCCCCCCN,528.15,True,JRBPAEWTRLWTQC-UHFFFAOYSA-N,185.35499999999996,185.21434986399998,3.8660000000000023,26.02,1,1,10,0,0,0,0,1.0,13,1,80,0,-0.007727546703962752,-0.33047350396342257
2075,CCCCCCCCC(C)CC,485.15,True,HTZWVZNRDDOFEI-UHFFFAOYSA-N,170.33999999999997,170.203450832,4.783100000000005,0.0,0,0,8,0,0,0,0,1.0,12,0,74,0,-0.04454239142239574,-0.06538238322279266
2076,CCC(C)(CC)CC,391.35,True,GIEZWIDCIFCQPS-UHFFFAOYSA-N,114.23199999999999,114.14085057599999,3.2227000000000023,0.0,0,0,3,0,0,0,0,1.0,8,0,50,0,-0.03336907992245038,-0.06486338665853789
2077,CCC(CC)(CC)CC,419.35,True,BGXXXYLRPIRDHJ-UHFFFAOYSA-N,128.259,128.15650064,3.6128000000000027,0.0,0,0,4,0,0,0,0,1.0,9,0,56,0,-0.03079347154610231,-0.06485338433540688
2078,CCC(C(C)C)C(C)C,396.15,True,VLHAGZNBWKUMRW-UHFFFAOYSA-N,128.259,128.15650064,3.324600000000002,0.0,0,0,3,0,0,0,0,1.0,9,0,56,0,-0.03705561723666462,-0.0650984867841198
2079,C=CC(C(C=C)O)O,414.15,True,KUQWZSZYIQGTHT-UHFFFAOYSA-N,114.14399999999998,114.06807956,0.08019999999999994,40.46,2,2,3,0,0,0,0,0.3333333333333333,8,2,46,0,0.10127431207681228,-0.3859966405798021
2080,CC(C)CC(C)C(C)C,404.15,True,ODGLTLJZCVNPBU-UHFFFAOYSA-N,128.25899999999996,128.15650064,3.324600000000002,0.0,0,0,3,0,0,0,0,1.0,9,0,56,0,-0.04171790161634167,-0.06276344092316553
2081,CC(C)(C)CC(C)(C)C,395.35,True,GUMULFRCHLJNDY-UHFFFAOYSA-N,128.259,128.15650064,3.468700000000003,0.0,0,0,0,0,0,0,0,1.0,9,0,56,0,-0.037764252564215776,-0.060153984117606224
2082,CCCCCC(C)(C)C,406.15,True,PSABUFWDVWCFDP-UHFFFAOYSA-N,128.259,128.15650064,3.6128000000000027,0.0,0,0,3,0,0,0,0,1.0,9,0,56,0,-0.03826112271278758,-0.06538238045100547
2083,CC(C)(C)CCC(C)(C)C,410.15,True,HXQDUXXBVMMIKL-UHFFFAOYSA-N,142.286,142.172150704,3.858800000000003,0.0,0,0,1,0,0,0,0,1.0,10,0,62,0,-0.038241312051062085,-0.060173601415152315
2084,CC(C)CCCC(C)C,408.15,True,KBPCCVWUMVGXGF-UHFFFAOYSA-N,128.259,128.15650064,3.468700000000003,0.0,0,0,4,0,0,0,0,1.0,9,0,56,0,-0.04713240510765534,-0.06277360921982794
2085,CC(C)CCCCC(C)C,433.15,True,KEVMYFLMMDUPJE-UHFFFAOYSA-N,142.286,142.172150704,3.858800000000003,0.0,0,0,5,0,0,0,0,1.0,10,0,62,0,-0.04713257477153666,-0.06277361059816577
2086,CC(C)CN(CC(C)C)CC(C)C,467.15,True,IIFFFBSAXDNJHX-UHFFFAOYSA-N,185.35499999999996,185.21434986399998,3.256400000000002,3.24,0,1,6,0,0,0,0,1.0,13,1,80,0,0.0004607050104325154,-0.30257455992031457
2087,CCCCCCCCN(CCCCCCCC)CCCCCCCC,652.15,True,XTAZYLNFDRKIHJ-UHFFFAOYSA-N,353.6790000000002,353.402150632,8.369900000000007,3.24,0,1,21,0,0,0,0,1.0,25,1,152,0,-0.0018737932890085418,-0.3033376133505117
2088,CCCCCCC(CO)O,566.56,True,AEIJTFQOBWATKX-UHFFFAOYSA-N,146.23000000000002,146.130679816,1.3099999999999998,40.46,2,2,6,0,0,0,0,1.0,10,2,62,0,0.07704871607423801,-0.39368863343608584
2089,CCCCC#CC,386.75,True,AMSFEMSYKQQCHL-UHFFFAOYSA-N,96.17299999999999,96.093900384,2.1999000000000004,0.0,0,0,2,0,0,0,0,0.7142857142857143,7,0,40,0,0.00884303839558746,-0.10673740262126663
2090,CCCCCCCCC(C)O,484.18843,True,ACUZDYFTRHEKOS-UHFFFAOYSA-N,158.285,158.167065324,3.117800000000002,20.23,1,1,7,0,0,0,0,1.0,11,1,68,0,0.05116668313469139,-0.3934192690333077
2091,CCCCCCCCCCCCC=C,524.25,True,HFDVRLIODXPAHB-UHFFFAOYSA-N,196.37799999999996,196.219100896,5.483400000000006,0.0,0,0,11,0,0,0,0,0.8571428571428571,14,0,84,0,-0.0353412931099218,-0.10308297893627165
2092,CCCCCCCCCCNCCCCCCCCCC,632.15,True,GMTCPFCMAHMEMT-UHFFFAOYSA-N,297.571,297.339550376,6.857400000000008,12.03,1,1,18,0,0,0,0,1.0,21,1,128,0,-0.004891956110584519,-0.31673259438407336
2093,CCC(C)(C)CO,410.15,True,XRMVWAKMXZNZIL-UHFFFAOYSA-N,102.17699999999998,102.104465068,1.4149,20.23,1,1,2,0,0,0,0,1.0,7,1,44,0,0.048152855759497626,-0.39582051920065514
2094,CC(C)C(C)C(C)(C)C,406.15,True,VZFMYOCAEQDWDY-UHFFFAOYSA-N,128.259,128.15650064,3.324600000000002,0.0,0,0,1,0,0,0,0,1.0,9,0,56,0,-0.03544767716348226,-0.06249899986580342
2095,CCC(C)(C)CCC(C)C,426.15,True,SOYLPZSOEXZMLE-UHFFFAOYSA-N,142.28599999999997,142.172150704,3.858800000000003,0.0,0,0,4,0,0,0,0,1.0,10,0,62,0,-0.03567387940320666,-0.06487320330378836
2096,CC(CO)OC,403.15,True,YTTFFPATQICAQN-UHFFFAOYSA-N,90.122,90.06807956,0.013600000000000001,29.46,1,2,2,0,0,0,0,1.0,6,2,38,0,0.0773418595882855,-0.3936900774398114
2097,CCCCCCCCCCCCCCCCCO,597.15,True,GOQYKNQRPGWPLP-UHFFFAOYSA-N,256.4739999999999,256.276615772,5.8501000000000065,20.23,1,1,15,0,0,0,0,1.0,18,1,110,0,0.043052407228889096,-0.39637656934228244
2098,CCCCC(CC)COCCO,504.15,True,OHJYHAOODFPJOD-UHFFFAOYSA-N,174.28399999999996,174.161979944,2.211700000000001,29.46,1,2,8,0,0,0,0,1.0,12,2,74,0,0.06973362843799465,-0.3939803405996557
2099,CCCCCCCCCCCCCCCCC(C)C,599.15,True,KVQVGSDBGJXNGV-UHFFFAOYSA-N,268.52899999999994,268.31300128,7.513800000000008,0.0,0,0,15,0,0,0,0,1.0,19,0,116,0,-0.04713257615118824,-0.06538238322279266
2100,CCCCCCCCCCCCCCCC(C)C,584.2,True,RJWUMFHQJJBBOD-UHFFFAOYSA-N,254.50199999999992,254.29735121599998,7.1237000000000075,0.0,0,0,14,0,0,0,0,1.0,18,0,110,0,-0.04713257615118824,-0.06538238322279266
2101,CCCCCCCCCCCCCCC(C)C,570.15,True,FNWWOHKUXFTKGN-UHFFFAOYSA-N,240.47499999999994,240.28170115199998,6.733600000000007,0.0,0,0,13,0,0,0,0,1.0,17,0,104,0,-0.04713257615118824,-0.06538238322279266
2102,CCCCCCCCCCCCCC(C)C,554.75,True,BANXPJUEBPWEOT-UHFFFAOYSA-N,226.44799999999995,226.26605108799998,6.343500000000007,0.0,0,0,12,0,0,0,0,1.0,16,0,98,0,-0.04713257615118824,-0.06538238322279266
2103,CCCCCCCCCCCCC(C)C,538.35,True,KUVMKLCGXIYSNH-UHFFFAOYSA-N,212.42099999999996,212.25040102399998,5.9534000000000065,0.0,0,0,11,0,0,0,0,1.0,15,0,92,0,-0.04713257615118824,-0.06538238322279266
2104,CCCCCCCCCCCC(C)C,521.05,True,CJBFZKZYIPBBTO-UHFFFAOYSA-N,198.39399999999998,198.23475095999999,5.563300000000005,0.0,0,0,10,0,0,0,0,1.0,14,0,86,0,-0.04713257615118824,-0.06538238322279266
2105,CCCCCCCCCCC(C)C,502.65,True,HGEMCUOAMCILCP-UHFFFAOYSA-N,184.367,184.219100896,5.173200000000005,0.0,0,0,9,0,0,0,0,1.0,13,0,80,0,-0.04713257615118824,-0.06538238322279266
2106,CCCOCC(C)O,423.35,True,FENFUOGYJVOCRY-UHFFFAOYSA-N,118.17599999999997,118.099379688,0.7938000000000001,29.46,1,2,4,0,0,0,0,1.0,8,2,50,0,0.07451271051136509,-0.39101902354023055
2107,CCOCC(C)O,404.15,True,JOLQKTGDSGKSKJ-UHFFFAOYSA-N,104.14899999999999,104.083729624,0.4037,29.46,1,2,3,0,0,0,0,1.0,7,2,44,0,0.07451245933359293,-0.3910190256715253
2108,CC=CC(C)O,395.15,True,GJYMQFMQRRNLCY-UHFFFAOYSA-N,86.134,86.07316494,0.9433,20.23,1,1,1,0,0,0,0,0.6,6,1,36,0,0.0692156403262493,-0.38934054819007685
2109,CCC(C)(CCC(C)C)O,446.15,True,HVPGGLNDHUWMLS-UHFFFAOYSA-N,144.25799999999998,144.15141526,2.583600000000001,20.23,1,1,4,0,0,0,0,1.0,10,1,62,0,0.061685197574898626,-0.39019433752932076
2110,CC=CC=C,317.15,True,PMJHHCWVYXUKFD-UHFFFAOYSA-N,68.11900000000001,68.062600256,1.7485,0.0,0,0,1,0,0,0,0,0.2,5,0,28,0,-0.04667865804740985,-0.09907712715583529
2111,CCC=CCO,411.15,True,BTSIZIIPFNVMHF-UHFFFAOYSA-N,86.134,86.07316494,0.9448999999999999,20.23,1,1,2,0,0,0,0,0.6,6,1,36,0,0.061191784329084724,-0.3923075276167946
2112,CCCCC(=C)CC,393.15,True,XTVRLCUJHGUXCP-UHFFFAOYSA-N,112.216,112.12520051199999,3.142800000000002,0.0,0,0,4,0,0,0,0,0.75,8,0,48,0,-0.03232074721052525,-0.09987208903756918
2113,C=CCCCCCCC=C,437.15,True,NLDGJRWPPOSWLC-UHFFFAOYSA-N,138.254,138.140850576,3.6990000000000025,0.0,0,0,7,0,0,0,0,0.6,10,0,58,0,-0.03534129163808719,-0.10308297893626152
2114,CCCCCCCCCC(C)O,504.15,True,XMUJIPOFTAHSOK-UHFFFAOYSA-N,172.312,172.182715388,3.5079000000000025,20.23,1,1,8,0,0,0,0,1.0,12,1,74,0,0.05116668313469141,-0.3934192690333077
2115,CCCCCCCCCCCC(C)O,538.15,True,HKOLRKVMHVYNGG-UHFFFAOYSA-N,200.36599999999999,200.21401551600002,4.2881000000000045,20.23,1,1,10,0,0,0,0,1.0,14,1,86,0,0.05116668313469141,-0.3934192690333077
2116,CCCCCCCCCCCCCCCCCN,609.15,True,KAJZYANLDWUIES-UHFFFAOYSA-N,255.4899999999999,255.29260018399998,5.816500000000005,26.02,1,1,15,0,0,0,0,1.0,18,1,110,0,-0.007727546703962752,-0.33047350396342257
2117,CCCCCCCCCCCCCCCCCCN,623.15,True,REYJJPSVUYRZGE-UHFFFAOYSA-N,269.5169999999999,269.308250248,6.206600000000005,26.02,1,1,16,0,0,0,0,1.0,19,1,116,0,-0.007727546703962752,-0.33047350396342257
2118,CC(C)CCCC(C)CCCC(C)CCCC(C)C,579.15,True,XOJVVFBFDXDTEG-UHFFFAOYSA-N,268.52899999999994,268.31300128,7.081500000000008,0.0,0,0,12,0,0,0,0,1.0,19,0,116,0,-0.044279732112825675,-0.06277360921452241
2119,CCCC#CCCC,406.65,True,GZTNBKQTTZSQNS-UHFFFAOYSA-N,110.19999999999999,110.109550448,2.5900000000000007,0.0,0,0,2,0,0,0,0,0.75,8,0,46,0,0.008601469653956171,-0.10333376631711125
2120,CCCCC#CCCCC,451.15,True,JWBQJUFCNOLNNC-UHFFFAOYSA-N,138.254,138.140850576,3.3702000000000023,0.0,0,0,4,0,0,0,0,0.8,10,0,58,0,0.00885392089140629,-0.10332309435894746
2121,CCCCCCCCCN,471.15,True,FJDUDHYHRVPMJZ-UHFFFAOYSA-N,143.274,143.167399672,2.6957000000000004,26.02,1,1,7,0,0,0,0,1.0,10,1,62,0,-0.0077275467039627605,-0.33047350396342257
2122,CCCCCCCCCCCCCCN,562.15,True,PLZVEHJLHYMBBY-UHFFFAOYSA-N,213.40899999999993,213.24564999199998,4.646200000000003,26.02,1,1,12,0,0,0,0,1.0,15,1,92,0,-0.007727546703962752,-0.33047350396342257
2123,CCCCCCCCCCCCCCCCN(C)C,603.15,True,NHLUVTZJQOJKCC-UHFFFAOYSA-N,269.51699999999994,269.308250248,6.029300000000006,3.24,0,1,15,0,0,0,0,1.0,19,1,116,0,-0.00248364259305738,-0.30939993843088753
2124,CCCCCCCCN(C)C,465.15,True,UQKAOOAFEFCDGT-UHFFFAOYSA-N,157.30100000000002,157.183049736,2.908500000000002,3.24,0,1,7,0,0,0,0,1.0,11,1,68,0,-0.0024836425930670858,-0.30939993843088753
2125,CCCCCCCN(C)C,445.15,True,LSICDRUYCNGRIF-UHFFFAOYSA-N,143.274,143.167399672,2.5184000000000006,3.24,0,1,6,0,0,0,0,1.0,10,1,62,0,-0.0024836425983408334,-0.30939993843089747
2126,CC(C#C)O,379.65,True,GKPOMITUDGXOSB-UHFFFAOYSA-N,70.091,70.041864812,0.00040000000000001146,20.23,1,1,0,0,0,0,0,0.5,5,1,28,0,0.11121115883529961,-0.38068943106612235
2127,CCCCCNCCCCC,477.15,True,JACMPVXHEARCBO-UHFFFAOYSA-N,157.301,157.183049736,2.9564000000000012,12.03,1,1,8,0,0,0,0,1.0,11,1,68,0,-0.004892129214892328,-0.3167325972152944
2128,CCC(C)CCCC(C)C,431.15,True,ZALHPSXXQIPKTQ-UHFFFAOYSA-N,142.286,142.172150704,3.858800000000003,0.0,0,0,5,0,0,0,0,1.0,10,0,62,0,-0.04454222036896944,-0.06512830049203285
2129,CCCCCCC(CCC)O,487.15,True,DTDMYWXTWWFLGJ-UHFFFAOYSA-N,158.285,158.167065324,3.117800000000002,20.23,1,1,7,0,0,0,0,1.0,11,1,68,0,0.05397465119852909,-0.3931315661236573
2130,CCC(C(=C)C)O,407.65,True,DHNPVHJGKASNBQ-UHFFFAOYSA-N,100.16099999999999,100.088815004,1.3334,20.23,1,1,2,0,0,0,0,0.6666666666666666,7,1,42,0,0.0741723188560295,-0.388798576588706
2131,C(CCCN)CCN,470.15,True,NAQMVNRVTILPCV-UHFFFAOYSA-N,116.20800000000001,116.13134851199999,0.4642000000000001,52.04,2,2,5,0,0,0,0,1.0,8,2,50,0,-0.0077275401608168015,-0.3304735039378873
2132,CCCCCCCCCCCCCCOCCO,680.28,True,QHERURXKGFABNZ-UHFFFAOYSA-N,258.4459999999999,258.255880328,4.696400000000005,29.46,1,2,15,0,0,0,0,1.0,18,2,110,0,0.069719364415563,-0.3939803427494372
2133,CCCC(C)CC(C)C,405.15,True,AUKVIBNBLXQNIZ-UHFFFAOYSA-N,128.259,128.15650064,3.468700000000003,0.0,0,0,4,0,0,0,0,1.0,9,0,56,0,-0.044046909476935195,-0.06537242366183277
2134,CC(C)CC(=C)C,354.75,True,LXQPBCHJNIOMQU-UHFFFAOYSA-N,98.189,98.109550448,2.608600000000001,0.0,0,0,2,0,0,0,0,0.7142857142857143,7,0,42,0,-0.030252928004316223,-0.10013091866296879
2135,CCC(C)CCC(C)C,408.15,True,HQZHQNKZOYIKQC-UHFFFAOYSA-N,128.259,128.15650064,3.468700000000003,0.0,0,0,4,0,0,0,0,1.0,9,0,56,0,-0.04453260720346361,-0.06512829911210985
2136,CCCC(CC)CCC,414.15,True,XMROPFQWHHUFFS-UHFFFAOYSA-N,128.259,128.15650064,3.6128000000000027,0.0,0,0,5,0,0,0,0,1.0,9,0,56,0,-0.04171097968376277,-0.06537225312459749
2137,CCCCCC(C)CC,417.15,True,SEEOMASXHIJCDV-UHFFFAOYSA-N,128.259,128.15650064,3.6128000000000027,0.0,0,0,5,0,0,0,0,1.0,9,0,56,0,-0.04454239280037601,-0.06538238184040335
2138,CCCCC(C)CCC,415.15,True,DOGIHOCMZJUJNR-UHFFFAOYSA-N,128.259,128.15650064,3.6128000000000027,0.0,0,0,5,0,0,0,0,1.0,9,0,56,0,-0.04429030725972217,-0.06538221100653975
2139,C=CC=CC=C,355.35,True,AFVDZBIIBXWASR-UHFFFAOYSA-N,80.13,80.062600256,1.9145999999999999,0.0,0,0,2,0,0,0,0,0.0,6,0,32,0,-0.06287787990511463,-0.09906582150131557
2140,CCCC(C)C(C)O,426.15,True,IRLSKJITMWPWNY-UHFFFAOYSA-N,116.20399999999998,116.120115132,1.8034,20.23,1,1,3,0,0,0,0,1.0,8,1,50,0,0.053714119828902576,-0.39314126520158216
2141,CCCC(C)(C)CO,438.9,True,QTOMCRXZFDHJOL-UHFFFAOYSA-N,116.20399999999998,116.120115132,1.8050000000000002,20.23,1,1,3,0,0,0,0,1.0,8,1,50,0,0.04816288099372805,-0.3958203358972684
2142,CCCCC(C)(C)CO,445.56825,True,GSSDZVRLQDXOPL-UHFFFAOYSA-N,130.231,130.135765196,2.1951000000000005,20.23,1,1,4,0,0,0,0,1.0,9,1,56,0,0.04816305486971737,-0.3958203344324979
2143,CCCCCC#CCCC,437.4,True,KVUNBQMRRNMQIZ-UHFFFAOYSA-N,138.254,138.140850576,3.3702000000000023,0.0,0,0,4,0,0,0,0,0.8,10,0,58,0,0.008863829590843985,-0.10333359122984466
2144,C=CCCCC=C,362.15,True,GEAWFZNTIFJMHR-UHFFFAOYSA-N,96.17299999999999,96.093900384,2.5287000000000006,0.0,0,0,4,0,0,0,0,0.42857142857142855,7,0,40,0,-0.03504655359771669,-0.10308279364240718
2145,C#CCCCCCC#C,438.15,True,DMOVPHYFYSASTC-UHFFFAOYSA-N,120.195,120.093900384,2.2033000000000005,0.0,0,0,4,0,0,0,0,0.5555555555555556,9,0,48,0,0.008601500244318045,-0.12010931577296428
2146,CC(C)CCCCCCO,479.15,True,QDTDKYHPHANITQ-UHFFFAOYSA-N,144.258,144.15141526,2.5852000000000017,20.23,1,1,6,0,0,0,0,1.0,10,1,62,0,0.043052407234226375,-0.39637656934227217
2147,CC(CCC=C(C)C)C=C,439.15,True,FUDNBFMOXDUIIE-UHFFFAOYSA-N,138.25399999999996,138.140850576,3.5549000000000026,0.0,0,0,4,0,0,0,0,0.6,10,0,58,0,-0.026169311899453915,-0.10281362783747308
2148,CCCCCCCCCCCCCCC(C)CO,680.3,True,FCSBKDJGLIURSH-UHFFFAOYSA-N,256.47399999999993,256.276615772,5.706000000000007,20.23,1,1,14,0,0,0,0,1.0,18,1,110,0,0.045612491906914535,-0.3960990112380961
2149,CC(CCO)OC,432.15,True,JSGVZVOGOQILFM-UHFFFAOYSA-N,104.14899999999999,104.083729624,0.4037,29.46,1,2,3,0,0,0,0,1.0,7,2,44,0,0.05646033185936386,-0.39627495861638573
2150,CCCCCCCCCCCCCCCN,585.15,True,JPZYXGPCHFZBHO-UHFFFAOYSA-N,227.43599999999992,227.26130005599998,5.036300000000004,26.02,1,1,13,0,0,0,0,1.0,16,1,98,0,-0.007727546703962752,-0.33047350396342257
2151,C(COCCOCCOCCOCCOCCO)O,490.15,True,IIRDTKBZINWQAW-UHFFFAOYSA-N,282.3329999999999,282.16785317200004,-0.9459999999999973,86.61000000000001,2,7,16,0,0,0,0,1.0,19,7,116,0,0.07011439546557018,-0.39398032487450974
2152,CCCC=C(C)C,368.15,True,BWEKDYGHDCHWEN-UHFFFAOYSA-N,98.189,98.109550448,2.752700000000001,0.0,0,0,2,0,0,0,0,0.7142857142857143,7,0,42,0,-0.03508825722705776,-0.08589916377173265
2153,C(CCCCCCN)CCCCCN,572.15,True,QFTYSVGGYOXFRQ-UHFFFAOYSA-N,200.36999999999995,200.22524889599998,2.8048,52.04,2,2,11,0,0,0,0,1.0,14,2,86,0,-0.007727546703962752,-0.33047350396342257
2154,CCCCCCCCCCCC(C)CCC,565.24,True,ODDVOCXSLXTIIU-UHFFFAOYSA-N,226.44799999999995,226.26605108799998,6.343500000000007,0.0,0,0,12,0,0,0,0,1.0,16,0,98,0,-0.044290134878877556,-0.06538238322279266
2155,CCCOCCO,425.15,True,YEYKMVJDLWJFOA-UHFFFAOYSA-N,104.14899999999999,104.083729624,0.40530000000000005,29.46,1,2,4,0,0,0,0,1.0,7,2,44,0,0.06971912287222964,-0.39398034275755706
2156,CCCCCC#CC,411.15,True,QCQALVMFTWRCFI-UHFFFAOYSA-N,110.19999999999999,110.109550448,2.5900000000000007,0.0,0,0,3,0,0,0,0,0.75,8,0,46,0,0.00885294851798257,-0.10673740124761973
2157,CCCCCCC(C)CCC,461.15,True,DVWZNKLWPILULD-UHFFFAOYSA-N,156.313,156.187800768,4.393000000000004,0.0,0,0,7,0,0,0,0,1.0,11,0,68,0,-0.04429013488413682,-0.06538238321750621
2158,CCCCCCCCCCCCC(C)CC,539.5,True,FWXKCXJPHSAYMK-UHFFFAOYSA-N,226.44799999999995,226.26605108799998,6.343500000000007,0.0,0,0,12,0,0,0,0,1.0,16,0,98,0,-0.04454239142239572,-0.06538238322279266
2159,CC(CCC(C)O)O,502.15,True,OHMBHFSEKCCCBW-UHFFFAOYSA-N,118.17599999999997,118.099379688,0.5282,40.46,2,2,3,0,0,0,0,1.0,8,2,50,0,0.0512619369691599,-0.39341753562647275
2160,CCCCCCCCCCCCNCCCCCCCCCCCC,453.15,True,MJCJUDJQDGGKOX-UHFFFAOYSA-N,353.6790000000002,353.402150632,8.417800000000007,12.03,1,1,22,0,0,0,0,1.0,25,1,152,0,-0.004891956110584519,-0.31673259438407336
2161,CN(C)CCN(C)CCN(C)C,471.15,True,UKODFQOELJFMII-UHFFFAOYSA-N,173.304,173.18919773599998,0.04140000000000099,9.72,0,3,6,0,0,0,0,1.0,12,3,74,0,0.010661061351922973,-0.3081288727334881
2162,CC(C#CC(C)O)O,529.36,True,KDOWHHULNTXTNS-UHFFFAOYSA-N,114.14399999999996,114.06807956,-0.24860000000000004,40.46,2,2,0,0,0,0,0,0.6666666666666666,8,2,46,0,0.11157502595490157,-0.380677532676255
2163,C(CO)C(CO)O,567.22,True,ARXKVVRQIIOZGF-UHFFFAOYSA-N,106.121,106.06299418,-1.2780000000000002,60.69,3,3,3,0,0,0,0,1.0,7,3,44,0,0.07922909103547164,-0.39627330039606967
2164,CCC(CC)CC(C)C,407.15,True,KYCZJIBOPKRSOV-UHFFFAOYSA-N,128.259,128.15650064,3.468700000000003,0.0,0,0,4,0,0,0,0,1.0,9,0,56,0,-0.04170994917134824,-0.06511818276320609
2165,CCCC(C)(CC)CC,413.15,True,CYWROHZCELEGSE-UHFFFAOYSA-N,128.259,128.15650064,3.6128000000000027,0.0,0,0,4,0,0,0,0,1.0,9,0,56,0,-0.03311720474675757,-0.06536222601729531
2166,CCC(C)C(CC)CC,413.15,True,OKCRKWVABWILDR-UHFFFAOYSA-N,128.259,128.15650064,3.468700000000003,0.0,0,0,4,0,0,0,0,1.0,9,0,56,0,-0.039382286780421244,-0.06511812270444321
2167,CC(C)(C)CCCO,433.15,True,OWCNPTHAWPMOJU-UHFFFAOYSA-N,116.204,116.120115132,1.8050000000000002,20.23,1,1,2,0,0,0,0,1.0,8,1,50,0,0.0430723432454141,-0.3963762037044756
2168,CCCCCCCCCCCCCCCCCCCCCCCO,664.0,True,FPLNRAYTBIFSFW-UHFFFAOYSA-N,340.6360000000001,340.37051615599995,8.190700000000007,20.23,1,1,21,0,0,0,0,1.0,24,1,146,0,0.043052407228889096,-0.39637656934228244
2169,CC(=CCC=C(C)C=C)C,346.15,True,IHPKGUQCSIINRJ-UHFFFAOYSA-N,136.238,136.125200512,3.4750000000000023,0.0,0,0,3,0,0,0,0,0.4,10,0,56,0,-0.016098494812339142,-0.09881309820558076
2170,CCCCCC(C=C)O,447.15,True,VSMOENVRRABVKN-UHFFFAOYSA-N,128.21499999999997,128.120115132,2.1136000000000004,20.23,1,1,5,0,0,0,0,0.75,9,1,54,0,0.07178455473957934,-0.38906063596882545
2171,CCCC(C)C=C,357.15,True,RITONZMLZWYPHW-UHFFFAOYSA-N,98.189,98.109550448,2.608600000000001,0.0,0,0,3,0,0,0,0,0.7142857142857143,7,0,42,0,-0.026474074727174154,-0.10281381554265222
2172,CCC(=C)C=C,346.15,True,IGLWCQMNTGCUBB-UHFFFAOYSA-N,82.14599999999999,82.07825032,2.1386000000000003,0.0,0,0,2,0,0,0,0,0.3333333333333333,6,0,34,0,-0.03135230642115476,-0.09881288063937643
2173,CCC(C)C(=C)C,357.15,True,LIMAEKMEXJTSNI-UHFFFAOYSA-N,98.189,98.109550448,2.608600000000001,0.0,0,0,2,0,0,0,0,0.7142857142857143,7,0,42,0,-0.02397484773195818,-0.0998713385874777
2174,CCC(C)(C)C=C,350.15,True,TXBZITDWMURSEF-UHFFFAOYSA-N,98.18899999999998,98.109550448,2.608600000000001,0.0,0,0,2,0,0,0,0,0.7142857142857143,7,0,42,0,-0.018013536438349496,-0.10254375277316717
2175,CC(C)CC=C(C)C,386.15,True,VFZIUYUUQFYZBR-UHFFFAOYSA-N,112.21599999999998,112.12520051199999,2.9987000000000013,0.0,0,0,2,0,0,0,0,0.75,8,0,48,0,-0.03250075062581785,-0.08563416888476763
2176,CCCCN(C)CCCC,432.15,True,MTHFROHDIWGWFD-UHFFFAOYSA-N,143.27399999999997,143.167399672,2.5184000000000006,3.24,0,1,6,0,0,0,0,1.0,10,1,62,0,-0.002188913542259407,-0.3063688429172665
2177,CCCCCCCCCCCCCCCCCCC=C,614.15,True,VAMFXQBUQXONLZ-UHFFFAOYSA-N,280.5399999999999,280.31300128,7.824000000000008,0.0,0,0,17,0,0,0,0,0.9,20,0,120,0,-0.0353412931099218,-0.10308297893627165
2178,CCCCCCCC#C,423.95,True,OSSQSXOTMIGBCF-UHFFFAOYSA-N,124.22699999999999,124.12520051199999,2.980100000000002,0.0,0,0,5,0,0,0,0,0.7777777777777778,9,0,52,0,0.008600939421240919,-0.12010931578969078
2179,CC(CCO)CC(C)(C)C,466.15,True,BODRLKRKPXBDBN-UHFFFAOYSA-N,144.25799999999998,144.15141526,2.4411000000000005,20.23,1,1,3,0,0,0,0,1.0,10,1,62,0,0.04330683379692036,-0.3963658919673452
2180,CCCC(CC=C)O,425.25,True,AQTUHJABKZECGA-UHFFFAOYSA-N,114.18799999999999,114.104465068,1.7235,20.23,1,1,4,0,0,0,0,0.7142857142857143,8,1,48,0,0.057399739997732666,-0.39280878212358417
2181,CC(C)CCC(C)(C)C,397.15,True,HHOSMYBYIHNXNO-UHFFFAOYSA-N,128.259,128.15650064,3.468700000000003,0.0,0,0,2,0,0,0,0,1.0,9,0,56,0,-0.03825133759960815,-0.06277326460408876
2182,C=CCCCCC=C,390.25,True,XWJBRBSPAODJER-UHFFFAOYSA-N,110.19999999999999,110.109550448,2.918800000000002,0.0,0,0,5,0,0,0,0,0.5,8,0,46,0,-0.03533033667175625,-0.10308297747611476
2183,CC(C)CCC(C)(C)O,427.65,True,JPUIYNHIEXIFMV-UHFFFAOYSA-N,130.231,130.135765196,2.1935000000000007,20.23,1,1,3,0,0,0,0,1.0,9,1,56,0,0.059142137737638434,-0.3904718147311013
2184,CCC(C)CC=C,360.15,True,SUWJESCICIOQHO-UHFFFAOYSA-N,98.189,98.109550448,2.608600000000001,0.0,0,0,3,0,0,0,0,0.7142857142857143,7,0,42,0,-0.032763253995207874,-0.10307283248457277
2185,CCC(C)CCCC(C)CCCC(C)C,525.1,True,YFHFHLSMISYUAQ-UHFFFAOYSA-N,212.42099999999996,212.25040102399998,5.665200000000006,0.0,0,0,9,0,0,0,0,1.0,15,0,92,0,-0.04427973211811861,-0.06512830049202309
2186,CCCCCC(C)CCCC(C)CCCC(C)C,610.12,True,LBWPYRZGHYVSEL-UHFFFAOYSA-N,254.50199999999995,254.29735121599998,6.835500000000008,0.0,0,0,12,0,0,0,0,1.0,18,0,110,0,-0.04427973211282568,-0.06538238184039362
2187,CCCCCCC(CCCC)CO,521.15,True,XMVBHZBLHNOQON-UHFFFAOYSA-N,186.33899999999997,186.198365452,3.7555000000000027,20.23,1,1,9,0,0,0,0,1.0,13,1,80,0,0.0458764194593103,-0.3960881674415584
2188,C(CCCCO)CCCCO,589.88,True,ALVZNPYWJMLXKV-UHFFFAOYSA-N,160.25699999999998,160.14632988,1.7016999999999998,40.46,2,2,8,0,0,0,0,1.0,11,2,68,0,0.04305240722888916,-0.39637656934228244
2189,CC(C)OCC(C)O,410.65,True,AFHJYKBGDDJSRR-UHFFFAOYSA-N,118.17599999999999,118.099379688,0.7922,29.46,1,2,3,0,0,0,0,1.0,8,2,50,0,0.07452733207501874,-0.3910187512818486
2190,CCC(C(C)(C)C)O,409.15,True,HMSVXZJWPVIVIV-UHFFFAOYSA-N,116.20399999999998,116.120115132,1.8034,20.23,1,1,1,0,0,0,0,1.0,8,1,50,0,0.058541994070166886,-0.3925955500640396
2191,CC(C)CCC(C)C(C)C,413.06493,True,IHPXJGBVRWFEJB-UHFFFAOYSA-N,142.28599999999997,142.172150704,3.714700000000003,0.0,0,0,4,0,0,0,0,1.0,10,0,62,0,-0.04195131436977929,-0.0627734362290189
2192,CCC(CC)C=C,357.15,True,YPVPQMCSLFDIKA-UHFFFAOYSA-N,98.189,98.109550448,2.608600000000001,0.0,0,0,3,0,0,0,0,0.7142857142857143,7,0,42,0,-0.02414358568886968,-0.10280385538243872
2193,CC(=C)CCC=C,361.15,True,SLQMKNPIYMOEGB-UHFFFAOYSA-N,96.173,96.093900384,2.5287000000000006,0.0,0,0,3,0,0,0,0,0.42857142857142855,7,0,40,0,-0.02911345049457973,-0.10307166218392298
2194,CCCC=CC,341.0,True,RYPKRALMXUUNKS-UHFFFAOYSA-N,84.16199999999999,84.093900384,2.3626000000000005,0.0,0,0,2,0,0,0,0,0.6666666666666666,6,0,36,0,-0.03534645830278346,-0.09166437222257405
2195,CCC(C)CCC=C(C)C,436.15,True,WQNLWKDARWVSKE-UHFFFAOYSA-N,140.26999999999998,140.15650064,3.778900000000003,0.0,0,0,4,0,0,0,0,0.8,10,0,60,0,-0.03457211975935561,-0.08587864800028297
2196,C(CNCCNCCNCCNCCN)N,653.15,True,LSHROXHEILXKHM-UHFFFAOYSA-N,232.37599999999998,232.23754489599997,-2.7377999999999965,100.16,6,6,13,0,0,0,0,1.0,16,6,98,0,0.007722976477767303,-0.32920809023778697
2197,CC=CCO,392.65,True,WCASXYBKJHWFMY-UHFFFAOYSA-N,72.107,72.057514876,0.5548,20.23,1,1,1,0,0,0,0,0.5,5,1,30,0,0.06118185980250814,-0.39230770670876625
2198,CCCCCCCCCCCCCCCCCCCCCCCCCCCCCCCCCCCCCCCC,795.15,True,KUPLEGDPSCCPJI-UHFFFAOYSA-N,563.0960000000005,562.641652624,15.849999999999959,0.0,0,0,37,0,0,0,0,1.0,40,0,242,0,-0.0533059727891157,-0.06538238322279266
2199,CC(CC(C)(C)C)CC(C)(C)CC(C)(C)C,519.15,True,VCLJODPNBNEBKW-UHFFFAOYSA-N,226.44799999999995,226.26605108799998,5.911200000000006,0.0,0,0,4,0,0,0,0,1.0,16,0,98,0,-0.034671582234268083,-0.062469720497058595
2200,CC(C(CO)O)O,443.15,True,YAXKTBLXMTYWDQ-UHFFFAOYSA-N,106.12099999999998,106.06299418,-1.2796,60.69,3,3,2,0,0,0,0,1.0,7,3,44,0,0.1025830353438693,-0.39358131366585863
2201,CCCCN(CC)CC,409.15,True,ORSUTASIQKBEFU-UHFFFAOYSA-N,129.24699999999999,129.151749608,2.1283000000000003,3.24,0,1,5,0,0,0,0,1.0,9,1,56,0,-0.001907025372988458,-0.303886009328271
2202,CC(CCO)CCO,521.55,True,SXFJDZNJHVPHPH-UHFFFAOYSA-N,118.17599999999999,118.099379688,0.38730000000000003,40.46,2,2,4,0,0,0,0,1.0,8,2,50,0,0.04330794837709274,-0.39636588264541367
2203,CCC(CC)COCCO,496.8,True,ZKCAGDPACLOVBN-UHFFFAOYSA-N,146.23,146.130679816,1.4315,29.46,1,2,6,0,0,0,0,1.0,10,2,62,0,0.0697336265018663,-0.39398034059967074
2204,CC(CCC=C(C)C)O,459.15,True,OHEFFKYYKJVVOX-UHFFFAOYSA-N,128.21499999999997,128.120115132,2.1136000000000004,20.23,1,1,3,0,0,0,0,0.75,9,1,54,0,0.05146197519889316,-0.3934074959548872
2205,CC=C(C)CO,410.15,True,NEJDKFPXHQRVMV-UHFFFAOYSA-N,86.13399999999999,86.07316494,0.9448999999999999,20.23,1,1,1,0,0,0,0,0.6,6,1,36,0,0.0638462978993553,-0.39203533771923355
2206,CCCCCCCCCCCCC(C)O,557.15,True,BRGJIIMZXMWMCC-UHFFFAOYSA-N,214.39299999999997,214.22966558000002,4.678200000000005,20.23,1,1,11,0,0,0,0,1.0,15,1,92,0,0.05116668313469141,-0.3934192690333077
2207,CCCC(C=C)O,407.15,True,BVOSSZSHBZQJOI-UHFFFAOYSA-N,100.16099999999999,100.088815004,1.3334,20.23,1,1,3,0,0,0,0,0.6666666666666666,7,1,42,0,0.0717744186534131,-0.3890608211861144
2208,CC(C)C(C=C)O,398.15,True,SZKVYEHTIWILMA-UHFFFAOYSA-N,100.16099999999999,100.088815004,1.1893,20.23,1,1,2,0,0,0,0,0.6666666666666666,7,1,42,0,0.07406838872964039,-0.38879128405952007
2209,CCCCC(C)C=C,384.15,True,QDMFTFWKTYXBIW-UHFFFAOYSA-N,112.21599999999998,112.12520051199999,2.9987000000000013,0.0,0,0,4,0,0,0,0,0.75,8,0,48,0,-0.026464180034035206,-0.10281381417239956
2210,CCCCNCCCCCCNCCCC,620.26,True,VZRUGPJUVWRHKM-UHFFFAOYSA-N,228.42399999999992,228.25654902399998,3.326200000000002,24.06,2,2,13,0,0,0,0,1.0,16,2,98,0,-0.004891951133007662,-0.31673277187667104
2211,CCC(C)C(C)(C)O,402.9,True,YRSIFCHKXFKNME-UHFFFAOYSA-N,116.20399999999998,116.120115132,1.8034,20.23,1,1,2,0,0,0,0,1.0,8,1,50,0,0.06165739083173585,-0.39019375891032804
2212,CCCCC(C=C)O,426.9,True,PZKFYTOLVRCMOA-UHFFFAOYSA-N,114.18799999999997,114.104465068,1.7235,20.23,1,1,4,0,0,0,0,0.7142857142857143,8,1,48,0,0.07178438197662375,-0.389060637437473
2213,CC(C)CCCC(C)C=C,428.15,True,KSXTZYRIJKDCEA-UHFFFAOYSA-N,140.26999999999998,140.15650064,3.634800000000003,0.0,0,0,5,0,0,0,0,0.8,10,0,60,0,-0.026463836184870783,-0.10281381416191135
2214,CC(C)CCCC=C,386.15,True,DFVOXRAAHOJJBN-UHFFFAOYSA-N,112.216,112.12520051199999,2.9987000000000013,0.0,0,0,4,0,0,0,0,0.75,8,0,48,0,-0.03533150085718254,-0.10308297756671253
2215,CCCCOCC(C)O,445.15,True,RWNUSVWFHDHRCJ-UHFFFAOYSA-N,132.203,132.115029752,1.1839,29.46,1,2,5,0,0,0,0,1.0,9,2,56,0,0.07451271252800169,-0.39101902353209184
2216,CCCCC(C)N,389.15,True,WGBBUURBHXLGFM-UHFFFAOYSA-N,101.193,101.12044947999999,1.5238,26.02,1,1,3,0,0,0,0,1.0,7,1,44,0,0.0010430329649816796,-0.32798749345737105
2217,CCCCCCCCCCC(CCCCCCCC)CO,748.94,True,LEACJMVNYZDSKR-UHFFFAOYSA-N,298.55499999999995,298.323565964,6.8763000000000085,20.23,1,1,17,0,0,0,0,1.0,21,1,128,0,0.045876420857688706,-0.3960881674359828
2218,CCCCCC(C)(CC)O,462.15,True,JEWXYDDSLPIBBO-UHFFFAOYSA-N,144.258,144.15141526,2.727700000000002,20.23,1,1,5,0,0,0,0,1.0,10,1,62,0,0.06167535085357562,-0.3901945204722931
2219,C=CCCCCCCCCC=C,481.65,True,IYPLTVKTLDQUGG-UHFFFAOYSA-N,166.308,166.172150704,4.479200000000004,0.0,0,0,9,0,0,0,0,0.6666666666666666,12,0,70,0,-0.035341293109911534,-0.10308297893627165
2220,CCCCCCCCCCCCCNCCCCCCCCCCCCC,844.65,True,PZFYOFFTIYJCEW-UHFFFAOYSA-N,381.7330000000003,381.43345075999997,9.198000000000002,12.03,1,1,24,0,0,0,0,1.0,27,1,164,0,-0.004891956110584519,-0.31673259438407336
2221,CCCCCCC(C)CC,441.15,True,PLZDDPSCZHRBOY-UHFFFAOYSA-N,142.286,142.172150704,4.002900000000003,0.0,0,0,6,0,0,0,0,1.0,10,0,62,0,-0.04454239142765496,-0.06538238321750621
2222,CCCCCC(CCC)O,465.65,True,IXUOEGRSQCCEHB-UHFFFAOYSA-N,144.258,144.15141526,2.727700000000002,20.23,1,1,6,0,0,0,0,1.0,10,1,62,0,0.053974649812272686,-0.3931315661292135
2223,CCCC(C)O,392.25,True,JYVLIDXNZAXMDK-UHFFFAOYSA-N,88.14999999999999,88.088815004,1.1673,20.23,1,1,2,0,0,0,0,1.0,6,1,38,0,0.051156559616146235,-0.39341945247761856
2224,CCCCC(=C)C,365.15,True,IRUDSQHLKGNCGF-UHFFFAOYSA-N,98.189,98.109550448,2.752700000000001,0.0,0,0,3,0,0,0,0,0.7142857142857143,7,0,42,0,-0.032586993742815346,-0.10014093327395603
2225,CCCCCCCCC(C)CCCCCC,565.24,True,MOKGOCMIDWMCHO-UHFFFAOYSA-N,226.44799999999992,226.26605108799998,6.343500000000007,0.0,0,0,12,0,0,0,0,1.0,16,0,98,0,-0.04428007561101691,-0.06538238322279266
2226,CCC(CC)(C#C)O,411.15,True,PUNRPAWKFTXZIW-UHFFFAOYSA-N,112.17199999999997,112.088815004,1.1706999999999999,20.23,1,1,2,0,0,0,0,0.7142857142857143,8,1,46,0,0.12424613023415859,-0.37764940959822435
2227,CC(C)CC(C)CO,431.0,True,OVOVDHYEOQJKMD-UHFFFAOYSA-N,116.20399999999998,116.120115132,1.6609,20.23,1,1,3,0,0,0,0,1.0,8,1,50,0,0.04562237565071141,-0.39609882888224385
2228,CCCCCCCCCCCCCCCC=C,574.15,True,ADOBXTDBFNCOBN-UHFFFAOYSA-N,238.45899999999992,238.26605108799998,6.653700000000007,0.0,0,0,14,0,0,0,0,0.8823529411764706,17,0,102,0,-0.0353412931099218,-0.10308297893627165
2229,CCCCCCC(CCCCC)O,565.9,True,LRBBIFXICMMTOW-UHFFFAOYSA-N,186.33899999999997,186.198365452,3.8980000000000037,20.23,1,1,9,0,0,0,0,1.0,13,1,80,0,0.053984773347191345,-0.3931313824736106
2230,CCC(CC)(C(CC)(CC)O)O,503.15,True,HDXDBVSPBNTNNA-UHFFFAOYSA-N,174.284,174.161979944,2.0886000000000005,40.46,2,2,5,0,0,0,0,1.0,12,2,74,0,0.09274645101087052,-0.3869117724648794
2231,CCCCCCCCCC(C)C,484.15,True,GTJOHISYCKPIMT-UHFFFAOYSA-N,170.34,170.203450832,4.783100000000005,0.0,0,0,8,0,0,0,0,1.0,12,0,74,0,-0.04713257615118824,-0.06538238322279266
2232,CCCCCCCCCCCCCCCCCCCCCCCCCCCCCCCCCCCCCCCCCCCC,821.15,True,KMXFZRSJMDYPPG-UHFFFAOYSA-N,619.2040000000002,618.70425288,17.410399999999967,0.0,0,0,41,0,0,0,0,1.0,44,0,266,0,-0.0533059727891157,-0.06538238322279266
2233,CC(C)(C)CCC=C,375.15,True,KZJIOVQKSAOPOP-UHFFFAOYSA-N,112.216,112.12520051199999,2.9987000000000013,0.0,0,0,2,0,0,0,0,0.75,8,0,48,0,-0.03484311643390575,-0.1030826336694071
2234,CCCC(=C(C)C)C,395.15,True,RGYAVZGBAJFMIZ-UHFFFAOYSA-N,112.21599999999998,112.12520051199999,3.142800000000002,0.0,0,0,2,0,0,0,0,0.75,8,0,48,0,-0.03232274208481198,-0.07750948641063374
2235,CCCCCC(C)C(C)C,437.15,True,YPMNDMUOGQJCLW-UHFFFAOYSA-N,142.28599999999997,142.172150704,3.858800000000003,0.0,0,0,5,0,0,0,0,1.0,10,0,62,0,-0.041961099986386544,-0.06538238183508441
2236,CCC(C)CC(C)(C)CC,430.15,True,VRVRZZWPKABUOE-UHFFFAOYSA-N,142.286,142.172150704,3.858800000000003,0.0,0,0,4,0,0,0,0,1.0,10,0,62,0,-0.0354308571014133,-0.06512795265159786
2237,CCCCCCCCCCCCCCCCCCCCCCCCCCCCCCCCCCCCC,778.15,True,PXEZIKSRSYGOED-UHFFFAOYSA-N,521.0150000000007,520.594702432,14.679699999999965,0.0,0,0,34,0,0,0,0,1.0,37,0,224,0,-0.0533059727891157,-0.06538238322279266
2238,CCC(C)(CCCC(C)CCCC(C)C)O,630.87,True,NUKWKMGANFONQP-UHFFFAOYSA-N,228.41999999999996,228.24531564400002,4.780100000000005,20.23,1,1,9,0,0,0,0,1.0,16,1,98,0,0.06167552630283548,-0.39019451899167573
2239,CCC(C)(C(C)(C)C)O,426.41115,True,KLIHWYNSISMOMR-UHFFFAOYSA-N,130.231,130.135765196,2.1935000000000007,20.23,1,1,1,0,0,0,0,1.0,9,1,56,0,0.06647090871770368,-0.38964706446764164
2240,CC(C)C(C)C=C,355.15,True,WFHXQNMTMDKVJG-UHFFFAOYSA-N,98.189,98.109550448,2.4645,0.0,0,0,2,0,0,0,0,0.7142857142857143,7,0,42,0,-0.02415159367882214,-0.10280379409809116
2241,CCCCC=CCCCC,442.75,True,UURSXESKOOOTOV-UHFFFAOYSA-N,140.26999999999998,140.15650064,3.9230000000000027,0.0,0,0,6,0,0,0,0,0.8,10,0,60,0,-0.035083534843657525,-0.08853945863807447
2242,CCCCCCCCCCCCOCCO,634.52,True,SFNALCNOMXIBKG-UHFFFAOYSA-N,230.39199999999994,230.2245802,3.916200000000003,29.46,1,2,13,0,0,0,0,1.0,16,2,98,0,0.069719364415563,-0.3939803427494372
2243,CCCCOCC(C)OCC(C)O,564.54,True,CUVLMZNMSPJDON-UHFFFAOYSA-N,190.283,190.156894564,1.589,38.69,1,3,8,0,0,0,0,1.0,13,3,80,0,0.07812517681334487,-0.39101873109991886
2244,CCC(C)N,336.15,True,BHRZNVHARXXAHW-UHFFFAOYSA-N,73.13900000000001,73.08914935199999,0.7436,26.02,1,1,1,0,0,0,0,1.0,5,1,32,0,0.00078053693680305,-0.32799794981906344
2245,CCC(C)C(C)CO,437.15,True,MIBBFRQOCRYDDB-UHFFFAOYSA-N,116.20399999999998,116.120115132,1.6609,20.23,1,1,3,0,0,0,0,1.0,8,1,50,0,0.045866912598036456,-0.39608828774395066
2246,CCCCCCCCCCC(C)O,522.15,True,XSWSEQPWKOWORN-UHFFFAOYSA-N,186.339,186.198365452,3.8980000000000037,20.23,1,1,9,0,0,0,0,1.0,13,1,80,0,0.05116668313469141,-0.3934192690333077
2247,CCCCCCCC(CCCC)O,565.9,True,AVERNHDYEFYHIV-UHFFFAOYSA-N,186.33899999999997,186.198365452,3.8980000000000037,20.23,1,1,9,0,0,0,0,1.0,13,1,80,0,0.053984600851028415,-0.3931313839296292
2248,CCCCCCC=CCCCCCC,524.08,True,UBDIXSAEHLOROW-UHFFFAOYSA-N,196.37799999999993,196.219100896,5.483400000000006,0.0,0,0,10,0,0,0,0,0.8571428571428571,14,0,84,0,-0.03507346876911376,-0.08853928216146931
2249,C(CN)CNCCNCCCN,628.04,True,RXFCIXRFAJRBSG-UHFFFAOYSA-N,174.29199999999994,174.18444670399998,-1.1367999999999974,76.1,4,4,9,0,0,0,0,1.0,12,4,74,0,0.007669028905722926,-0.33042474490084206
2250,CCCC(=CC)C,367.0,True,JZMUUSXQSKCZNO-UHFFFAOYSA-N,98.18899999999998,98.109550448,2.752700000000001,0.0,0,0,2,0,0,0,0,0.7142857142857143,7,0,42,0,-0.03258150000263613,-0.08873479253673282
2251,CCC(=C(C)C)C,369.15,True,WFHALSLYRWWUGH-UHFFFAOYSA-N,98.18899999999998,98.109550448,2.752700000000001,0.0,0,0,1,0,0,0,0,0.7142857142857143,7,0,42,0,-0.03491818188394126,-0.07751959962102888
2252,C=CCCCCCCCCO,509.15,True,QGFSQVPRCWJZQK-UHFFFAOYSA-N,156.269,156.15141526,2.8954000000000018,20.23,1,1,8,0,0,0,0,0.8,11,1,66,0,0.04305240722889945,-0.39637656934228244
2253,COCCCOCCCOCCCO,587.84,True,GRTBNOKQBKPUGM-UHFFFAOYSA-N,206.28199999999995,206.151809184,0.8286,47.92,1,4,11,0,0,0,0,1.0,14,4,86,0,0.048750503358800594,-0.3962863081007135
2254,CCCC(C)CCO,445.35,True,YGZVAQICDGBHMD-UHFFFAOYSA-N,116.204,116.120115132,1.8050000000000002,20.23,1,1,4,0,0,0,0,1.0,8,1,50,0,0.04330648270303165,-0.39636589492090607
2255,CCCCCCCC(C)CCCCC,519.48,True,SOMJQWRITYTQJL-UHFFFAOYSA-N,198.39399999999995,198.23475095999999,5.563300000000005,0.0,0,0,10,0,0,0,0,1.0,14,0,86,0,-0.0442800769837502,-0.06538238322278293
2256,CCCCCCCCCCCCCC=C,541.55,True,PJLHTVIBELQURV-UHFFFAOYSA-N,210.40499999999994,210.23475095999999,5.873500000000006,0.0,0,0,12,0,0,0,0,0.8666666666666667,15,0,90,0,-0.0353412931099218,-0.10308297893627165
2257,CC(COCC(C)OC)O,495.9,True,FOLPKOWCPVGUCA-UHFFFAOYSA-N,148.202,148.109944372,0.4186999999999999,38.69,1,3,5,0,0,0,0,1.0,10,3,62,0,0.07761828690413783,-0.39101900327690453
2258,CCC(CC)CCC(C)C,432.86,True,DGEMPTLPTFNEHJ-UHFFFAOYSA-N,142.286,142.172150704,3.858800000000003,0.0,0,0,5,0,0,0,0,1.0,10,0,62,0,-0.04194336183633882,-0.06511835338869787
2259,CCCC(C)(C)C(C)(C)C,433.15,True,RMQHJMMCLSJULX-UHFFFAOYSA-N,142.28599999999997,142.172150704,3.858800000000003,0.0,0,0,2,0,0,0,0,1.0,10,0,62,0,-0.030565998774385282,-0.06536204918196553
2260,CC(CC(C)(C)C)CC(C)(C)C,451.15,True,VKPSKYDESGTTFR-UHFFFAOYSA-N,170.33999999999997,170.203450832,4.494900000000004,0.0,0,0,2,0,0,0,0,1.0,12,0,74,0,-0.03800776335189507,-0.062469898423403135
2261,CCCCC(C)C(C)C,413.75,True,WBRFDUJXCLCKPX-UHFFFAOYSA-N,128.25899999999996,128.15650064,3.468700000000003,0.0,0,0,4,0,0,0,0,1.0,9,0,56,0,-0.04196127099934508,-0.06538220962116585
2262,CCCCCCCCCCCCCCCCCCCCCCCCCCCCCCCCCC,756.15,True,GWVDBZWVFGFBCN-UHFFFAOYSA-N,478.93400000000054,478.54775224,13.509399999999973,0.0,0,0,31,0,0,0,0,1.0,34,0,206,0,-0.0533059727891157,-0.06538238322279266
2263,CCCC(C)CC(C)(C)C,421.45,True,IIYGOARYARWJBO-UHFFFAOYSA-N,142.286,142.172150704,3.858800000000003,0.0,0,0,3,0,0,0,0,1.0,10,0,62,0,-0.03800811182876382,-0.06537242225848772
2264,CCCC(C)C(CC)O,430.15,True,BKQICAFAUMRYLZ-UHFFFAOYSA-N,130.231,130.135765196,2.1935000000000007,20.23,1,1,4,0,0,0,0,1.0,9,1,56,0,0.05626854539474217,-0.39286397543260754
2265,CC(C)CCCCC(C)CO,519.7,True,FNLOIWOIWFHQSI-UHFFFAOYSA-N,158.285,158.167065324,2.831200000000002,20.23,1,1,6,0,0,0,0,1.0,11,1,68,0,0.045612491912277314,-0.3960990112380858
2266,CCCCC(C)CCCC,437.15,True,TYSIILFJZXHVPU-UHFFFAOYSA-N,142.286,142.172150704,4.002900000000003,0.0,0,0,6,0,0,0,0,1.0,10,0,62,0,-0.04428042036741962,-0.06538221100653006
2267,CCCCCC(=C)C,392.15,True,RCBGGJURENJHKV-UHFFFAOYSA-N,112.216,112.12520051199999,3.142800000000002,0.0,0,0,4,0,0,0,0,0.75,8,0,48,0,-0.03257709874351578,-0.10014093190493478
2268,CC(C)C(C)CC=C,382.15,True,UFWIBUBEFUNVNI-UHFFFAOYSA-N,112.216,112.12520051199999,2.8546000000000014,0.0,0,0,3,0,0,0,0,0.75,8,0,48,0,-0.03250910002273503,-0.10307265891194571
2269,CCCC(C)C(C)(C)C,407.15,True,CBVFSZDQEHBJEQ-UHFFFAOYSA-N,128.259,128.15650064,3.468700000000003,0.0,0,0,2,0,0,0,0,1.0,9,0,56,0,-0.035691245570930015,-0.06537207863552469
2270,CCC(C)CC(C)(C)C,400.15,True,AFTPEBDOGXRMNQ-UHFFFAOYSA-N,128.259,128.15650064,3.468700000000003,0.0,0,0,2,0,0,0,0,1.0,9,0,56,0,-0.03800828391157249,-0.06512795404610427
2271,CCCC(C)(C)C(C)C,410.15,True,DJYSEQMMCZAKGT-UHFFFAOYSA-N,128.25899999999996,128.15650064,3.468700000000003,0.0,0,0,3,0,0,0,0,1.0,9,0,56,0,-0.03312522145336468,-0.06536222475591959
2272,CCC(C)(C)CC(C)C,403.75,True,SVEMKBCPZYWEPH-UHFFFAOYSA-N,128.25899999999996,128.15650064,3.468700000000003,0.0,0,0,3,0,0,0,0,1.0,9,0,56,0,-0.035440791461487514,-0.06487303190818336
2273,CCC(C)C(C)(C)CC,412.15,True,ARWOOWBJJKVYOV-UHFFFAOYSA-N,128.259,128.15650064,3.468700000000003,0.0,0,0,3,0,0,0,0,1.0,9,0,56,0,-0.033124656839103456,-0.06510821974275224
2274,CCC(CC)C(C)(C)C,407.15,True,CLZCPQKGOAXOJT-UHFFFAOYSA-N,128.259,128.15650064,3.468700000000003,0.0,0,0,2,0,0,0,0,1.0,9,0,56,0,-0.03544847862789172,-0.06509842738143763
2275,CCC(C)(CC)C(C)C,415.15,True,MMASVVOQIKCFJZ-UHFFFAOYSA-N,128.25899999999996,128.15650064,3.468700000000003,0.0,0,0,3,0,0,0,0,1.0,9,0,56,0,-0.030801491938038512,-0.06485332425752366
2276,CC(C)C(C)(C)C(C)C,414.65,True,JLCYYQOQSAMWTA-UHFFFAOYSA-N,128.25899999999996,128.15650064,3.324600000000002,0.0,0,0,2,0,0,0,0,1.0,9,0,56,0,-0.03080951237237185,-0.062253431398279574
2277,CC(C)C(C)CC(C)(C)C,421.05,True,KDRZICOOQNIJDN-UHFFFAOYSA-N,142.286,142.172150704,3.714700000000003,0.0,0,0,2,0,0,0,0,1.0,10,0,62,0,-0.037998279687495765,-0.06251863634026801
2278,CCCCCCC(C)CCC(C)C,488.15,True,HGYKYVHHAJFANS-UHFFFAOYSA-N,184.367,184.219100896,5.029100000000005,0.0,0,0,8,0,0,0,0,1.0,13,0,80,0,-0.044270291439998215,-0.06538238321750621
2279,CCCCCC(C)CCCC(C)C,496.16,True,MFUPKUZLTKVMFM-UHFFFAOYSA-N,184.367,184.219100896,5.029100000000005,0.0,0,0,8,0,0,0,0,1.0,13,0,80,0,-0.044279905930396955,-0.06538238184039362
2280,CCCC(C)CCCC(C)CCC,496.16,True,IQSHRQKBIQNFHO-UHFFFAOYSA-N,184.36699999999996,184.219100896,5.029100000000005,0.0,0,0,8,0,0,0,0,1.0,13,0,80,0,-0.04428996243928486,-0.06537242504751205
2281,CCCCCC(C)CCC,439.15,True,IALRSQMWHFKJJA-UHFFFAOYSA-N,142.286,142.172150704,4.002900000000003,0.0,0,0,6,0,0,0,0,1.0,10,0,62,0,-0.044290136256860485,-0.06538238184039365
2282,CCCCC(C)CCC(C)C,452.15,True,NQUMJENPNGXAIH-UHFFFAOYSA-N,156.313,156.187800768,4.2489000000000035,0.0,0,0,6,0,0,0,0,1.0,11,0,68,0,-0.044270463815556445,-0.06538221100652025
2283,CCCC(C)CCCC(C)C,452.15,True,MGNGOEWESNDQAN-UHFFFAOYSA-N,156.313,156.187800768,4.2489000000000035,0.0,0,0,6,0,0,0,0,1.0,11,0,68,0,-0.04428996382552015,-0.06537242504751206
2284,CCC(C)CCCC(C)CC,457.15,True,YGPVLXJHRFZYJJ-UHFFFAOYSA-N,156.313,156.187800768,4.2489000000000035,0.0,0,0,6,0,0,0,0,1.0,11,0,68,0,-0.04454221898801996,-0.0651283004920231
2285,CCCCCCCCC(C)(C)C,474.15,True,WBWYXWILSHQILH-UHFFFAOYSA-N,170.34,170.203450832,4.783100000000005,0.0,0,0,6,0,0,0,0,1.0,12,0,74,0,-0.03826112133366544,-0.06538238322279266
2286,CCCC(C)CCCC(C)CC,475.15,True,VDAVEASVPZDNQB-UHFFFAOYSA-N,170.33999999999997,170.203450832,4.639000000000005,0.0,0,0,7,0,0,0,0,1.0,12,0,74,0,-0.04428996244456805,-0.06537242504751205
2287,CCCCCCCCCC(C)CC,503.45,True,GRJUENNHVNYCHD-UHFFFAOYSA-N,184.367,184.219100896,5.173200000000005,0.0,0,0,9,0,0,0,0,1.0,13,0,80,0,-0.04454239142239572,-0.06538238322279266
2288,CCCCCCCCC(C)(C)CC,493.81,True,OCXNLUFNCUMHLN-UHFFFAOYSA-N,184.367,184.219100896,5.173200000000005,0.0,0,0,8,0,0,0,0,1.0,13,0,80,0,-0.03568366314698696,-0.06538238322279266
2289,CCCCCCCC(C)(C)CCC,493.81,True,BXVZPIGCIFJGEI-UHFFFAOYSA-N,184.36699999999996,184.219100896,5.173200000000005,0.0,0,0,8,0,0,0,0,1.0,13,0,80,0,-0.03543175971541795,-0.06538238322277314
2290,CCCCCCC(C)(C)CCCC,493.81,True,YQNMYOJSMPRRMP-UHFFFAOYSA-N,184.36699999999996,184.219100896,5.173200000000005,0.0,0,0,8,0,0,0,0,1.0,13,0,80,0,-0.03542187317877769,-0.06538238321217112
2291,CCCCCC(C)(C)CCCCC,493.81,True,ZFOODCBUKSMZBZ-UHFFFAOYSA-N,184.36699999999996,184.219100896,5.173200000000005,0.0,0,0,8,0,0,0,0,1.0,13,0,80,0,-0.03542170344501751,-0.06538238044569397
2292,CCCCCCC(C)C(C)CCC,496.16,True,MYUGNKWRNJTZRU-UHFFFAOYSA-N,184.36699999999996,184.219100896,5.029100000000005,0.0,0,0,8,0,0,0,0,1.0,13,0,80,0,-0.04169837895500126,-0.0653823832174964
2293,CCCCCCCC(C)CC(C)C,489.15,True,WMZNFELFMFOGCC-UHFFFAOYSA-N,184.367,184.219100896,5.029100000000005,0.0,0,0,8,0,0,0,0,1.0,13,0,80,0,-0.044036850248368085,-0.06538238322278293
2294,CCCCCC(C)CC(C)CCC,496.16,True,YXHLCYIRSXOVHP-UHFFFAOYSA-N,184.36699999999996,184.219100896,5.029100000000005,0.0,0,0,8,0,0,0,0,1.0,13,0,80,0,-0.04402674495060647,-0.06538238184038385
2295,CCCC(C)CCCC(C)CCCC(C)CCCC(C)C,678.32,True,CIGFWENQAXVDOM-UHFFFAOYSA-N,296.58299999999997,296.344301408,7.861700000000009,0.0,0,0,14,0,0,0,0,1.0,21,0,128,0,-0.044279730726590395,-0.06537242504751205
2296,CCCCCCCCCCCCCCCCCC=C,604.15,True,NHLUYCJZUXOUBX-UHFFFAOYSA-N,266.5129999999999,266.297351216,7.4339000000000075,0.0,0,0,16,0,0,0,0,0.8947368421052632,19,0,114,0,-0.0353412931099218,-0.10308297893627165
2297,CC(CCCC(C)(C)O)C=C,513.59,True,XSNQECSCDATQEL-UHFFFAOYSA-N,156.269,156.15141526,2.7497000000000016,20.23,1,1,5,0,0,0,0,0.8,11,1,66,0,0.059132654979306455,-0.39047199442368447
2298,CCCCCCCCCCCCCCCCCCCCCCCCC=C,684.15,True,OMXANELYEWRDAW-UHFFFAOYSA-N,364.70200000000017,364.406901664,10.164599999999995,0.0,0,0,23,0,0,0,0,0.9230769230769231,26,0,156,0,-0.0353412931099218,-0.10308297893627165
2299,CCOC(C)CO,413.65,True,DEDUBNVYPMOFDR-UHFFFAOYSA-N,104.149,104.083729624,0.4037,29.46,1,2,3,0,0,0,0,1.0,7,2,44,0,0.07770379047555517,-0.3936898048517757
2300,CC(C)CCC(C(C)C)O,448.15,True,XZDMJRIWJSNEGC-UHFFFAOYSA-N,144.25799999999998,144.15141526,2.439500000000001,20.23,1,1,4,0,0,0,0,1.0,10,1,62,0,0.05627797967997244,-0.39286383240276557
2301,CCC(C)C(C(C)CC)O,452.15,True,ZKXITRNXHWEQJU-UHFFFAOYSA-N,144.25799999999998,144.15141526,2.439500000000001,20.23,1,1,4,0,0,0,0,1.0,10,1,62,0,0.05905684977525591,-0.3925750221344227
2302,CC(C)C(C)CO,415.0,True,SXSWMAUXEHKFGX-UHFFFAOYSA-N,102.17699999999999,102.104465068,1.2708,20.23,1,1,2,0,0,0,0,1.0,7,1,44,0,0.04585687663847082,-0.39608847106479134
2303,CCCCCCCCCCC(C)CCCCCC,611.0,True,AZGIFKCGYRMPKP-UHFFFAOYSA-N,254.50199999999992,254.29735121599998,7.1237000000000075,0.0,0,0,14,0,0,0,0,1.0,18,0,110,0,-0.044280075611016906,-0.06538238322279266
2304,C=CCCCCCCCCCC=C,490.4,True,BPHFKBMQSYYNGQ-UHFFFAOYSA-N,180.33499999999998,180.187800768,4.869300000000004,0.0,0,0,10,0,0,0,0,0.6923076923076923,13,0,76,0,-0.03534129310992179,-0.10308297893627165
2305,C=CCCCCCCCCCCC=C,513.28,True,XMRSTLBCBDIKFI-UHFFFAOYSA-N,194.36199999999997,194.203450832,5.259400000000005,0.0,0,0,11,0,0,0,0,0.7142857142857143,14,0,82,0,-0.0353412931099218,-0.10308297893627165
2306,CC(C)(C)NC(C)(C)C,366.65,True,CATWEXRJGNBIJD-UHFFFAOYSA-N,129.24699999999999,129.151749608,2.173,12.03,1,1,0,0,0,0,0,1.0,9,1,56,0,0.010129547545887295,-0.30741123690519495
2307,CCCCCCCC(C)CCCCCCC,565.24,True,OUKHTAOLUYDJTA-UHFFFAOYSA-N,226.44799999999992,226.26605108799998,6.343500000000007,0.0,0,0,12,0,0,0,0,1.0,16,0,98,0,-0.04428007560577695,-0.06538238322278293
2308,B(CCCC)(CCCC)CCCC,482.15,True,CMHHITPYCHHOGT-UHFFFAOYSA-N,182.15999999999997,182.220581264,4.881500000000004,0.0,0,0,9,0,0,0,0,1.0,13,1,78,0,0.13937365536583057,-0.0741545082852766
2309,CC(=CCCC(=C)C=C)C,444.15,True,UAHWPYUMFXYFJY-UHFFFAOYSA-N,136.238,136.125200512,3.4750000000000023,0.0,0,0,4,0,0,0,0,0.4,10,0,56,0,-0.025013725022777593,-0.09881252036792461
2310,CC(C)CC(C)(C)CO,438.76616,True,CWPPDTVYIJETDF-UHFFFAOYSA-N,130.231,130.135765196,2.0510000000000006,20.23,1,1,3,0,0,0,0,1.0,9,1,56,0,0.04817297675450845,-0.39582015106233054
2311,CCCCOCCOCC(C)O,507.15,True,NPMRPDRLIHYOBW-UHFFFAOYSA-N,176.256,176.1412445,1.2005,38.69,1,3,8,0,0,0,0,1.0,12,3,74,0,0.07451483495578295,-0.3910190055847263
2312,CC(C)(CO)CO,480.15,True,SLCVBVWXLSEKPL-UHFFFAOYSA-N,104.14899999999999,104.083729624,-0.0028000000000000247,40.46,2,2,2,0,0,0,0,1.0,7,2,44,0,0.05035781720468142,-0.3957293965497394
2313,C(C(CO)(CO)COCC(CO)(CO)CO)O,997.44,True,TXBCBTDQIULDIA-UHFFFAOYSA-N,254.27899999999997,254.136553044,-3.0703999999999985,130.61,6,7,10,0,0,0,0,1.0,17,7,104,0,0.0629271224488799,-0.3955226773760982
2314,CC(C)CC(C)(C#CC(C)(CC(C)C)O)O,528.15,True,LXOFYPKXCSULTL-UHFFFAOYSA-N,226.35999999999999,226.193280072,2.5840000000000014,40.46,2,2,4,0,0,0,0,0.8571428571428571,16,2,94,0,0.12260436963570735,-0.3778986256507528
2315,CC(C)(C)C=CC(C)(C)C,424.15,True,UYWLQEPMPVDASH-UHFFFAOYSA-N,140.26999999999998,140.15650064,3.634800000000003,0.0,0,0,0,0,0,0,0,0.8,10,0,60,0,-0.020297038959365583,-0.08260856259024793
2316,CCC#CC(C)(C)CC,411.29,True,YVYHUBIXJLIYRU-UHFFFAOYSA-N,124.22699999999998,124.12520051199999,2.836000000000001,0.0,0,0,1,0,0,0,0,0.7777777777777778,9,0,52,0,0.0255374067409324,-0.1030390437624946
2317,CCCCCC(CCCCC)O,501.15,True,YBIXBBGRHOUVBB-UHFFFAOYSA-N,172.31199999999998,172.182715388,3.5079000000000025,20.23,1,1,8,0,0,0,0,1.0,12,1,74,0,0.05398477196093495,-0.3931313824791668
2318,CC(CO)OCC(C)OCC(C)O,535.15,True,LCZVSXRMYJUNFX-UHFFFAOYSA-N,192.255,192.13615912,0.16970000000000024,58.92,2,4,7,0,0,0,0,1.0,13,4,80,0,0.078142180432772,-0.39368978244087605
2319,CCCCCCCCCCC(C)CCCC,565.24,True,YWUXIGHUBKWHRW-UHFFFAOYSA-N,226.44799999999995,226.26605108799998,6.343500000000007,0.0,0,0,12,0,0,0,0,1.0,16,0,98,0,-0.044280247986588514,-0.06538238322279266
2320,CC(CC=C)(CC=C)O,431.55,True,WAXJJHZQRWWQIR-UHFFFAOYSA-N,126.199,126.104465068,1.8896000000000002,20.23,1,1,4,0,0,0,0,0.5,9,1,52,0,0.06875980035678464,-0.3895366666184522
2321,CC(CO)OCC(C)O,542.78,True,DUFKCOQISQKSAV-UHFFFAOYSA-N,134.175,134.094294308,-0.2354,49.69,2,3,4,0,0,0,0,1.0,9,3,56,0,0.07785114579656671,-0.39368978244798236
2322,CC(C)CCCCCCCO,520.14,True,PLLBRTOLHQQAQQ-UHFFFAOYSA-N,158.285,158.167065324,2.975300000000002,20.23,1,1,7,0,0,0,0,1.0,11,1,68,0,0.043052407228898915,-0.39637656934228244
2323,CCCCCCCC=CC,446.55,True,YKNMBTZOEVIJCM-UHFFFAOYSA-N,140.26999999999998,140.15650064,3.9230000000000036,0.0,0,0,6,0,0,0,0,0.8,10,0,60,0,-0.03508380585029892,-0.09166419959213364
2324,CCCCCCCCCCC=CC,501.2,True,XWVHBWQEYOROBE-UHFFFAOYSA-N,182.351,182.203450832,5.0933000000000055,0.0,0,0,9,0,0,0,0,0.8461538461538461,13,0,78,0,-0.03508380584503736,-0.09166419959213364
2325,CCCCC=CCC,396.15,True,YCTDZYMMFQCTEO-UHFFFAOYSA-N,112.21599999999998,112.12520051199999,3.142800000000002,0.0,0,0,4,0,0,0,0,0.75,8,0,48,0,-0.03508370882088122,-0.08881350195100242
2326,CC(C)CCC(=C)C,384.75,True,ISZWTVCVSJVEOL-UHFFFAOYSA-N,112.216,112.12520051199999,2.9987000000000013,0.0,0,0,3,0,0,0,0,0.75,8,0,48,0,-0.032333408748198164,-0.10014075990128464
2327,CCCCCCC(C)CCCCCC,519.48,True,BHDKLTKHPZWYCV-UHFFFAOYSA-N,198.39399999999995,198.23475095999999,5.563300000000005,0.0,0,0,10,0,0,0,0,1.0,14,0,86,0,-0.044280075616276164,-0.06538238321750621
2328,CCCC#CC,357.45,True,MELUCTCJOARQQG-UHFFFAOYSA-N,82.14599999999999,82.07825032,1.8098,0.0,0,0,1,0,0,0,0,0.6666666666666666,6,0,34,0,0.008590588521993538,-0.10673757632935113
2329,CCCCCCCCCCCC=CC,513.15,True,OBDUMNZXAIUUTH-UHFFFAOYSA-N,196.378,196.219100896,5.483400000000006,0.0,0,0,10,0,0,0,0,0.8571428571428571,14,0,84,0,-0.03508380584503736,-0.09166419959213364
2330,CCCCCCCCCCC(CCC)O,611.66,True,HRDGAIGDKJXHIU-UHFFFAOYSA-N,214.39299999999997,214.22966558000002,4.678200000000005,20.23,1,1,11,0,0,0,0,1.0,15,1,92,0,0.053974651203842976,-0.3931315661236471
2331,CCCCCCC=CC,420.15,True,IICQZTQZQSBHBY-UHFFFAOYSA-N,126.24299999999998,126.14085057599999,3.5329000000000024,0.0,0,0,5,0,0,0,0,0.7777777777777778,9,0,54,0,-0.03508380722368869,-0.09166419959214317
2332,CC(C)CCCCCCCCCCO,588.78,True,XUJLWPFSUCHPQL-UHFFFAOYSA-N,200.36599999999996,200.21401551600002,4.145600000000004,20.23,1,1,10,0,0,0,0,1.0,14,1,86,0,0.043052407228889096,-0.39637656934228244
2333,CCC=CCCC=CCO,369.65,True,AMXYRHBJZOVHOL-UHFFFAOYSA-N,140.226,140.120115132,2.2813000000000003,20.23,1,1,5,0,0,0,0,0.5555555555555556,10,1,58,0,0.06119213721061558,-0.3923075246755707
2334,CCCCC(CC)N,414.15,True,SRMHHEPXZLWKOK-UHFFFAOYSA-N,115.22,115.13609954399999,1.9139000000000002,26.02,1,1,4,0,0,0,0,1.0,8,1,50,0,0.0036150348143270746,-0.3277222242187898
2335,CC(C)CCCCC(C)CCCC(C)C,541.48,True,FONXOARHSFUBAN-UHFFFAOYSA-N,212.42099999999996,212.25040102399998,5.665200000000006,0.0,0,0,9,0,0,0,0,1.0,15,0,92,0,-0.044279903172642826,-0.06277361059815605
2336,CCCCC(C)C(C)O,439.15,True,SZERMVMTUUAYML-UHFFFAOYSA-N,130.231,130.135765196,2.1935000000000007,20.23,1,1,4,0,0,0,0,1.0,9,1,56,0,0.053714293070171025,-0.3931412637389528
2337,CCCCC=CCO,456.1,True,ASFYPVGAALGVNR-UHFFFAOYSA-N,114.18799999999997,114.104465068,1.7250999999999999,20.23,1,1,4,0,0,0,0,0.7142857142857143,8,1,48,0,0.06119195447300482,-0.3923075261942344
2338,CCCCCCNC,400.15,True,XJINZNWPEQMMBV-UHFFFAOYSA-N,115.22,115.13609954399999,1.7860999999999998,12.03,1,1,5,0,0,0,0,1.0,8,1,50,0,-0.005192355017878203,-0.31975212338376424
2339,C(CCCCCO)CCCCO,574.0,True,FOTKYAAJKYLFFN-UHFFFAOYSA-N,174.28399999999996,174.161979944,2.0918000000000005,40.46,2,2,9,0,0,0,0,1.0,12,2,74,0,0.043052407228889096,-0.39637656934228244
2340,CCCCCCCCCCCCCOCCO,657.4,True,OJDDJQYSKDIXOE-UHFFFAOYSA-N,244.41899999999993,244.240230264,4.306300000000005,29.46,1,2,14,0,0,0,0,1.0,17,2,104,0,0.069719364415563,-0.3939803427494372
2341,CC/C=C/C=C,337.72,True,AHAREKHAZNPPMI-AATRIKPKSA-N,82.146,82.07825032,2.1386000000000003,0.0,0,0,2,0,0,0,0,0.3333333333333333,6,0,34,0,-0.03762002040705329,-0.09907695790347879
2342,CCCCCCCCCCCCCN,546.15,True,ABVVEAHYODGCLZ-UHFFFAOYSA-N,199.38199999999995,199.22999992799998,4.256100000000003,26.02,1,1,11,0,0,0,0,1.0,14,1,86,0,-0.007727546703962752,-0.33047350396342257
2343,CCC(COC)O,407.15,True,CSZZMFWKAQEMPB-UHFFFAOYSA-N,104.14899999999999,104.083729624,0.4037,29.46,1,2,3,0,0,0,0,1.0,7,2,44,0,0.07704524397802337,-0.3907402300509508
2344,CCCC(CCC=C)O,471.06,True,MJWKMORBWQZWOT-UHFFFAOYSA-N,128.215,128.120115132,2.1136000000000004,20.23,1,1,5,0,0,0,0,0.75,9,1,54,0,0.05426957417032951,-0.3931197835488846
2345,CCC(C)CCC(C)O,445.15,True,FYMBAYNKBWGEIK-UHFFFAOYSA-N,130.231,130.135765196,2.1935000000000007,20.23,1,1,4,0,0,0,0,1.0,9,1,56,0,0.051176702389751166,-0.39341908552468124
2346,CC(CCC=C)O,412.15,True,LNPNXWKVAFKIBX-UHFFFAOYSA-N,100.16099999999999,100.088815004,1.3334,20.23,1,1,3,0,0,0,0,0.6666666666666666,7,1,42,0,0.05146164082384692,-0.3934074987504885
2347,CCCCCCCCCCC(C)CCCCCCCCC,679.64,True,BFAGLVWBOUDHBS-UHFFFAOYSA-N,296.583,296.344301408,8.294000000000006,0.0,0,0,17,0,0,0,0,1.0,21,0,128,0,-0.04428007560575763,-0.06538238322279266
2348,CCC(C)CCCCC(C)CCCC(C)CCCC(C)C,678.32,True,ZZEQNXPBKOFTBG-UHFFFAOYSA-N,296.58299999999997,296.344301408,7.861700000000009,0.0,0,0,14,0,0,0,0,1.0,21,0,128,0,-0.04427973211282568,-0.06512830049733148
2349,CCCCCCC(C)CCCC(C)CCCC(C)C,633.0,True,MHLZUZMLIFKALI-UHFFFAOYSA-N,268.52899999999994,268.31300128,7.225600000000008,0.0,0,0,13,0,0,0,0,1.0,19,0,116,0,-0.04427973211282568,-0.06538238321750621
2350,CCCCCC(C)CCCC(C)CCC,541.92,True,IRMGDQSAWLAMIV-UHFFFAOYSA-N,212.42099999999996,212.25040102399998,5.809300000000006,0.0,0,0,10,0,0,0,0,1.0,15,0,92,0,-0.044279904544161676,-0.06538238184039362
2351,CCCCCCCCC(CCC)CCCC,565.24,True,SCMYWAVVKSTDNI-UHFFFAOYSA-N,226.44799999999992,226.26605108799998,6.343500000000007,0.0,0,0,12,0,0,0,0,1.0,16,0,98,0,-0.04143881051242891,-0.06538238322279266
2352,CCCCCCCCCCC(CC)CCC,565.24,True,VATHPUANTMAJQR-UHFFFAOYSA-N,226.44799999999995,226.26605108799998,6.343500000000007,0.0,0,0,12,0,0,0,0,1.0,16,0,98,0,-0.04170092037370557,-0.06538238322279266
2353,CCCCCC(C)CCCC(C)CCCC(C)CCCC(C)C,724.08,True,FTURMMDCPOYSAQ-UHFFFAOYSA-N,324.63700000000006,324.375601536,8.641900000000005,0.0,0,0,16,0,0,0,0,1.0,23,0,140,0,-0.04427973072658068,-0.06538238184039362
2354,CCCCCCC(C)C(C)(C)C,473.15,True,XXNUJUNKYOZLAJ-UHFFFAOYSA-N,170.33999999999997,170.203450832,4.639000000000005,0.0,0,0,5,0,0,0,0,1.0,12,0,74,0,-0.03569107233109589,-0.06538238321748653
2355,CCC=CCC=CCCO,506.02,True,PICGPEBVZGCYBV-UHFFFAOYSA-N,140.226,140.120115132,2.2813000000000003,20.23,1,1,5,0,0,0,0,0.5555555555555556,10,1,58,0,0.04650232275326355,-0.3960544764065924
2356,CCCCCCCCCCCCCCCC(C)O,601.15,True,ZNYQHFLBAPNPRC-UHFFFAOYSA-N,256.47399999999993,256.276615772,5.848500000000007,20.23,1,1,14,0,0,0,0,1.0,18,1,110,0,0.05116668313469141,-0.3934192690333077
2357,C(C(COCC(CO)O)O)O,727.14,True,GPLRAVKSCUXZTP-UHFFFAOYSA-N,166.173,166.084123548,-2.290599999999999,90.15,4,5,6,0,0,0,0,1.0,11,5,68,0,0.10032324961609364,-0.39359314087769326
2358,CCCCC(C)CO,441.65,True,LCFKURIJYIJNRU-UHFFFAOYSA-N,116.20399999999998,116.120115132,1.8050000000000002,20.23,1,1,4,0,0,0,0,1.0,8,1,50,0,0.04561249051027972,-0.39609901124366403
2359,CC(C)CCCC(C)C(C)C,452.15,True,XJKKSYAVEVAGFX-UHFFFAOYSA-N,156.313,156.187800768,4.104800000000004,0.0,0,0,5,0,0,0,0,1.0,11,0,68,0,-0.041960927544869984,-0.06277360920918734
2360,CCC(CO)C(C)O,520.36,True,JULNEFHJBRHDSM-UHFFFAOYSA-N,118.17599999999997,118.099379688,0.3857,40.46,2,2,3,0,0,0,0,1.0,8,2,50,0,0.056157027836760166,-0.39598632224450653
2361,CCCCC(CC)CC,416.25,True,PSVQKOKKLWHNRP-UHFFFAOYSA-N,128.259,128.15650064,3.6128000000000027,0.0,0,0,5,0,0,0,0,1.0,9,0,56,0,-0.04195331846015148,-0.06538220963206955
2362,CCN(CC)CCN,417.15,True,UDGSVBYJWHOHNN-UHFFFAOYSA-N,116.20800000000001,116.13134851199999,0.28690000000000004,29.259999999999998,1,2,4,0,0,0,0,1.0,8,2,50,0,0.010435788984342097,-0.3291985438675946
2363,CCN(CC)CCCN,438.15,True,QOHMWDJIBGVPIF-UHFFFAOYSA-N,130.23499999999999,130.146998576,0.6770000000000002,29.259999999999998,1,2,5,0,0,0,0,1.0,9,2,56,0,-0.000695010074879,-0.33042458629081534
2364,CC(C)(C)CC(C)(C)N,413.19803,True,QIJIUJYANDSEKG-UHFFFAOYSA-N,129.24699999999999,129.151749608,2.1599000000000004,26.02,1,1,1,0,0,0,0,1.0,9,1,56,0,0.010198251592048685,-0.32554161732017967
2365,CC(C)CC(C)(C#C)O,421.15,True,NECRQCBKTGZNMH-UHFFFAOYSA-N,126.19899999999997,126.104465068,1.4166999999999998,20.23,1,1,2,0,0,0,0,0.75,9,1,52,0,0.12223013031169176,-0.37791076757810327
2366,CCCCC(CC)(CO)CO,542.15,True,DSKYSDCYIODJPC-UHFFFAOYSA-N,160.257,160.14632988,1.5575999999999999,40.46,2,2,6,0,0,0,0,1.0,11,2,68,0,0.050880597064756714,-0.395707598897444
2367,CC(C)CC(C)CC(CC(C)C)O,498.55,True,LFEHSRSSAGQWNI-UHFFFAOYSA-N,186.339,186.198365452,3.465700000000003,20.23,1,1,6,0,0,0,0,1.0,13,1,80,0,0.054482156882694546,-0.3931101209515155
2368,CCC(C(C)CO)O,487.65,True,SPXWGAHNKXLXAP-UHFFFAOYSA-N,118.17599999999999,118.099379688,0.3857,40.46,2,2,3,0,0,0,0,1.0,8,2,50,0,0.05845590892868737,-0.3959968910215723
2369,CC(C)C(C)C(=C)C,380.65,True,FAWUHEYSSPPNSH-UHFFFAOYSA-N,112.216,112.12520051199999,2.8546000000000014,0.0,0,0,2,0,0,0,0,0.75,8,0,48,0,-0.021401080719541474,-0.09986110530361098
2370,CC(CCN)N,413.15,True,RGTXVXDNHPWPHH-UHFFFAOYSA-N,88.15400000000001,88.10004838399999,-0.31760000000000027,52.04,2,2,2,0,0,0,0,1.0,6,2,38,0,0.0022437746712189216,-0.33041415471695285
2371,CCCN(C)C,338.15,True,ZUHZZVMEUAUWHY-UHFFFAOYSA-N,87.16599999999998,87.10479941599999,0.9580000000000001,3.24,0,1,2,0,0,0,0,1.0,6,1,38,0,-0.0027466021941522163,-0.30941035550627444
2372,CC(C)(CCO)OC,448.15,True,MFKRHJVUCZRDTF-UHFFFAOYSA-N,118.17599999999999,118.099379688,0.7938000000000001,29.46,1,2,3,0,0,0,0,1.0,8,2,50,0,0.06441033085099608,-0.3962635339470255
2373,C/C=C/C=C,315.0,True,PMJHHCWVYXUKFD-SNAWJCMRSA-N,68.11900000000001,68.062600256,1.7485,0.0,0,0,1,0,0,0,0,0.2,5,0,28,0,-0.04667865804740985,-0.09907712715583529
2374,CCCCCCCCCCCCCCCCCCO.CCCCCCCCCCCCCCCCO,598.15,True,UBHWBODXJBSFLH-UHFFFAOYSA-N,512.9480000000005,512.553231544,11.700199999999983,40.46,2,2,30,0,0,0,0,1.0,36,2,220,0,0.043052407228889096,-0.39637656934228244
2375,C(COCCOCCOCCOCCO)O,702.44,True,JLFNLZLINWHATN-UHFFFAOYSA-N,238.27999999999994,238.141638424,-0.9625999999999986,77.38000000000001,2,6,13,0,0,0,0,1.0,16,6,98,0,0.0701143954655532,-0.39398032487450974
2376,C/C=C/C,274.03,True,IAQRGUVFOMOMEM-ONEGZZNKSA-N,56.108000000000004,56.062600255999996,1.5824,0.0,0,0,0,0,0,0,0,0.5,4,0,24,0,-0.047001923410199216,-0.09194211202026763
2377,CC(=C)C.CC(=C)C=C,396.72,True,VHOQXEIFYTTXJU-UHFFFAOYSA-N,124.22699999999999,124.12520051199999,3.3309000000000024,0.0,0,0,1,0,0,0,0,0.3333333333333333,9,0,52,0,-0.040383549426410544,-0.10041984861546271
2378,CCCCCCCCCCOCCO,588.76,True,CBVDPTYIDMQDEO-UHFFFAOYSA-N,202.33799999999997,202.193280072,3.1360000000000023,29.46,1,2,11,0,0,0,0,1.0,14,2,86,0,0.069719364415563,-0.3939803427494372
2379,CC(C)CCCCCCCCCCCCCCCO,703.18,True,WNWHHMBRJJOGFJ-UHFFFAOYSA-N,270.50099999999986,270.292265836,6.096100000000007,20.23,1,1,15,0,0,0,0,1.0,19,1,116,0,0.043052407228889096,-0.39637656934228244
2380,CC(=CCCC(C)(C#C)O)C,511.51,True,YWTIDNZYLFTNQQ-UHFFFAOYSA-N,152.237,152.120115132,2.117,20.23,1,1,3,0,0,0,0,0.6,11,1,62,0,0.12228194170634359,-0.377909481725498
2381,CCCCCCN(CCCCCC)CCCCCC,534.85,True,DIAIBWNEUYXDNL-UHFFFAOYSA-N,269.51699999999994,269.308250248,6.029300000000007,3.24,0,1,15,0,0,0,0,1.0,19,1,116,0,-0.0018737946731750934,-0.3033376133667206
2382,CCNCCN(CC)CC,327.65,True,HDCAZTXEZQWTIJ-UHFFFAOYSA-N,144.262,144.16264864,0.9376999999999998,15.27,1,2,6,0,0,0,0,1.0,10,2,62,0,0.010658580832921077,-0.3157341031559828
2383,CN(C)CCN,377.15,True,DILRJUIACXKSQE-UHFFFAOYSA-N,88.15400000000001,88.10004838399999,-0.4932999999999998,29.259999999999998,1,2,2,0,0,0,0,1.0,6,2,38,0,0.009849444440004457,-0.32919896344929617
2384,CN(C)CCCCN(C)C,441.15,True,VEAZEPMQWHPHAG-UHFFFAOYSA-N,144.262,144.16264864,0.8897999999999999,6.48,0,2,5,0,0,0,0,1.0,10,2,62,0,-0.002436246359482885,-0.30939909982049363
2385,CC(=CC(=C)C)C,367.15,True,CMSUNVGIWAFNBG-UHFFFAOYSA-N,96.173,96.093900384,2.5287000000000006,0.0,0,0,1,0,0,0,0,0.42857142857142855,7,0,40,0,-0.04036394510137392,-0.09611496665519564
2386,CC(=C=C(C)C)C,356.15,True,DZSNJASVIURWOG-UHFFFAOYSA-N,96.17299999999999,96.093900384,2.5177000000000005,0.0,0,0,0,0,0,0,0,0.5714285714285714,7,0,40,0,-0.03459358462495823,-0.1237802224149928
2387,CCC#CCCO,435.15,True,ODEHKVYXWLXRRR-UHFFFAOYSA-N,98.14499999999998,98.07316494,0.7822,20.23,1,1,1,0,0,0,0,0.6666666666666666,7,1,40,0,0.05400659778330793,-0.3953860869668877
2388,CC(C)(C)CCCCC(C)(C)C,459.00627,True,QZUFNKONEPLWBC-UHFFFAOYSA-N,170.34,170.203450832,4.639000000000005,0.0,0,0,3,0,0,0,0,1.0,12,0,74,0,-0.03826111855424537,-0.06017394891110711
2389,CCC(C)(CO)CO,498.95,True,VNAWKNVDKFZFSU-UHFFFAOYSA-N,118.17599999999997,118.099379688,0.38730000000000003,40.46,2,2,3,0,0,0,0,1.0,8,2,50,0,0.05061394390586173,-0.3957185965993498
2390,CC(C=C)C=C,325.15,True,IKQUUYYDRTYXAP-UHFFFAOYSA-N,82.146,82.07825032,1.9945,0.0,0,0,2,0,0,0,0,0.3333333333333333,6,0,34,0,-0.00872400192648634,-0.10250005381277859
2391,C(C(CO)(CO)COCC(CO)(CO)COCC(CO)(CO)CO)O,1315.39,True,PTJWCLYPVFJWMP-UHFFFAOYSA-N,372.4110000000001,372.1995472239999,-4.0827999999999935,180.29999999999998,8,10,16,0,0,0,0,1.0,25,10,152,0,0.0632000736819331,-0.3955226773760982
2392,CCCC(C)(CO)CO,507.15,True,JVZZUPJFERSVRN-UHFFFAOYSA-N,132.203,132.115029752,0.7773999999999999,40.46,2,2,4,0,0,0,0,1.0,9,2,56,0,0.05062406771644798,-0.3957184112932076
2393,CCCCCCCCC(CCC)O,565.9,True,ZGSIAHIBHSEKPB-UHFFFAOYSA-N,186.33899999999997,186.198365452,3.8980000000000037,20.23,1,1,9,0,0,0,0,1.0,13,1,80,0,0.05397465120384296,-0.3931315661236471
2394,CC#CCCO,427.15,True,IDYNOORNKYEHHO-UHFFFAOYSA-N,84.118,84.057514876,0.39210000000000006,20.23,1,1,1,0,0,0,0,0.6,6,1,34,0,0.0540064123675448,-0.39538608850913354
2395,CCCCCCCCCCC(CC)O,588.78,True,LBSIDDOMEWFXBT-UHFFFAOYSA-N,200.36599999999999,200.21401551600002,4.2881000000000045,20.23,1,1,10,0,0,0,0,1.0,14,1,86,0,0.053722028766153236,-0.39314221194376076
2396,CC(C(=C)C)O,387.15,True,JEYLKNVLTAPJAF-UHFFFAOYSA-N,86.13399999999999,86.07316494,0.9433,20.23,1,1,1,0,0,0,0,0.6,6,1,36,0,0.07161706122228456,-0.38907793105924365
2397,CCCCCCCCCC(C)CO,565.9,True,FGZXHVORLPLICA-UHFFFAOYSA-N,186.339,186.198365452,3.7555000000000027,20.23,1,1,9,0,0,0,0,1.0,13,1,80,0,0.045612491906914535,-0.3960990112380961
2398,CNCCN(C)CCNC,472.54,True,ODZZIKZQNODXFS-UHFFFAOYSA-N,145.25,145.15789760799998,-0.6429999999999985,27.299999999999997,2,3,6,0,0,0,0,1.0,10,3,62,0,0.010419436795284173,-0.3184792762150544
2399,CC(=CCC[C@@](C)(C=C)O)C,360.65,True,CDOSHBSSFJOMGT-SNVBAGLBSA-N,154.25300000000001,154.135765196,2.6698000000000013,20.23,1,1,4,0,0,0,0,0.6,11,1,64,0,0.07995432750166309,-0.38609150256085306
2400,CCN(CC)CCN(CC)CC,465.15,True,DIHKMUNUGQVFES-UHFFFAOYSA-N,172.31599999999997,172.19394876799998,1.67,6.48,0,2,7,0,0,0,0,1.0,12,2,74,0,0.01091202403279834,-0.3026146854378399
2401,CCCCCCCCCCCCCCCCCCCCCCCCCCO,886.66,True,IRHTZOCLLONTOC-UHFFFAOYSA-N,382.7170000000002,382.41746634799995,9.360999999999999,20.23,1,1,24,0,0,0,0,1.0,27,1,164,0,0.043052407228889096,-0.39637656934228244
2402,CCCCCCCCCCCCCCCCCCCCCCCCCCCCO,932.42,True,CNNRPFQICPFDPO-UHFFFAOYSA-N,410.7710000000003,410.44876647599995,10.141199999999994,20.23,1,1,26,0,0,0,0,1.0,29,1,176,0,0.043052407228889096,-0.39637656934228244
2403,CC(C)(CO)O,450.15,True,BTVWZWFKMIUSGS-UHFFFAOYSA-N,90.12199999999999,90.06807956,-0.25039999999999996,40.46,2,2,1,0,0,0,0,1.0,6,2,38,0,0.08210302528761716,-0.39340855922005835
2404,CCCCCCCCCCCCCCCCCCCCCCCCCCCCCCO,978.18,True,REZQBEBOWJAQKS-UHFFFAOYSA-N,438.8250000000004,438.48006660399994,10.92139999999999,20.23,1,1,28,0,0,0,0,1.0,31,1,188,0,0.043052407228889096,-0.39637656934228244
2405,B(C)(C)C,252.95,True,WXRGABKACDFXMG-UHFFFAOYSA-N,55.917,56.079730688,1.3705999999999998,0.0,0,0,0,0,0,0,0,1.0,4,1,24,0,0.12972165222921303,-0.08651658762556942
2406,CCC(C)(C)N,350.15,True,GELMWIVBBPAMIO-UHFFFAOYSA-N,87.166,87.10479941599999,1.1337,26.02,1,1,1,0,0,0,0,1.0,6,1,38,0,0.009438546486224351,-0.3255727882641226
2407,CCCC(CC)(CC)O,433.15,True,WNDLTOTUHMHNOC-UHFFFAOYSA-N,130.231,130.135765196,2.3376000000000006,20.23,1,1,4,0,0,0,0,1.0,9,1,56,0,0.06420737115583054,-0.3899169976169928
2408,CCCC(CC)(CCC)O,452.15,True,GNROHGFUVTWFNG-UHFFFAOYSA-N,144.258,144.15141526,2.727700000000002,20.23,1,1,5,0,0,0,0,1.0,10,1,62,0,0.0644596156312102,-0.38990630616730676
2409,CC(=C)CCCC(C)(C=C)O,510.59,True,GYJHTGZQPKPEOT-UHFFFAOYSA-N,154.253,154.135765196,2.669800000000001,20.23,1,1,5,0,0,0,0,0.6,11,1,64,0,0.07967029895527421,-0.3861032242248664
2410,CC(C)C#C,301.15,True,USCSRAJGJYMJFZ-UHFFFAOYSA-N,68.11899999999999,68.062600256,1.2755999999999998,0.0,0,0,0,0,0,0,0,0.6,5,0,28,0,0.014318161560052577,-0.1198336097278181
2411,C=CCCO,385.15,True,ZSPTYLOMNJNZNG-UHFFFAOYSA-N,72.10699999999999,72.057514876,0.5548,20.23,1,1,2,0,0,0,0,0.5,5,1,30,0,0.0464921717135246,-0.39605465456766703
2412,CNCC=C,337.15,True,IOXXVNYDGIXMIP-UHFFFAOYSA-N,71.123,71.073499288,0.3918,12.03,1,1,2,0,0,0,0,0.5,5,1,30,0,0.012877555104034866,-0.316309127284575
2413,C#CCCC#C,361.15,True,YFIBSNDOVCWPBL-UHFFFAOYSA-N,78.11399999999999,78.046950192,1.033,0.0,0,0,1,0,0,0,0,0.3333333333333333,6,0,30,0,0.019572156424544747,-0.12007450504762647
2414,C(CCCCO)CCCO,418.15,True,OEIJHBUUFURJLI-UHFFFAOYSA-N,146.23,146.130679816,1.3115999999999999,40.46,2,2,7,0,0,0,0,1.0,10,2,62,0,0.04305240722897097,-0.39637656934228244
2415,CCCCCCCCCCCCCCCCC#C,586.15,True,IYDNQWWOZQLMRH-UHFFFAOYSA-N,250.4699999999999,250.26605108799998,6.491000000000007,0.0,0,0,14,0,0,0,0,0.8888888888888888,18,0,106,0,0.008600939426519382,-0.12010931578969077
2416,CC(C)CCN(CCC(C)C)CCC(C)C,508.15,True,QKVUSSUOYHTOFQ-UHFFFAOYSA-N,227.43599999999998,227.26130005599998,4.426700000000004,3.24,0,1,9,0,0,0,0,1.0,16,1,98,0,-0.0016296110306555465,-0.30330720875970046
2417,CCC=CC(C)(C)C,374.05,True,JPLZSSHKQZJYTJ-UHFFFAOYSA-N,112.216,112.12520051199999,2.9987000000000013,0.0,0,0,1,0,0,0,0,0.75,8,0,48,0,-0.020317569787536807,-0.08828520552459584
2418,CCCC=CC(C)C,387.13,True,CYEZJYAMLNTSKN-UHFFFAOYSA-N,112.21599999999998,112.12520051199999,2.9987000000000013,0.0,0,0,3,0,0,0,0,0.75,8,0,48,0,-0.029042476215539025,-0.08829110396139932
2419,CC(=CCC=C)C,364.98821,True,VSQLAQKFRFTMNS-UHFFFAOYSA-N,96.173,96.093900384,2.5287000000000006,0.0,0,0,2,0,0,0,0,0.42857142857142855,7,0,40,0,-0.016938567196411652,-0.10277061160997743
2420,CC=CCCO,413.65,True,FSUXYWPILZJGCC-UHFFFAOYSA-N,86.134,86.07316494,0.9448999999999999,20.23,1,1,2,0,0,0,0,0.6,6,1,36,0,0.046501955404975,-0.39605447945194927
2421,CCCC#CCO,438.06,True,BTDWSZJDLLLTMI-UHFFFAOYSA-N,98.14499999999998,98.07316494,0.7822,20.23,1,1,1,0,0,0,0,0.6666666666666666,7,1,40,0,0.10373014177823035,-0.3836557912846144
2422,CCCCCCCCCCC#C,488.15,True,ZVDBUOGYYYNMQI-UHFFFAOYSA-N,166.308,166.172150704,4.150400000000004,0.0,0,0,8,0,0,0,0,0.8333333333333334,12,0,70,0,0.008600939426519382,-0.12010931578969077
2423,CCCCCCCCCCCCC#C,525.15,True,DZEFNRWGWQDGTR-UHFFFAOYSA-N,194.36199999999997,194.203450832,4.9306000000000045,0.0,0,0,10,0,0,0,0,0.8571428571428571,14,0,82,0,0.008600939426519382,-0.12010931578969077
2424,CCCCCCCCCCCCCC#C,553.15,True,DONJGKADZJEXRJ-UHFFFAOYSA-N,208.38899999999995,208.219100896,5.320700000000005,0.0,0,0,11,0,0,0,0,0.8666666666666667,15,0,88,0,0.008600939426519382,-0.12010931578969077
2425,C=CCCCCO,428.9,True,UIZVMOZAXAMASY-UHFFFAOYSA-N,100.16099999999999,100.088815004,1.335,20.23,1,1,4,0,0,0,0,0.6666666666666666,7,1,42,0,0.04306342538504737,-0.3963763730983422
2426,C#CCCCCC#C,408.65,True,DSOJWVLXZNRKCS-UHFFFAOYSA-N,106.16799999999999,106.07825032,1.8132000000000001,0.0,0,0,3,0,0,0,0,0.5,8,0,42,0,0.008634268197043085,-0.12010931135797648
2427,CCC(C)N(C)C,366.4,True,USSPHSVODLAWSA-UHFFFAOYSA-N,101.193,101.12044947999999,1.3465,3.24,0,1,2,0,0,0,0,1.0,7,1,44,0,0.005816307101075494,-0.30673652358002584
2428,C=CC(C=C)O,388.65,True,ICMWSAALRSINTC-UHFFFAOYSA-N,84.118,84.057514876,0.7193,20.23,1,1,2,0,0,0,0,0.2,6,1,34,0,0.08968862608689432,-0.3849497394013328
2429,C#CCCCCO,419.18,True,GOQJMMHTSOQIEI-UHFFFAOYSA-N,98.145,98.07316494,0.7822,20.23,1,1,3,0,0,0,0,0.6666666666666666,7,1,40,0,0.04308587142367525,-0.3963759767664623
2430,CC(C)N(C)C,339.15,True,VMOWKUTXPNPTEN-UHFFFAOYSA-N,87.166,87.10479941599999,0.9564,3.24,0,1,1,0,0,0,0,1.0,6,1,38,0,0.0032448869123186327,-0.30700074221129203
2431,CCCCCCCCCCN(C)C,507.15,True,YWWNNLPSZSEZNZ-UHFFFAOYSA-N,185.355,185.21434986399998,3.6887000000000025,3.24,0,1,9,0,0,0,0,1.0,13,1,80,0,-0.00248364259305738,-0.30939993843088753
2432,CCCCCCCCCCCCCCCCOCC(CO)O,840.66,True,OOWQBDFWEXAXPB-UHFFFAOYSA-N,316.52599999999995,316.29774513999996,4.837500000000006,49.69,2,3,18,0,0,0,0,1.0,22,3,134,0,0.10032083650018836,-0.3935931409598309
2433,CCCCOCCOCCOCCOCCO,656.02,True,MXVMODFDROLTFD-UHFFFAOYSA-N,250.33499999999992,250.178023932,0.8452,57.150000000000006,1,5,14,0,0,0,0,1.0,17,5,104,0,0.07011439546537955,-0.39398032487450974
2434,COCCCO,339.15,True,JDFDHBSESGTDAL-UHFFFAOYSA-N,90.122,90.06807956,0.015200000000000047,29.46,1,2,3,0,0,0,0,1.0,6,2,38,0,0.04836177662651057,-0.3962863102785235
2435,CCCCCCCCCCCCCCCCCCCCC=C,640.15,True,SPURMHFLEKVAAS-UHFFFAOYSA-N,308.594,308.344301408,8.604200000000004,0.0,0,0,19,0,0,0,0,0.9090909090909091,22,0,132,0,-0.0353412931099218,-0.10308297893627165
2436,CCCCCCCCCCCCCCCCCCCCCCCCCCCCCCC(C)C,954.2,True,ZMRQKNNNZMSHKH-UHFFFAOYSA-N,464.90700000000044,464.53210217599997,12.975199999999976,0.0,0,0,29,0,0,0,0,1.0,33,0,200,0,-0.04713257615118824,-0.06538238322279266
2437,CCCCOCCOCCOCCOCCOCCO,724.2,True,AZYICGMHYYVGBY-UHFFFAOYSA-N,294.388,294.20423868,0.8618000000000006,66.38000000000001,1,6,17,0,0,0,0,1.0,20,6,122,0,0.07011439546557018,-0.39398032487450974
2438,CCCCCC(CC)(CC)O,472.15,True,NPQPNSNHYJTUSA-UHFFFAOYSA-N,158.285,158.167065324,3.117800000000002,20.23,1,1,6,0,0,0,0,1.0,11,1,68,0,0.0642174931417931,-0.38991681308478293
2439,CCCCCCCCCCCCCCCCCCOCCO,771.8,True,ICIDSZQHPUZUHC-UHFFFAOYSA-N,314.554,314.318480584,6.256800000000007,29.46,1,2,19,0,0,0,0,1.0,22,2,134,0,0.069719364415563,-0.3939803427494372
2440,CN(C)CC=C,335.15,True,GBCKRQRXNXQQPW-UHFFFAOYSA-N,85.14999999999999,85.08914935199999,0.734,3.24,0,1,2,0,0,0,0,0.6,6,1,36,0,0.015399832794034325,-0.30575910311807486
2441,CC(CO)CO,494.15,True,QWGRWMMWNDWRQN-UHFFFAOYSA-N,90.122,90.06807956,-0.3929,40.46,2,2,2,0,0,0,0,1.0,6,2,38,0,0.047802907380095634,-0.396008488602134
2442,CCCCCCCCCC#C,469.15,True,YVSFLVNWJIEJRV-UHFFFAOYSA-N,152.281,152.15650064,3.7603000000000026,0.0,0,0,7,0,0,0,0,0.8181818181818182,11,0,64,0,0.008600939426519374,-0.12010931578969077
2443,CCCCCCCC#CC,457.75,True,RWDDSTHSVISBEA-UHFFFAOYSA-N,138.254,138.140850576,3.3702000000000023,0.0,0,0,5,0,0,0,0,0.8,10,0,58,0,0.00885312143173271,-0.10673740124239377
2444,CCCCCCC#CCC,320.33719,True,JUWXVJKQNKKRLD-UHFFFAOYSA-N,138.254,138.140850576,3.3702000000000023,0.0,0,0,4,0,0,0,0,0.8,10,0,58,0,0.0088638218491385,-0.1036116334899092
2445,CCCCC=C=C,378.65,True,OEMWTWLQGRYBGM-UHFFFAOYSA-N,96.17299999999999,96.093900384,2.5177000000000005,0.0,0,0,3,0,0,0,0,0.5714285714285714,7,0,40,0,-0.027466926697673623,-0.13306966224313296
2446,CCCCCCCN(CCCCCCC)CCCCCCC,603.15,True,CLZGJKHEVKJLLS-UHFFFAOYSA-N,311.59800000000007,311.35520044,7.199600000000009,3.24,0,1,18,0,0,0,0,1.0,22,1,134,0,-0.0018737932942823467,-0.30333761335054144
2447,CCCCCCCCNC,351.65,True,SEGJNMCIMOLEDM-UHFFFAOYSA-N,143.274,143.167399672,2.566300000000001,12.03,1,1,7,0,0,0,0,1.0,10,1,62,0,-0.005192353633848259,-0.31975212337836834
2448,CCCCCCCCCCCCCCCCCCNC,620.15,True,SZEGKVHRCLBFKJ-UHFFFAOYSA-N,283.54399999999987,283.323900312,6.467300000000006,12.03,1,1,17,0,0,0,0,1.0,20,1,122,0,-0.005192353633838552,-0.3197521233783683
2449,CCCCCCCNCCCCCCC,539.15,True,NJWMENBYMFZACG-UHFFFAOYSA-N,213.40899999999993,213.24564999199998,4.5168000000000035,12.03,1,1,12,0,0,0,0,1.0,15,1,92,0,-0.004891956115867518,-0.3167325943840932
2450,CCCC#CCC,382.35,True,KLYHSJRCIZOUHE-UHFFFAOYSA-N,96.17299999999999,96.093900384,2.1999000000000004,0.0,0,0,1,0,0,0,0,0.7142857142857143,7,0,40,0,0.008601290375647268,-0.10361180858231307
2451,CC(C)CCCCCN(CCCCCC(C)C)CCCCCC(C)C,759.84,True,YKGBNAGNNUEZQC-UHFFFAOYSA-N,353.67900000000014,353.402150632,7.93760000000001,3.24,0,1,18,0,0,0,0,1.0,25,1,152,0,-0.0018737919030275363,-0.3033376133342124
2452,CCCCC(CCCC)CO,491.65,True,LAPPDPWPIZBBJY-UHFFFAOYSA-N,158.285,158.167065324,2.975300000000002,20.23,1,1,7,0,0,0,0,1.0,11,1,68,0,0.04587641806095158,-0.3960881674471338
2453,C#CCCCCCCCCCO,533.58,True,YUQZOUNRPZBQJK-UHFFFAOYSA-N,168.28,168.15141526,2.7327000000000017,20.23,1,1,8,0,0,0,0,0.8181818181818182,12,1,70,0,0.04305240722888912,-0.39637656934228244
2454,CC(C)CCCC(=C)C,415.0,True,JUUMAEXLYIMEOD-UHFFFAOYSA-N,126.243,126.14085057599999,3.3888000000000025,0.0,0,0,4,0,0,0,0,0.7777777777777778,9,0,54,0,-0.03256713402370409,-0.10014093052363705
2455,CCCCCCCCCC(CCCCCCCCC)N,706.41,True,DEKCSXCNXGALFT-UHFFFAOYSA-N,283.5439999999999,283.323900312,6.595100000000007,26.02,1,1,16,0,0,0,0,1.0,20,1,122,0,0.0038778440076959733,-0.32771175382437057
2456,CC(C)CCC=C,358.15,True,JIUFYGIESXPUPL-UHFFFAOYSA-N,98.189,98.109550448,2.608600000000001,0.0,0,0,3,0,0,0,0,0.7142857142857143,7,0,42,0,-0.03509774289550111,-0.10308280770217833
2457,CCCCCC(CO)O,363.15,True,GCXZDAKFJKCPGK-UHFFFAOYSA-N,132.203,132.115029752,0.9198999999999999,40.46,2,2,5,0,0,0,0,1.0,9,2,56,0,0.07704871468693981,-0.3936886334360967
2458,CCCC(C)(C)CC(C)C,422.7,True,QALGVLROELGEEM-UHFFFAOYSA-N,142.28599999999997,142.172150704,3.858800000000003,0.0,0,0,4,0,0,0,0,1.0,10,0,62,0,-0.03518889073673485,-0.06536239610323538
2459,CC(C)C(C(C)C)N,399.15,True,FATQVQVMXNESGD-UHFFFAOYSA-N,115.22,115.13609954399999,1.6257,26.02,1,1,2,0,0,0,0,1.0,8,1,50,0,0.008505009990421974,-0.3272289996159505
2460,CCCCCCCCCCCCCCCCCCN(C)CCCCCCCCCCCCCCCCCC,1058.6,True,VFLWKHBYVIUAMP-UHFFFAOYSA-N,536.0300000000005,535.605601464,13.441199999999975,3.24,0,1,34,0,0,0,0,1.0,38,1,230,0,-0.002178816371305939,-0.3063684876585026
2461,C(CN(CCN)CCN)N,370.65,True,MBYLVOKEDDQJDY-UHFFFAOYSA-N,146.238,146.15314657599998,-1.835499999999998,81.3,3,4,6,0,0,0,0,1.0,10,4,62,0,0.010566898557264821,-0.32919852480874595
2462,C#CCCCCCCCC#C,431.52,True,PZWZXAPXSJTOOI-UHFFFAOYSA-N,148.24900000000002,148.125200512,2.983500000000001,0.0,0,0,6,0,0,0,0,0.6363636363636364,11,0,60,0,0.008600939443422252,-0.12010931578969075
2463,CCN(CC)C#CC,381.2,True,RJSCZBRDRBIRHP-UHFFFAOYSA-N,111.18799999999999,111.10479941599999,1.309,3.24,0,1,2,0,0,0,0,0.7142857142857143,8,1,46,0,0.023150839177460615,-0.33320439384180645
2464,CCOCCOCCOCCOCCOCCO,678.44,True,NJRFAMBTWHGSDE-UHFFFAOYSA-N,266.3339999999999,266.172938552,0.08160000000000128,66.38000000000001,1,6,15,0,0,0,0,1.0,18,6,110,0,0.07011439546557018,-0.39398032487450974
2465,CCCCCCCCN(C)CCCCCCCC,410.15,True,YJLYANLCNIKXMG-UHFFFAOYSA-N,255.48999999999992,255.29260018399998,5.639200000000006,3.24,0,1,14,0,0,0,0,1.0,18,1,110,0,-0.002178816371315646,-0.30636848765850266
2466,CCCN(CC)CC,385.2,True,PQZTVWVYCLIIJY-UHFFFAOYSA-N,115.21999999999998,115.13609954399999,1.7382,3.24,0,1,4,0,0,0,0,1.0,8,1,50,0,-0.002159882976544999,-0.3038962496687932
2467,CCCCN(CC)CCCC,445.65,True,BBDGYADAMYMJNO-UHFFFAOYSA-N,157.30099999999996,157.183049736,2.908500000000002,3.24,0,1,7,0,0,0,0,1.0,11,1,68,0,-0.001895458981888143,-0.30361207708372157
2468,CCCCCCC(=C)C,417.15,True,FBEDQPGLIKZGIN-UHFFFAOYSA-N,126.243,126.14085057599999,3.5329000000000024,0.0,0,0,5,0,0,0,0,0.7777777777777778,9,0,54,0,-0.03257692762993201,-0.10014093189971933
2469,C(CNCCN)CNCCN,605.16,True,UWMHHZFHBCYGCV-UHFFFAOYSA-N,160.265,160.16879663999998,-1.526899999999997,76.1,4,4,8,0,0,0,0,1.0,11,4,68,0,0.0074460031956696,-0.32920809803032003
2470,CC(C)NC,326.45,True,XHFGWHUWQXTGAT-UHFFFAOYSA-N,73.139,73.08914935199999,0.6141999999999999,12.03,1,1,1,0,0,0,0,1.0,5,1,32,0,0.0007328204776083678,-0.31755240450444866
2471,C=CCCCCCC=C,414.15,True,VJHGSLHHMIELQD-UHFFFAOYSA-N,124.22699999999999,124.12520051199999,3.308900000000002,0.0,0,0,6,0,0,0,0,0.5555555555555556,9,0,52,0,-0.035341107858098846,-0.10308297893073644
2472,CCC(C)(C)C(C)(C)CC,443.15,True,MCEYLFHKATVXLN-UHFFFAOYSA-N,142.28599999999997,142.172150704,3.858800000000003,0.0,0,0,3,0,0,0,0,1.0,10,0,62,0,-0.030564898222475996,-0.0648530299238003
2473,C(O)O,406.84,True,CKFGINPQOCXMAZ-UHFFFAOYSA-N,48.041000000000004,48.021129368,-1.0715000000000001,40.46,2,2,0,0,0,0,0,1.0,3,2,20,0,0.13987903731348209,-0.37088451524293325
2474,CCCCCCCCC(CO)O,528.2,True,YSRSBDQINUMTIF-UHFFFAOYSA-N,174.284,174.161979944,2.090200000000001,40.46,2,2,8,0,0,0,0,1.0,12,2,74,0,0.0770487160795565,-0.39368863343608584
2475,C#CCCCO,423.15,True,CRWVOXFUXPYTRK-UHFFFAOYSA-N,84.118,84.057514876,0.39209999999999995,20.23,1,1,2,0,0,0,0,0.6,6,1,34,0,0.04396151671114694,-0.3963409483616702
2476,C(COCCOCCOCCOCCOCCOCCO)O,515.65,True,XPJRQAIZZQMSCM-UHFFFAOYSA-N,326.386,326.19406791999995,-0.9293999999999971,95.84000000000002,2,8,19,0,0,0,0,1.0,22,8,134,0,0.07011439546557022,-0.39398032487450974
2477,CCOCCOCCOCCOCCO,610.26,True,GTAKOUPXIUWZIA-UHFFFAOYSA-N,222.28099999999995,222.146723804,0.06500000000000022,57.150000000000006,1,5,12,0,0,0,0,1.0,15,5,92,0,0.07011439546535889,-0.39398032487450974
2478,CCN(CC)CC=C,383.15,True,JWAJUTZQGZBKFS-UHFFFAOYSA-N,113.204,113.12044947999999,1.5142,3.24,0,1,4,0,0,0,0,0.7142857142857143,8,1,48,0,0.015986970202151535,-0.3002461446983865
2479,C(CCCCCCO)CCCCCO,658.52,True,GHLKSLMMWAKNBM-UHFFFAOYSA-N,202.33799999999994,202.193280072,2.872000000000002,40.46,2,2,11,0,0,0,0,1.0,14,2,86,0,0.043052407228889096,-0.39637656934228244
2480,CC(C)(C)CN,355.15,True,XDIAMRVROCPPBK-UHFFFAOYSA-N,87.16600000000001,87.10479941599999,0.9912000000000001,26.02,1,1,0,0,0,0,0,1.0,6,1,38,0,-0.002846556781360143,-0.32995168842130845
2481,CCCCCC(CC)CC,438.15,True,OEYGTUAKNZFCDJ-UHFFFAOYSA-N,142.286,142.172150704,4.002900000000003,0.0,0,0,6,0,0,0,0,1.0,10,0,62,0,-0.04195314744727619,-0.06538238183512762
2482,CCCCCCCCCCCCCCCCCCCO,618.15,True,XGFDHKJUZCCPKQ-UHFFFAOYSA-N,284.5279999999999,284.3079159,6.630300000000008,20.23,1,1,17,0,0,0,0,1.0,20,1,122,0,0.043052407228889096,-0.39637656934228244
2483,CCC#CCO,423.15,True,WLPYSOCRPHTIDZ-UHFFFAOYSA-N,84.11799999999998,84.057514876,0.39209999999999995,20.23,1,1,0,0,0,0,0,0.6,6,1,34,0,0.1037299619182822,-0.3836557928091111
2484,CC(=C)CN(CC(=C)C)CC(=C)C,357.15,True,FXBJYRVIFGLPBC-UHFFFAOYSA-N,179.30699999999996,179.167399672,3.016700000000002,3.24,0,1,6,0,0,0,0,0.5,13,1,74,0,0.019374977703061173,-0.291640329232324
2485,CN(C)CCCNCCCN(C)C,503.45,True,BXYVQNNEFZOBOZ-UHFFFAOYSA-N,187.331,187.20484779999998,0.47940000000000116,18.509999999999998,1,3,8,0,0,0,0,1.0,13,3,80,0,-0.0012738442384366655,-0.3166347729203912
2486,C[C@@H](CCCC(=C)C)CCO,516.7,True,JGQFVRIQXUFPAH-JTQLQIEISA-N,156.269,156.15141526,2.751300000000001,20.23,1,1,6,0,0,0,0,0.8,11,1,66,0,0.0433064855994453,-0.3963658949093974
2487,CCCOCCOCCO,487.95,True,DJCYDDALXPHSHR-UHFFFAOYSA-N,148.202,148.109944372,0.4219,38.69,1,3,7,0,0,0,0,1.0,10,3,62,0,0.07011205472077393,-0.3939803248745099
2488,CCN(C(C)C)C(C)C,387.15,True,JGFZNNIVVJXRND-UHFFFAOYSA-N,129.24699999999999,129.151749608,2.1250999999999998,3.24,0,1,3,0,0,0,0,1.0,9,1,56,0,0.004112605038320597,-0.2988159012863423
2489,CC(C)CN(C)C,353.15,True,GDHRQDYGUDOEIZ-UHFFFAOYSA-N,101.19299999999998,101.12044947999999,1.204,3.24,0,1,2,0,0,0,0,1.0,7,1,44,0,-0.0001715783070526836,-0.30914555613531886
2490,CCCCCCCCCCCN,502.15,True,QFKMMXYLAPZKIB-UHFFFAOYSA-N,171.32799999999997,171.19869979999999,3.475900000000001,26.02,1,1,9,0,0,0,0,1.0,12,1,74,0,-0.007727546703962752,-0.33047350396342257
2491,CCCCCCCCCCCCNC,382.15,True,OMEMQVZNTDHENJ-UHFFFAOYSA-N,199.38199999999998,199.22999992799998,4.126700000000003,12.03,1,1,11,0,0,0,0,1.0,14,1,86,0,-0.005192353633838552,-0.3197521233783683
2492,CCC(=C)C(C)C,359.45,True,ADHCYQWFCLQBFG-UHFFFAOYSA-N,98.18899999999998,98.109550448,2.608600000000001,0.0,0,0,2,0,0,0,0,0.7142857142857143,7,0,42,0,-0.026291674949697367,-0.09961245791774634
2493,CCC(=C=C)C,343.15,True,INFFCVIZNSUFGK-UHFFFAOYSA-N,82.14599999999999,82.07825032,2.1276,0.0,0,0,1,0,0,0,0,0.5,6,0,34,0,-0.027544720384561207,-0.12988841686904923
2494,CC(C)NC(C)(C)C,371.15,True,ZWXQPERWRDHCMZ-UHFFFAOYSA-N,115.21999999999998,115.13609954399999,1.7829,12.03,1,1,1,0,0,0,0,1.0,8,1,50,0,0.009881743721042826,-0.30987263649044033
2495,C(CCCCCCCCO)CCCCCCCO,750.04,True,GJBXIPOYHVMPQJ-UHFFFAOYSA-N,258.4459999999999,258.255880328,4.432400000000005,40.46,2,2,15,0,0,0,0,1.0,18,2,110,0,0.043052407228889096,-0.39637656934228244
2496,CCCCCCCCOCCO,543.0,True,ZQCIMPBZCZUDJM-UHFFFAOYSA-N,174.284,174.161979944,2.355800000000001,29.46,1,2,9,0,0,0,0,1.0,12,2,74,0,0.069719364415563,-0.3939803427494372
2497,CCCCCCCCCCCCCCCCCCCCCCC=C,663.15,True,ZDLBWMYNYNATIW-UHFFFAOYSA-N,336.6480000000001,336.375601536,9.3844,0.0,0,0,21,0,0,0,0,0.9166666666666666,24,0,144,0,-0.0353412931099218,-0.10308297893627165
2498,CC(C)CCCC(C)(C)O,443.15,True,HGDVHRITTGWMJK-UHFFFAOYSA-N,144.258,144.15141526,2.583600000000001,20.23,1,1,4,0,0,0,0,1.0,10,1,62,0,0.0591324650966783,-0.39047199600841165
2499,CCCCCCCCCCCCCCCCNC,594.15,True,IHFXMTOFDQKABX-UHFFFAOYSA-N,255.48999999999992,255.29260018399998,5.687100000000005,12.03,1,1,15,0,0,0,0,1.0,18,1,110,0,-0.005192353633838552,-0.3197521233783683
2500,CC[C@@H](C)O,372.4,True,BTANRVKWQNVYAZ-SCSAIBSYSA-N,74.12299999999999,74.07316494,0.7771999999999999,20.23,1,1,1,0,0,0,0,1.0,5,1,32,0,0.05090390435353903,-0.39343008722162376
2501,CCCCC#CCCO,370.15,True,LRZGRGVRZSDRTK-UHFFFAOYSA-N,126.19899999999998,126.104465068,1.5624,20.23,1,1,3,0,0,0,0,0.75,9,1,52,0,0.05400659925613099,-0.3953860869610389
2502,CCCCC#CCC,408.75,True,UDEISTCPVNLKRJ-UHFFFAOYSA-N,110.19999999999999,110.109550448,2.5900000000000007,0.0,0,0,2,0,0,0,0,0.75,8,0,46,0,0.008853740192273692,-0.10361163486882764
2503,CCCCCCCCCCCCCCCCCCCCCO,772.26,True,FIPPFBHCBUDBRR-UHFFFAOYSA-N,312.582,312.33921602799995,7.410500000000009,20.23,1,1,19,0,0,0,0,1.0,22,1,134,0,0.043052407228889096,-0.39637656934228244
2504,CCCCCCC(C)(C)C,427.15,True,GPBUTTSWJNPYJL-UHFFFAOYSA-N,142.286,142.172150704,4.002900000000003,0.0,0,0,4,0,0,0,0,1.0,10,0,62,0,-0.038261121338929734,-0.06538238321218086
2505,CCCCC(C)(C)CCC,430.42617,True,ZMEDGZAGMLTROM-UHFFFAOYSA-N,142.286,142.172150704,4.002900000000003,0.0,0,0,5,0,0,0,0,1.0,10,0,62,0,-0.035431932202401435,-0.06538203736396968
2506,CCCCCCCCCCCCCCCCCCCCCCCCCCC(C)CC,885.56,True,DCKPETUZJQNEBD-UHFFFAOYSA-N,422.8260000000003,422.485151984,11.804899999999984,0.0,0,0,26,0,0,0,0,1.0,30,0,182,0,-0.04454239142239572,-0.06538238322279266
2507,CC(C)CC(CC(=C)C=C)O,512.94,True,RHAXCOKCIAVHPB-UHFFFAOYSA-N,154.253,154.135765196,2.525700000000001,20.23,1,1,5,0,0,0,0,0.6,11,1,64,0,0.058232882111401284,-0.3927749889829218
2508,CC(=CC(CC(=C)C=C)O)C,517.42,True,NHMKYUHMPXBMFI-UHFFFAOYSA-N,152.23700000000002,152.120115132,2.4458,20.23,1,1,4,0,0,0,0,0.4,11,1,62,0,0.07629318259709265,-0.3886917898182007
2509,CCCCCCCCCCCCCCC(C)O,587.15,True,FVDRFBGMOWJEOR-UHFFFAOYSA-N,242.44699999999995,242.26096570800001,5.458400000000006,20.23,1,1,13,0,0,0,0,1.0,17,1,104,0,0.05116668313469141,-0.3934192690333077
2510,CCCCC(C)CCCC(C)CCCC(C)C,587.24,True,IMTCMWSWXFQQDL-UHFFFAOYSA-N,240.47499999999997,240.28170115199998,6.445400000000007,0.0,0,0,11,0,0,0,0,1.0,17,0,104,0,-0.044279732112825695,-0.06538221100653004
2511,CC(C)CCCC(C)C(C)O,519.26,True,XCWMPEYBKUYTLZ-UHFFFAOYSA-N,158.285,158.167065324,2.8296000000000014,20.23,1,1,5,0,0,0,0,1.0,11,1,68,0,0.053714295867771836,-0.3931412637277375
2512,CCCCC(CC)CCC,436.15,True,NRJUFUBKIFIKFI-UHFFFAOYSA-N,142.286,142.172150704,4.002900000000003,0.0,0,0,6,0,0,0,0,1.0,10,0,62,0,-0.0417010927646162,-0.06538220962679206
2513,CCCCC(C)C(C)CC,435.15,True,QQCWGAMGBCGAQJ-UHFFFAOYSA-N,142.28599999999997,142.172150704,3.858800000000003,0.0,0,0,5,0,0,0,0,1.0,10,0,62,0,-0.04170847670894885,-0.06538220961586205
2514,CCC(C)CCC(C)CC,433.95,True,JEEQUUSFXYRPRK-UHFFFAOYSA-N,142.286,142.172150704,3.858800000000003,0.0,0,0,5,0,0,0,0,1.0,10,0,62,0,-0.044532435233096926,-0.06512829910680813
2515,CCCC(C)C(=C)C,384.15,True,LVLXQRZPKUFJJQ-UHFFFAOYSA-N,112.216,112.12520051199999,2.9987000000000013,0.0,0,0,3,0,0,0,0,0.75,8,0,48,0,-0.023722646169555654,-0.09987116570350742
2516,CCCC(CC)C(C)C,411.15,True,MVLOWDRGPHBNNF-UHFFFAOYSA-N,128.259,128.15650064,3.468700000000003,0.0,0,0,4,0,0,0,0,1.0,9,0,56,0,-0.03938285506820243,-0.06537208114319905
2517,CCCCCC(C)CCC(C)CC,496.16,True,WLUQEGDKTQZXBV-UHFFFAOYSA-N,184.367,184.219100896,5.029100000000005,0.0,0,0,8,0,0,0,0,1.0,13,0,80,0,-0.04427012084243488,-0.0653823818403936
2518,CCCC(C)CCCCC(C)CC,496.16,True,WOGVWUCXENBLIV-UHFFFAOYSA-N,184.367,184.219100896,5.029100000000005,0.0,0,0,8,0,0,0,0,1.0,13,0,80,0,-0.0442901334938244,-0.06537242504752182
2519,CCCCC(C)C(C)CCC,455.15,True,JDNGDDOTBYZAGS-UHFFFAOYSA-N,156.31299999999996,156.187800768,4.2489000000000035,0.0,0,0,6,0,0,0,0,1.0,11,0,68,0,-0.04169855134072303,-0.06538220961585231
2520,CCCCCCCC(C)C(C)C,479.15,True,ZCTGYLNFWOQVHV-UHFFFAOYSA-N,170.34,170.203450832,4.639000000000005,0.0,0,0,7,0,0,0,0,1.0,12,0,74,0,-0.041961098608298136,-0.06538238322278293
2521,CCCCCCCCCCC(C)CCCCCCCC,656.76,True,FFVPRSKCTDQLBP-UHFFFAOYSA-N,282.556,282.328651344,7.903900000000008,0.0,0,0,16,0,0,0,0,1.0,20,0,122,0,-0.044280075605757634,-0.06538238322279266
2522,CCCCCCCCCCCC(C)CC,539.45,True,HXUYUZCPGPKNGS-UHFFFAOYSA-N,212.42099999999996,212.25040102399998,5.9534000000000065,0.0,0,0,11,0,0,0,0,1.0,15,0,92,0,-0.04454239142239572,-0.06538238322279266
2523,CC(C)CCCC(C)(C=C)O,513.59,True,IUDWWFNDSJRYRV-UHFFFAOYSA-N,156.26899999999998,156.15141526,2.749700000000002,20.23,1,1,5,0,0,0,0,0.8,11,1,66,0,0.07965926837137707,-0.38610342386786556
2524,CCC(C)(CCC=C(C)C)O,521.39,True,JRTBBCBDKSRRCY-UHFFFAOYSA-N,156.26899999999998,156.15141526,2.893800000000002,20.23,1,1,4,0,0,0,0,0.8,11,1,66,0,0.06197024287568997,-0.3901826965177513
2525,CCC(C)CCCC(C)(C)O,516.91,True,WRFXXJKURVTLSY-UHFFFAOYSA-N,158.285,158.167065324,2.9737000000000022,20.23,1,1,5,0,0,0,0,1.0,11,1,68,0,0.059132466492383476,-0.3904719960028043
2526,CCCCCCCCC(C)CO,543.02,True,JZEUFFFBEMAJHS-UHFFFAOYSA-N,172.31199999999998,172.182715388,3.3654000000000024,20.23,1,1,8,0,0,0,0,1.0,12,1,74,0,0.045612491906914535,-0.3960990112380961
2527,CCCCC(C(C)C)O,426.65,True,QGVFLDUEHSIZIG-UHFFFAOYSA-N,130.231,130.135765196,2.1935000000000007,20.23,1,1,4,0,0,0,0,1.0,9,1,56,0,0.05626795988736359,-0.392864016297065
2528,CCC(C)CC(CC)O,427.15,True,SECKOSOTZOBWEI-UHFFFAOYSA-N,130.231,130.135765196,2.1935000000000007,20.23,1,1,4,0,0,0,0,1.0,9,1,56,0,0.05397554853138927,-0.3931314922114302
2529,CCC(CCC(C)C)O,438.65,True,MNBIBGDICHMQFN-UHFFFAOYSA-N,130.231,130.135765196,2.1935000000000007,20.23,1,1,4,0,0,0,0,1.0,9,1,56,0,0.053731874601442534,-0.39314202970511936
2530,CCC(C)(CC)CO,429.23605,True,KMWHQWJVSALJAW-UHFFFAOYSA-N,116.20399999999998,116.120115132,1.8050000000000002,20.23,1,1,3,0,0,0,0,1.0,8,1,50,0,0.048407092919234306,-0.39580981058862785
2531,CCCCCCCCCCCCCCCCCCCCCCCCCCCCC=C,721.15,True,WMZHDICSCDKPFS-UHFFFAOYSA-N,420.81000000000034,420.46950191999997,11.724999999999984,0.0,0,0,27,0,0,0,0,0.9333333333333333,30,0,180,0,-0.0353412931099218,-0.10308297893627165
2532,CCCCCCCCCCCCCCCCCCCCCCCCCCCCCCC=C,738.15,True,WMRDPJYQERQCEP-UHFFFAOYSA-N,448.86400000000043,448.50080204799997,12.505199999999979,0.0,0,0,29,0,0,0,0,0.9375,32,0,192,0,-0.0353412931099218,-0.10308297893627165
2533,CCCCCCCCCC(=C)C,484.75,True,SJVKHZYVCVKEGM-UHFFFAOYSA-N,168.32399999999998,168.187800768,4.703200000000004,0.0,0,0,8,0,0,0,0,0.8333333333333334,12,0,72,0,-0.03257692625116632,-0.10014093189970978
2534,CCCCCCCCCCCCCCCCCCCCCCCCCCC=C,703.15,True,QEXZDYLACYKGOM-UHFFFAOYSA-N,392.75600000000026,392.438201792,10.94479999999999,0.0,0,0,25,0,0,0,0,0.9285714285714286,28,0,168,0,-0.0353412931099218,-0.10308297893627165
2535,CCC(CC)C(CC)CC,433.15,True,VBZCRMTUDYIWIH-UHFFFAOYSA-N,142.286,142.172150704,3.858800000000003,0.0,0,0,5,0,0,0,0,1.0,10,0,62,0,-0.03912929942275544,-0.06510816655532108
2536,CCCCC(CC)(CC)O,455.35,True,XKRZDNKKANUBPV-UHFFFAOYSA-N,144.258,144.15141526,2.727700000000002,20.23,1,1,5,0,0,0,0,1.0,10,1,62,0,0.06421732052472338,-0.38991681454826327
2537,C(CCCCCCCO)CCCCCCO,704.28,True,XLKZJJVNBQCVIX-UHFFFAOYSA-N,230.39199999999994,230.2245802,3.6522000000000028,40.46,2,2,13,0,0,0,0,1.0,16,2,98,0,0.043052407228889096,-0.39637656934228244
2538,CCNC(C)C,341.15,True,RIVIDPPYRINTTH-UHFFFAOYSA-N,87.166,87.10479941599999,1.0043,12.03,1,1,2,0,0,0,0,1.0,6,1,38,0,0.001021224587281305,-0.3148078147087305
2539,CCCCCC=CCC,420.65,True,YCBSHDKATAPNIA-UHFFFAOYSA-N,126.24299999999998,126.14085057599999,3.5329000000000024,0.0,0,0,5,0,0,0,0,0.7777777777777778,9,0,54,0,-0.0350738138553778,-0.088813500587243
2540,CCCNCC,358.15,True,XCVNDBIXFPGMIW-UHFFFAOYSA-N,87.166,87.10479941599999,1.0059,12.03,1,1,3,0,0,0,0,1.0,6,1,38,0,-0.005166471244616643,-0.3170175097528289
2541,CCCNC(C)C,369.35,True,VLSTXUUYLIALPB-UHFFFAOYSA-N,101.19299999999998,101.12044947999999,1.3943999999999999,12.03,1,1,3,0,0,0,0,1.0,7,1,44,0,0.001032549662909218,-0.31454374501891535
2542,CCCC(C)(CCC(C)C)O,465.15,True,OTISWHNJCUMBFI-UHFFFAOYSA-N,158.285,158.167065324,2.9737000000000022,20.23,1,1,5,0,0,0,0,1.0,11,1,68,0,0.06193747219521938,-0.3901836562854577
2543,CCC#CCC(C)O,460.5,True,CXVIEBMEWKSONY-UHFFFAOYSA-N,112.17199999999997,112.088815004,1.1706999999999999,20.23,1,1,1,0,0,0,0,0.7142857142857143,8,1,46,0,0.06207929923129547,-0.39242696837043956
2544,CCC(C)C(C)CC(C)C,429.66,True,YMBNRMDSLJNNPF-UHFFFAOYSA-N,142.28599999999997,142.172150704,3.714700000000003,0.0,0,0,4,0,0,0,0,1.0,10,0,62,0,-0.04146511001591868,-0.06511829283315607
2545,CCC(C)C(C)C(C)CC,435.65,True,LJIIBBYARMPSMT-UHFFFAOYSA-N,142.28599999999997,142.172150704,3.714700000000003,0.0,0,0,4,0,0,0,0,1.0,10,0,62,0,-0.03913747958137728,-0.06511812004762062
2546,CCCCCCC(C)(CC)O,517.35,True,VZBFPIMCUSPDLS-UHFFFAOYSA-N,158.285,158.167065324,3.117800000000002,20.23,1,1,6,0,0,0,0,1.0,11,1,68,0,0.06167535224108705,-0.3901945204667139
2547,CCCCCCCCCC(CCCC)O,611.66,True,UCEOYIRETCABER-UHFFFAOYSA-N,214.39299999999997,214.22966558000002,4.678200000000005,20.23,1,1,11,0,0,0,0,1.0,15,1,92,0,0.053984600851038185,-0.3931313839296292
2548,CCCCCCCCCCCCC(CO)O,703.84,True,DWANEFRJKWXRSG-UHFFFAOYSA-N,230.39199999999997,230.2245802,3.6506000000000025,40.46,2,2,12,0,0,0,0,1.0,16,2,98,0,0.07704871607955652,-0.39368863343608584
2549,CCCCCCC(C=C)O,466.65,True,DWUPJMHAPOQKGJ-UHFFFAOYSA-N,142.242,142.135765196,2.5037000000000007,20.23,1,1,6,0,0,0,0,0.7777777777777778,10,1,60,0,0.07178455612802732,-0.3890606359632208
2550,COCCOCCOCCOCCOCCO,655.56,True,SLNYBUIEAMRFSZ-UHFFFAOYSA-N,252.30699999999993,252.157288488,-0.30849999999999816,66.38000000000001,1,6,14,0,0,0,0,1.0,17,6,104,0,0.07011439546557016,-0.39398032487450974
2551,COCCOCCOCCOCCO,557.0,True,ZNYRFEPBTVGZDN-UHFFFAOYSA-N,208.25399999999996,208.13107374,-0.32509999999999944,57.150000000000006,1,5,11,0,0,0,0,1.0,14,5,86,0,0.07011439545385884,-0.39398032487450974
2552,CCCCCC(C)(CCC)O,517.35,True,GDCOAKPWVJCNGI-UHFFFAOYSA-N,158.285,158.167065324,3.117800000000002,20.23,1,1,6,0,0,0,0,1.0,11,1,68,0,0.061927625520566576,-0.39018383924445604
2553,CCCCCC(CCO)O,566.56,True,DCTMXCOHGKSXIZ-UHFFFAOYSA-N,146.23000000000002,146.130679816,1.31,40.46,2,2,6,0,0,0,0,1.0,10,2,62,0,0.05616738951835628,-0.3962749274778495
2554,C=CCOC(CO)CO,539.9,True,IGDCJKDZZUALAO-UHFFFAOYSA-N,132.159,132.078644244,-0.4578000000000001,49.69,2,3,5,0,0,0,0,0.6666666666666666,9,3,54,0,0.10394559336541045,-0.3935826820454556
2555,CCCCCCCC(C)CC,465.15,True,JJRUZTXRDDMYGM-UHFFFAOYSA-N,156.313,156.187800768,4.393000000000004,0.0,0,0,7,0,0,0,0,1.0,11,0,68,0,-0.04454239142240538,-0.06538238322278293
2556,CC(COC(C)(C)C)O,417.15,True,GQCZPFJGIXHZMB-UHFFFAOYSA-N,132.203,132.115029752,1.1823,29.46,1,2,2,0,0,0,0,1.0,9,2,56,0,0.07454229490462537,-0.39101847486966
2557,CCC(C)(C)C(C)(C)C,413.35,True,QUKOJKFJIHSBKV-UHFFFAOYSA-N,128.25899999999996,128.15650064,3.468700000000003,0.0,0,0,1,0,0,0,0,1.0,9,0,56,0,-0.030817843252736052,-0.06485320458530552
2558,COCC(CO)O,493.15,True,PSJBSUHYCGQTHZ-UHFFFAOYSA-N,106.121,106.06299418,-1.0139999999999998,49.69,2,3,3,0,0,0,0,1.0,7,3,44,0,0.10030580103143184,-0.39359314328006495
2559,CCCCCCCCCCC(CO)O,658.08,True,ZITKDVFRMRXIJQ-UHFFFAOYSA-N,202.338,202.193280072,2.870400000000002,40.46,2,2,10,0,0,0,0,1.0,14,2,86,0,0.07704871607955652,-0.39368863343608584
2560,CCCCC(C)CC(C)C,427.15,True,IXAVTTRPEXFVSX-UHFFFAOYSA-N,142.28599999999997,142.172150704,3.858800000000003,0.0,0,0,5,0,0,0,0,1.0,10,0,62,0,-0.044037022629141734,-0.0653822110012195
2561,CC(CC(C)(C)C)C=C,392.6,True,JTXUVHFRSRTSAT-UHFFFAOYSA-N,126.24299999999998,126.14085057599999,3.2447000000000017,0.0,0,0,2,0,0,0,0,0.7777777777777778,9,0,54,0,-0.02596654820573789,-0.10281346699011187
2562,CCCC(CO)O,483.65,True,WCVRQHFDJLLWFE-UHFFFAOYSA-N,104.14899999999999,104.083729624,0.13970000000000005,40.46,2,2,3,0,0,0,0,1.0,7,2,44,0,0.07703859223672839,-0.39368863498661893
2563,CCCCC(CC)C(C#C)O,509.82,True,CUUQUEAUUPYEKK-UHFFFAOYSA-N,154.253,154.135765196,2.1969000000000007,20.23,1,1,5,0,0,0,0,0.8,11,1,64,0,0.11678756405179551,-0.38010074466073196
2564,CCCCCCCCCCCCCC(C)CC,571.15,True,WWPCLIMUTNKTDY-UHFFFAOYSA-N,240.47499999999994,240.28170115199998,6.733600000000007,0.0,0,0,13,0,0,0,0,1.0,17,0,104,0,-0.04454239142239572,-0.06538238322279266
2565,CCCCCCCCCCCCC(C)CCCCC,633.88,True,MMQAZWNADBJFCD-UHFFFAOYSA-N,268.52899999999994,268.31300128,7.513800000000008,0.0,0,0,15,0,0,0,0,1.0,19,0,116,0,-0.04428007698374054,-0.06538238322279266
2566,CCCCCC(C)CCCC,459.15,True,QUYFPNWYGLFQQU-UHFFFAOYSA-N,156.313,156.187800768,4.393000000000004,0.0,0,0,7,0,0,0,0,1.0,11,0,68,0,-0.04428024936457142,-0.06538238184039362
2567,CCCCCCCNC,441.15,True,LTGYRKOQQQWWAF-UHFFFAOYSA-N,129.24699999999999,129.151749608,2.1761999999999997,12.03,1,1,6,0,0,0,0,1.0,9,1,56,0,-0.0051923536391215224,-0.3197521233783783
2568,CCC(O)OCC,428.16,True,JLBXCKSMESLGTJ-UHFFFAOYSA-N,104.149,104.083729624,0.7513000000000001,29.46,1,2,3,0,0,0,0,1.0,7,2,44,0,0.15374709461075045,-0.3680110062257731
2569,CCCC(C)C(C)C(C)C,429.0,True,UVVYAKOLFKEZEE-UHFFFAOYSA-N,142.28599999999997,142.172150704,3.714700000000003,0.0,0,0,4,0,0,0,0,1.0,10,0,62,0,-0.03938031752401741,-0.06537225046401973
2570,C([C@H](C([C@@H](CO)O)O)O)O,773.58,True,HEBKCHPVOIAQTA-QWWZWVQMSA-N,152.146,152.068473484,-2.9462999999999995,101.15,5,5,4,0,0,0,0,1.0,10,5,62,0,0.11019804516401113,-0.39357913693569924
2571,CCCCCCC(C)CCCC,479.15,True,QULNVKABFWNUCW-UHFFFAOYSA-N,170.33999999999997,170.203450832,4.783100000000005,0.0,0,0,8,0,0,0,0,1.0,12,0,74,0,-0.04428024799184777,-0.06538238321750621
2572,CCCCC=CCCC,418.15,True,KPADFPAILITQBG-UHFFFAOYSA-N,126.24299999999998,126.14085057599999,3.5329000000000024,0.0,0,0,5,0,0,0,0,0.7777777777777778,9,0,54,0,-0.03508353621861336,-0.08854959307913429
2573,CC(CO)C=C,393.65,True,NVGOATMUHKIQQG-UHFFFAOYSA-N,86.134,86.07316494,0.8008,20.23,1,1,2,0,0,0,0,0.6,6,1,36,0,0.04905351243557786,-0.39577529198913336
2574,CCCCCCCCCCCCCCC(C)CC,586.15,True,HPDKJRSKBCPMIY-UHFFFAOYSA-N,254.50199999999992,254.29735121599998,7.1237000000000075,0.0,0,0,14,0,0,0,0,1.0,18,0,110,0,-0.04454239142239572,-0.06538238322279266
2575,CCCCCCCCCCCCCCCCC(C)CC,613.15,True,NYRRMADCQLTNBX-UHFFFAOYSA-N,282.556,282.328651344,7.903900000000008,0.0,0,0,16,0,0,0,0,1.0,20,0,122,0,-0.04454239142239572,-0.06538238322279266
2576,CCCCC(CO)O,507.15,True,FHKSXSQHXQEMOK-UHFFFAOYSA-N,118.17599999999997,118.099379688,0.5297999999999998,40.46,2,2,4,0,0,0,0,1.0,8,2,50,0,0.07704854209708395,-0.3936886334419945
2577,CC(C)(C)CC(C)(C)O,419.15,True,BSYJHYLAMMJNRC-UHFFFAOYSA-N,130.231,130.135765196,2.1935000000000007,20.23,1,1,1,0,0,0,0,1.0,9,1,56,0,0.059629815169024325,-0.39045061570410067
2578,C(C#CC#CCO)O,539.24,True,JXMQYKBAZRDVTC-UHFFFAOYSA-N,110.11199999999997,110.036779432,-1.0222,40.46,2,2,0,0,0,0,0,0.3333333333333333,8,2,42,0,0.10475236529306707,-0.383617708239087
2579,CCCCN(CCC)CCCC,463.72,True,VEBPYKMCKZTFPJ-UHFFFAOYSA-N,171.32799999999995,171.19869979999999,3.298600000000002,3.24,0,1,8,0,0,0,0,1.0,12,1,74,0,-0.001884088180445606,-0.3033483865882034
2580,CCCC(C)(C(C)(C)C)O,443.15,True,DHNHHYWBZNQHGN-UHFFFAOYSA-N,144.25799999999998,144.15141526,2.583600000000001,20.23,1,1,2,0,0,0,0,1.0,10,1,62,0,0.06672312605016092,-0.38963636359142434
2581,CCCCCCCCC(CCCCCC)CO,657.42,True,XULHFMYCBKQGEE-UHFFFAOYSA-N,242.44699999999992,242.26096570800001,5.315900000000006,20.23,1,1,13,0,0,0,0,1.0,17,1,104,0,0.045876420857678894,-0.39608816743598285
2582,CC(C(C)(C)O)O,448.15,True,IDEOPBXRUBNYBN-UHFFFAOYSA-N,104.14899999999997,104.083729624,0.1381,40.46,2,2,1,0,0,0,0,1.0,7,2,44,0,0.08463510720209345,-0.39044641145625925
2583,CC(C)C(C)(C#C)O,406.15,True,DZNLEQBXXLGELU-UHFFFAOYSA-N,112.17199999999997,112.088815004,1.0266,20.23,1,1,1,0,0,0,0,0.7142857142857143,8,1,46,0,0.12423757357458177,-0.37764849327739725
2584,CNCC#C,356.15,True,HQFYIDOMCULPIW-UHFFFAOYSA-N,69.10699999999999,69.057849224,-0.16100000000000003,12.03,1,1,1,0,0,0,0,0.5,5,1,28,0,0.0570909646352256,-0.30931539962709026
2585,CC(C)CCC(CO)C(C)C,484.15,True,SFIQHFBITUEIBP-UHFFFAOYSA-N,158.28499999999997,158.167065324,2.687100000000001,20.23,1,1,5,0,0,0,0,1.0,11,1,68,0,0.04612119839266197,-0.39607761496928856
2586,CC(C(C)O)C(C)O,484.65,True,RBQLGIKHSXQZTB-UHFFFAOYSA-N,118.17599999999997,118.099379688,0.38409999999999994,40.46,2,2,2,0,0,0,0,1.0,8,2,50,0,0.0561676902148499,-0.39303899130153247
2587,CC(C)CCCC(C)O,446.15,True,FCOUHTHQYOMLJT-UHFFFAOYSA-N,130.231,130.135765196,2.1935000000000007,20.23,1,1,4,0,0,0,0,1.0,9,1,56,0,0.05116685567487937,-0.39341926757154483
2588,CCCCCCCCCCCCCC(C)O,572.15,True,ALVGHPMGQNBJRC-UHFFFAOYSA-N,228.41999999999996,228.24531564400002,5.068300000000006,20.23,1,1,12,0,0,0,0,1.0,16,1,98,0,0.05116668313469141,-0.3934192690333077
2589,CCCCCCCCCCCCOCC(CO)O,749.14,True,GBXRUYNQDDTQQS-UHFFFAOYSA-N,260.41799999999995,260.235144884,3.2771000000000026,49.69,2,3,14,0,0,0,0,1.0,18,3,110,0,0.10032083650018836,-0.3935931409598309
2590,CCCCC(CC)CCC(CC(C)C)O,534.65,True,JKKBSZCOVNFRCQ-UHFFFAOYSA-N,214.393,214.22966558000002,4.390000000000005,20.23,1,1,9,0,0,0,0,1.0,15,1,92,0,0.05423848843601985,-0.39312065996401047
2591,CCCCCCCCCCCCCCC(CO)O,749.6,True,BTOOAFQCTJZDRC-UHFFFAOYSA-N,258.4459999999999,258.255880328,4.430800000000005,40.46,2,2,14,0,0,0,0,1.0,18,2,110,0,0.07704871607955652,-0.39368863343608584
2592,CCC(C)C(C(C)C)O,433.76714,True,UCRQJBCLZKHOGX-UHFFFAOYSA-N,130.231,130.135765196,2.0494,20.23,1,1,3,0,0,0,0,1.0,9,1,56,0,0.058803739707840655,-0.3925857285646372
2593,CCCC(C(C)(C)C)O,429.15,True,PFHLGQKVKALLMD-UHFFFAOYSA-N,130.231,130.135765196,2.1935000000000007,20.23,1,1,2,0,0,0,0,1.0,9,1,56,0,0.058794559524640695,-0.3925848844896876
2594,CCC(C)(CC(C)C)O,424.15,True,INMGJWCKWKKMPN-UHFFFAOYSA-N,130.231,130.135765196,2.1935000000000007,20.23,1,1,3,0,0,0,0,1.0,9,1,56,0,0.061918523411684336,-0.39018394901545805
2595,CCC(C)CCCO,444.28091,True,YNPVNLWKVZZBTM-UHFFFAOYSA-N,116.204,116.120115132,1.8050000000000002,20.23,1,1,4,0,0,0,0,1.0,8,1,50,0,0.04306242683611909,-0.39637638655079904
2596,CCCCCCCCCCCCCCCCCC(C)CC,679.64,True,GZCXIMGMPAZPPM-UHFFFAOYSA-N,296.58299999999997,296.344301408,8.294000000000006,0.0,0,0,17,0,0,0,0,1.0,21,0,128,0,-0.04454239142239572,-0.06538238322279266
2597,CCCCCC(C(C)C)O,454.65,True,DIVBBSLQUDHECU-UHFFFAOYSA-N,144.25799999999998,144.15141526,2.583600000000001,20.23,1,1,5,0,0,0,0,1.0,10,1,62,0,0.05626813239957378,-0.39286401483958594
2598,CCCCCCC(CCCC)O,502.15,True,PCFOZHPCKQPZCN-UHFFFAOYSA-N,172.31199999999998,172.182715388,3.5079000000000025,20.23,1,1,8,0,0,0,0,1.0,12,1,74,0,0.05398460084572429,-0.3931313839296394
2599,CCCCCCCCC(CC)O,502.15,True,HCARCYFXWDRVBZ-UHFFFAOYSA-N,172.31199999999998,172.182715388,3.5079000000000025,20.23,1,1,8,0,0,0,0,1.0,12,1,74,0,0.05372202876615323,-0.39314221194376076
2600,CCCCCCCC(CCC)O,543.02,True,FNORHVDKJWGANC-UHFFFAOYSA-N,172.31199999999998,172.182715388,3.5079000000000025,20.23,1,1,8,0,0,0,0,1.0,12,1,74,0,0.053974651203833206,-0.3931315661236471
2601,CCCCCCCCCC(CCC)O,588.78,True,VHNLHPIEIIHMHH-UHFFFAOYSA-N,200.36599999999999,200.21401551600002,4.2881000000000045,20.23,1,1,10,0,0,0,0,1.0,14,1,86,0,0.053974651203842976,-0.3931315661236471
2602,CCCCCCCC(CCCCC)O,588.78,True,HAIXKKLECRWLIX-UHFFFAOYSA-N,200.36599999999996,200.21401551600002,4.2881000000000045,20.23,1,1,10,0,0,0,0,1.0,14,1,86,0,0.05398477335249547,-0.3931313824736004
2603,CCCCCCCCCC(C)CCCC,542.36,True,SQKZZFHVQCSUHZ-UHFFFAOYSA-N,212.42099999999996,212.25040102399998,5.9534000000000065,0.0,0,0,11,0,0,0,0,1.0,15,0,92,0,-0.044280247986588514,-0.06538238322279266
2604,CCCCCC(CCCC)O,489.15,True,SZMNDOUFZGODBR-UHFFFAOYSA-N,158.285,158.167065324,3.117800000000002,20.23,1,1,7,0,0,0,0,1.0,11,1,68,0,0.053984599459467916,-0.3931313839351955
2605,CCC(C)CCC=C,386.15,True,WNEYWVBECXCQRT-UHFFFAOYSA-N,112.216,112.12520051199999,2.9987000000000013,0.0,0,0,4,0,0,0,0,0.75,8,0,48,0,-0.0350878000467139,-0.10308280633147306
2606,CC(=CC(C(C)(C)C=C)O)C,517.63,True,WPPVSYVQAKQNJK-UHFFFAOYSA-N,154.25300000000001,154.135765196,2.5257000000000005,20.23,1,1,3,0,0,0,0,0.6,11,1,64,0,0.08080086458874698,-0.38814961248623253
2607,CC(C)(C)C(CO)O,478.65,True,YVHAOWGRHCPODY-UHFFFAOYSA-N,118.17599999999997,118.099379688,0.3857,40.46,2,2,1,0,0,0,0,1.0,8,2,50,0,0.08185331665834901,-0.39366616544773564
2608,C=CCCC=CC=C,393.15,True,ZTJHDEXGCKAXRZ-UHFFFAOYSA-N,108.18399999999997,108.093900384,2.6948000000000008,0.0,0,0,4,0,0,0,0,0.25,8,0,44,0,-0.03129652282637335,-0.10307182800303726
2609,C[C@H](CCC=C(C)C)CCO,497.15,True,QMVPMAAFGQKVCJ-SNVBAGLBSA-N,156.26899999999998,156.15141526,2.751300000000001,20.23,1,1,5,0,0,0,0,0.8,11,1,66,0,0.04330667182593248,-0.39636589335372435
2610,CCC(CO)CO,497.92,True,HYFFNAVAMIJUIP-UHFFFAOYSA-N,104.14899999999999,104.083729624,-0.0028000000000000247,40.46,2,2,3,0,0,0,0,1.0,7,2,44,0,0.04805855685689971,-0.39599773748094413
2611,CCCCCCC(C)CO,497.26,True,IGVGCQGTEINVOH-UHFFFAOYSA-N,144.258,144.15141526,2.5852000000000017,20.23,1,1,6,0,0,0,0,1.0,10,1,62,0,0.04561249190690474,-0.3960990112380961
2612,CCC(C(CC)O)O,506.65,True,POFSNPPXJUQANW-UHFFFAOYSA-N,118.17599999999999,118.099379688,0.5282,40.46,2,2,3,0,0,0,0,1.0,8,2,50,0,0.07959297724217923,-0.39044776432065786
2613,CC(C)CCCC(C)CCCC(C)(C#C)O,620.99,True,OWRXWSVBJIIORE-UHFFFAOYSA-N,224.38799999999998,224.21401551600002,4.003300000000004,20.23,1,1,8,0,0,0,0,0.8666666666666667,16,1,94,0,0.12198727322795969,-0.37792160771377736
2614,CCCC(C(C)CC)O,438.15,True,JMRDKKYZLXDPLN-UHFFFAOYSA-N,130.231,130.135765196,2.1935000000000007,20.23,1,1,4,0,0,0,0,1.0,9,1,56,0,0.05651115033434972,-0.39285350254921814
2615,CCCCC(CC)CN(CC(CC)CCCC)CC(CC)CCCC,759.84,True,BZUDVELGTZDOIG-UHFFFAOYSA-N,353.67900000000014,353.402150632,7.93760000000001,3.24,0,1,18,0,0,0,0,1.0,25,1,152,0,0.0009786383181122522,-0.30251225644077834
2616,CC(CC(=C)C)O,402.15,True,KPHPTSMXBAVNPX-UHFFFAOYSA-N,100.16099999999999,100.088815004,1.3334,20.23,1,1,2,0,0,0,0,0.6666666666666666,7,1,42,0,0.05484922423467694,-0.3930862014068153
2617,CCCC(CC)C=C,383.45,True,OLGHJTHQWQKJQQ-UHFFFAOYSA-N,112.216,112.12520051199999,2.9987000000000013,0.0,0,0,4,0,0,0,0,0.75,8,0,48,0,-0.023891382209449134,-0.10280368307241701
2618,CCC(C)C(=C)CC,386.15,True,YXLCVBVDFKWWRW-UHFFFAOYSA-N,112.216,112.12520051199999,2.9987000000000013,0.0,0,0,3,0,0,0,0,0.75,8,0,48,0,-0.02370899477630268,-0.0996022872917508
2619,CCCC(C)CCN,422.15,True,AWBMXILPKKHYSO-UHFFFAOYSA-N,115.22000000000001,115.13609954399999,1.7713999999999999,26.02,1,1,4,0,0,0,0,1.0,8,1,50,0,-0.007473544663199161,-0.3304631897035597
2620,CC(=C)C=CCC(C)(C=C)O,514.75,True,ZJIQIJIQBTVTDY-UHFFFAOYSA-N,152.237,152.120115132,2.4458000000000006,20.23,1,1,4,0,0,0,0,0.4,11,1,62,0,0.08309446703199462,-0.38577728418276847
2621,CCCC(CC(C)C)CO,465.4,True,IGSWOIOCVJEQRH-UHFFFAOYSA-N,144.258,144.15141526,2.441100000000001,20.23,1,1,5,0,0,0,0,1.0,10,1,62,0,0.04588614048792541,-0.39608798632679304
2622,CC(C)CCCCCCCCO,543.02,True,JTKHUJNVHQWSAY-UHFFFAOYSA-N,172.31199999999998,172.182715388,3.3654000000000024,20.23,1,1,8,0,0,0,0,1.0,12,1,74,0,0.043052407228889096,-0.39637656934228244
2623,CCCC(C)CCCO,457.15,True,LLUQZGDMUIMPTC-UHFFFAOYSA-N,130.23100000000002,130.135765196,2.1951000000000005,20.23,1,1,5,0,0,0,0,1.0,9,1,56,0,0.0430624282296026,-0.39637638654523827
2624,CC(CC(C)(C)C)O,410.4,True,OIBKGNPMOMMSSI-UHFFFAOYSA-N,116.20399999999998,116.120115132,1.8034,20.23,1,1,1,0,0,0,0,1.0,8,1,50,0,0.05166491119095308,-0.39339795814018574
2625,CCCCCCCCCCC(C)CC,521.85,True,NLHRRMKILFRDGV-UHFFFAOYSA-N,198.39399999999998,198.23475095999999,5.563300000000005,0.0,0,0,10,0,0,0,0,1.0,14,0,86,0,-0.04454239142239572,-0.06538238322279266
2626,CCCCCCCCCCCCCCCC(C)CC,600.15,True,PGZRTPKNSFMAOP-UHFFFAOYSA-N,268.52899999999994,268.31300128,7.513800000000008,0.0,0,0,15,0,0,0,0,1.0,19,0,116,0,-0.04454239142239572,-0.06538238322279266
2627,CC(C)C(C)CCO,438.0,True,SVJNECJVNWTYQG-UHFFFAOYSA-N,116.204,116.120115132,1.6609,20.23,1,1,3,0,0,0,0,1.0,8,1,50,0,0.04331637755377933,-0.39636571255918474
2628,CCC(C)NC,375.65,True,PYFSCIWXNSXGNS-UHFFFAOYSA-N,87.166,87.10479941599999,1.0043,12.03,1,1,2,0,0,0,0,1.0,6,1,38,0,0.0033050109685247406,-0.31728777929423496
2629,CCC(C)CCC(C)C(C)C,453.15,True,MNFBUNLEXRMWOY-UHFFFAOYSA-N,156.313,156.187800768,4.104800000000004,0.0,0,0,5,0,0,0,0,1.0,11,0,68,0,-0.04195114238932898,-0.06512829910145733
2630,CCCCCCCC(C)C(C)(C)C,493.37,True,BWEUYKNMLNSHIJ-UHFFFAOYSA-N,184.367,184.219100896,5.029100000000005,0.0,0,0,6,0,0,0,0,1.0,13,0,80,0,-0.035691072331086184,-0.06538238322278293
2631,CC(C)CC(C)(C)CC(C)(C)C,460.65,True,NOFQKTWPZFUCOO-UHFFFAOYSA-N,170.33999999999997,170.203450832,4.494900000000004,0.0,0,0,3,0,0,0,0,1.0,12,0,74,0,-0.0346820370423783,-0.06275354392814075
2632,CCCCCCCCCC(C)N,523.37,True,NHBKWZCTSMCKDS-UHFFFAOYSA-N,171.328,171.19869979999999,3.4743000000000013,26.02,1,1,8,0,0,0,0,1.0,12,1,74,0,0.0010432061655377407,-0.3279874920366456
2633,CCC#CCCCCCCCCO,575.34,True,MIDXCKJJIFQOLT-UHFFFAOYSA-N,182.30699999999996,182.167065324,3.122800000000002,20.23,1,1,7,0,0,0,0,0.8333333333333334,13,1,76,0,0.04305240722892026,-0.39637656934228244
2634,CCCCCCCCCC(C)CCC,519.48,True,BPHJCXVZYVVFBT-UHFFFAOYSA-N,198.39399999999998,198.23475095999999,5.563300000000005,0.0,0,0,10,0,0,0,0,1.0,14,0,86,0,-0.044290134878877556,-0.06538238322279266
2635,CCCCCNC,390.15,True,UOIWOHLIGKIYFE-UHFFFAOYSA-N,101.193,101.12044947999999,1.396,12.03,1,1,4,0,0,0,0,1.0,7,1,44,0,-0.005192526732240289,-0.31975212479382753
2636,CCCCCCCCCCCC#C,507.15,True,GZEDKDBFUBPZNG-UHFFFAOYSA-N,180.33499999999998,180.187800768,4.540500000000004,0.0,0,0,9,0,0,0,0,0.8461538461538461,13,0,76,0,0.008600939426519382,-0.12010931578969077
2637,CC(C)CCCC(C)CCCC(C)CCCC(C)(C#C)O,734.95,True,MULUCORRSAVKOA-UHFFFAOYSA-N,294.52299999999997,294.292265836,5.809700000000007,20.23,1,1,12,0,0,0,0,0.9,21,1,124,0,0.12198727322795969,-0.37792160771377736
2638,C=CCCCCCCCCCCCCO,608.78,True,GXBLITCOLKGJDG-UHFFFAOYSA-N,212.37699999999995,212.21401551600002,4.455800000000004,20.23,1,1,12,0,0,0,0,0.8571428571428571,15,1,90,0,0.043052407228889096,-0.39637656934228244
2639,CC(C)(CCCC(C)(C=C)O)O,602.98,True,SRPFYGUVQUDURC-UHFFFAOYSA-N,172.268,172.14632988,1.8646000000000003,40.46,2,2,5,0,0,0,0,0.8,12,2,72,0,0.07966093014638018,-0.3904719802827608
2640,CCCCCCCCCCCCCCNC,566.15,True,QWERMLCFPMTLTG-UHFFFAOYSA-N,227.43599999999995,227.26130005599998,4.906900000000004,12.03,1,1,13,0,0,0,0,1.0,16,1,98,0,-0.005192353633838552,-0.3197521233783683
2641,[2H]C([2H])([2H])[2H],112.15,True,VNWKTOKETHGBQD-JQYAHLJZSA-N,20.067407112,20.056407112000002,0.6361,0.0,0,0,0,0,0,0,0,1.0,1,0,8,0,0.019389472798268883,-0.07755789119307553
2642,CCCCCCCCCCCCCCCCCCCCCCCCCCCCCCCCCCCCCCCCCC,810.15,True,FTJPDYTXORWVLU-UHFFFAOYSA-N,591.1500000000003,590.672952752,16.630199999999963,0.0,0,0,39,0,0,0,0,1.0,42,0,254,0,-0.0533059727891157,-0.06538238322279266
2643,CCCC(C)CC(=C)C,401.64,True,CZGAOHSMVSIJJZ-UHFFFAOYSA-N,126.243,126.14085057599999,3.3888000000000025,0.0,0,0,4,0,0,0,0,0.7777777777777778,9,0,54,0,-0.02998990056479325,-0.10013074438248258
2644,CCCCCC#CCCO,376.4,True,TZZVRLFUTNYDEG-UHFFFAOYSA-N,140.226,140.120115132,1.9525000000000001,20.23,1,1,4,0,0,0,0,0.7777777777777778,10,1,58,0,0.05400659925614123,-0.3953860869610389
2645,C#CO,327.66,True,QFXZANXYUCUTQH-UHFFFAOYSA-N,42.037,42.010564684,-0.050399999999999986,20.23,1,1,0,0,0,0,0,0.0,3,1,16,0,0.10340530723740043,-0.46219283515576
2646,CCCCNC(C)C,397.65,True,OKRJGUKZYSEUOY-UHFFFAOYSA-N,115.21999999999997,115.13609954399999,1.7845,12.03,1,1,4,0,0,0,0,1.0,8,1,50,0,0.0010327450443276115,-0.31453350443431793
2647,CCC(C(C)O)O,460.65,True,XLMFDCKSFJWJTP-UHFFFAOYSA-N,104.14899999999999,104.083729624,0.1381,40.46,2,2,2,0,0,0,0,1.0,7,2,44,0,0.07933033207891083,-0.3907270731744585
2648,CCCC(CCC)CO,452.15,True,LASHFHLFDRTERB-UHFFFAOYSA-N,130.23100000000002,130.135765196,2.1951000000000005,20.23,1,1,5,0,0,0,0,1.0,9,1,56,0,0.04587607137556821,-0.3960881703639761
2649,CCCCC(C(CO)O)O,635.42,True,HXYCHJFUBNTKQR-UHFFFAOYSA-N,148.202,148.109944372,-0.10930000000000001,60.69,3,3,5,0,0,0,0,1.0,10,3,62,0,0.10285603270120332,-0.3935811068677995
2650,CCCCCCCC(C)CCCC(C)CCCCCC,656.32,True,YCQYIDLJKKSMIJ-UHFFFAOYSA-N,282.556,282.328651344,7.759800000000008,0.0,0,0,15,0,0,0,0,1.0,20,0,122,0,-0.04427990316617871,-0.06538238322278293
2651,CC(C)CCCC(C)CCCCC(C)CCCC(C)C,592.0,True,KKFZXXATNGJPJS-UHFFFAOYSA-N,282.556,282.328651344,7.4716000000000085,0.0,0,0,13,0,0,0,0,1.0,20,0,122,0,-0.04427990316735119,-0.06277360921452241
2652,CC#CC(C)(C)O,434.83,True,JPKQHUHDYLMRJW-UHFFFAOYSA-N,98.14499999999998,98.07316494,0.7806,20.23,1,1,0,0,0,0,0,0.6666666666666666,7,1,40,0,0.11945335321736811,-0.378205972262067
2653,CC=C=CC,321.35,True,PODAMDNJNMAKAZ-UHFFFAOYSA-N,68.119,68.062600256,1.7375,0.0,0,0,0,0,0,0,0,0.4,5,0,28,0,-0.03933329778619224,-0.13016212905132823
2654,CCCC=C=C,349.15,True,XIAJQOBRHVKGSP-UHFFFAOYSA-N,82.146,82.07825032,2.1276,0.0,0,0,2,0,0,0,0,0.5,6,0,34,0,-0.02771942576462263,-0.1330698378378692
2655,CCC=C=CC,341.15,True,DPUXQWOMYBMHRN-UHFFFAOYSA-N,82.14599999999999,82.07825032,2.1276,0.0,0,0,1,0,0,0,0,0.5,6,0,34,0,-0.03030342497514475,-0.12988097974057905
2656,CCC(CC)(C(C)C)O,433.15,True,DMHIJUVUPKCGLJ-UHFFFAOYSA-N,130.231,130.135765196,2.1935000000000007,20.23,1,1,3,0,0,0,0,1.0,9,1,56,0,0.06648799028728705,-0.3896488540643693
2657,CCCCC(CCCC)(CCCC)O,585.99,True,RWKMYNWNESNJQQ-UHFFFAOYSA-N,200.36599999999996,200.21401551600002,4.2881000000000045,20.23,1,1,9,0,0,0,0,1.0,14,1,86,0,0.06474170519689103,-0.38989506465027957
2658,CCCC(C)(CCC)O,439.15,True,IQXKGRKRIRMQCQ-UHFFFAOYSA-N,130.231,130.135765196,2.3376000000000006,20.23,1,1,4,0,0,0,0,1.0,9,1,56,0,0.06191750364691832,-0.3901840235990071
2659,CCCCCCCCC(CCCCCCCC)O,680.3,True,WTWWTKPAEZQYPW-UHFFFAOYSA-N,256.4739999999999,256.276615772,5.848500000000007,20.23,1,1,14,0,0,0,0,1.0,18,1,110,0,0.0539847747440755,-0.3931313824680339
2660,CC(C)(CC=C)O,392.7,True,UYOPRNGQFQWYER-UHFFFAOYSA-N,100.16099999999999,100.088815004,1.3334,20.23,1,1,2,0,0,0,0,0.6666666666666666,7,1,42,0,0.06254499797016004,-0.3901489503110491
2661,CCC=CC=CC,368.08,True,XTJLXXCARCJVPJ-UHFFFAOYSA-N,96.17299999999999,96.093900384,2.5287000000000006,0.0,0,0,2,0,0,0,0,0.42857142857142855,7,0,40,0,-0.03761985871656613,-0.08767213431530083
2662,CCCCCCCCCC#CC,499.15,True,NDIJGAGRSOPRNJ-UHFFFAOYSA-N,166.308,166.172150704,4.150400000000004,0.0,0,0,7,0,0,0,0,0.8333333333333334,12,0,70,0,0.00885312143701118,-0.10673740124239377
2663,CCCCCCCCCCCC#CC,536.15,True,SWBIKWIZPASJAY-UHFFFAOYSA-N,194.36199999999997,194.203450832,4.9306000000000045,0.0,0,0,9,0,0,0,0,0.8571428571428571,14,0,82,0,0.00885312143701119,-0.10673740124239377
2664,CCCCCCC=CCCC,455.44,True,JABYJIQOLGWMQW-UHFFFAOYSA-N,154.29699999999997,154.172150704,4.313100000000004,0.0,0,0,7,0,0,0,0,0.8181818181818182,11,0,66,0,-0.035073470149316915,-0.08854959171017691
2665,CC(=C)C(C)(C)C=C,372.65,True,OXYDHUPSYIQGAP-UHFFFAOYSA-N,110.19999999999999,110.109550448,2.774700000000001,0.0,0,0,2,0,0,0,0,0.5,8,0,46,0,0.0026069500262605096,-0.10222323377426563
2666,CC(C=C)C(=C)C,352.56,True,SOKHGJZTJQMHEW-UHFFFAOYSA-N,96.173,96.093900384,2.3846000000000007,0.0,0,0,2,0,0,0,0,0.42857142857142855,7,0,40,0,-0.005979096738357239,-0.10248999668814616
2667,CC(=CCCO)C,430.65,True,FKKLUOCEIANSFL-UHFFFAOYSA-N,100.161,100.088815004,1.335,20.23,1,1,2,0,0,0,0,0.6666666666666666,7,1,42,0,0.0465117891802228,-0.39605430325159446
2668,CC#CCCC#CC,400.64,True,PHNFSGFUJPBCLS-UHFFFAOYSA-N,106.16799999999999,106.07825032,1.8132,0.0,0,0,1,0,0,0,0,0.5,8,0,42,0,0.019833478537331178,-0.10670260322320153
2669,CCCCCC=CCCCC,465.45,True,NGCRXXLKJAAUQQ-UHFFFAOYSA-N,154.29699999999997,154.172150704,4.313100000000003,0.0,0,0,7,0,0,0,0,0.8181818181818182,11,0,66,0,-0.035073639878168285,-0.08853945727431256
2670,CCC(=C(CC)CC)CC,431.4,True,FFNDAWOUEUOJQA-UHFFFAOYSA-N,140.26999999999998,140.15650064,3.9230000000000027,0.0,0,0,4,0,0,0,0,0.8,10,0,60,0,-0.03463097928362769,-0.07157739831764187
2671,CCC(C)C#C,330.02093,True,PLHJCCHSCFNKCC-UHFFFAOYSA-N,82.14599999999999,82.07825032,1.6657,0.0,0,0,1,0,0,0,0,0.6666666666666666,6,0,34,0,0.01688659161399108,-0.11982319893507865
2672,CCCCCCC(CCCCCC)O,588.78,True,KWUWHKRBPALTGJ-UHFFFAOYSA-N,200.36599999999996,200.21401551600002,4.2881000000000045,20.23,1,1,10,0,0,0,0,1.0,14,1,86,0,0.053984774733447725,-0.39313138246805435
2673,CC#CC(C)(C)C,356.15,True,FOALCTWKQSWRST-UHFFFAOYSA-N,96.17299999999999,96.093900384,2.0558,0.0,0,0,0,0,0,0,0,0.7142857142857143,7,0,40,0,0.02297088943016581,-0.10617524824837875
2674,CCCC(C)(C)CCC,407.15,True,WSOKFYJGNBQDPW-UHFFFAOYSA-N,128.259,128.15650064,3.6128000000000027,0.0,0,0,4,0,0,0,0,1.0,9,0,56,0,-0.03544181874594648,-0.06536239750271663
2675,CC#CC#CC#CC,409.64,True,JINAOWUNDFEJHT-UHFFFAOYSA-N,102.13599999999998,102.046950192,1.0364,0.0,0,0,0,0,0,0,0,0.25,8,0,38,0,-0.001076199782050164,-0.09248066076491726
2676,CC=CCCC=C,367.15337,True,ZGXMNEKDFYUNDQ-UHFFFAOYSA-N,96.173,96.093900384,2.5287000000000006,0.0,0,0,3,0,0,0,0,0.42857142857142855,7,0,40,0,-0.03161929323124635,-0.10307182947824979
2677,CC(CC=C)C=C,353.21985,True,JXENLILXUMZMFC-UHFFFAOYSA-N,96.173,96.093900384,2.3846000000000007,0.0,0,0,3,0,0,0,0,0.42857142857142855,7,0,40,0,-0.023013494530897023,-0.10306159729350681
2678,CCCCCCCCCCCCCCCCCC(C)C,612.15,True,LEEDMQGKBNGPDN-UHFFFAOYSA-N,282.5559999999999,282.328651344,7.903900000000008,0.0,0,0,16,0,0,0,0,1.0,20,0,122,0,-0.04713257615118824,-0.06538238322279266
2679,CCC(C)(C)CC=C,380.35,True,SUJVAMIXNUAJEY-UHFFFAOYSA-N,112.21599999999998,112.12520051199999,2.9987000000000013,0.0,0,0,3,0,0,0,0,0.75,8,0,48,0,-0.030184376738910505,-0.10306261378047364
2680,CCCCCCCCCCCC(CC)O,611.66,True,CIZOCKPOEXXEHB-UHFFFAOYSA-N,214.39299999999997,214.22966558000002,4.678200000000005,20.23,1,1,11,0,0,0,0,1.0,15,1,92,0,0.053722028766153236,-0.39314221194376076
2681,CCCC(C)C(C)(C)O,424.15,True,BFKOEFFCVFMWPF-UHFFFAOYSA-N,130.231,130.135765196,2.1935000000000007,20.23,1,1,3,0,0,0,0,1.0,9,1,56,0,0.06166737788585269,-0.3901935752033223
2682,CCCCCCCCCN(CCCCCCCCC)CCCCCCCCC,671.15,True,ZQJAONQEOXOVNR-UHFFFAOYSA-N,395.7600000000003,395.44910082399997,9.5402,3.24,0,1,24,0,0,0,0,1.0,28,1,170,0,-0.0018737932889988436,-0.3033376133505116
2683,CCCC(CCC)(CCC)O,467.14283,True,SJTPBRMACCDJPZ-UHFFFAOYSA-N,158.285,158.167065324,3.117800000000002,20.23,1,1,6,0,0,0,0,1.0,11,1,68,0,0.06471185737275079,-0.3898956139541115
2684,CC(C)CCC#C,364.15,True,HKNANEMUCJGPMS-UHFFFAOYSA-N,96.17299999999999,96.093900384,2.0558,0.0,0,0,2,0,0,0,0,0.7142857142857143,7,0,40,0,0.008844334838646738,-0.1201091420243373
2685,CCCCCC#CCCCC,471.09534,True,VRQLDBSWBBKOCR-UHFFFAOYSA-N,152.28099999999998,152.15650064,3.7603000000000026,0.0,0,0,5,0,0,0,0,0.8181818181818182,11,0,64,0,0.008863831012017681,-0.10332309298524421
2686,CC=C(C)CCC=C(C)C,436.48,True,MZPDTOMKQCMETI-UHFFFAOYSA-N,138.254,138.140850576,3.6990000000000025,0.0,0,0,3,0,0,0,0,0.6,10,0,58,0,-0.028835934108703134,-0.08872342521014694
2687,CC(C)CC(C)CC(C)C,419.6563,True,YNLBBDHDNIXQNL-UHFFFAOYSA-N,142.28599999999997,142.172150704,3.714700000000003,0.0,0,0,4,0,0,0,0,1.0,10,0,62,0,-0.04379362754504247,-0.06276361209191715
2688,CC#CC#CC,402.65,True,PCTCNWZFDASPLA-UHFFFAOYSA-N,78.11399999999999,78.046950192,1.033,0.0,0,0,0,0,0,0,0,0.3333333333333333,6,0,30,0,-0.0016779508752021307,-0.09251472044998287
2689,C=C=C=C,286.86,True,WHVXVDDUYCELKP-UHFFFAOYSA-N,52.075999999999986,52.031300128,1.1124,0.0,0,0,0,0,0,0,0,0.0,4,0,20,0,-0.048114381431517916,-0.07876175164902297
2690,CCCCCCCC(=C)C,440.15,True,YLZQHQUVNZVGOK-UHFFFAOYSA-N,140.27,140.15650064,3.9230000000000036,0.0,0,0,6,0,0,0,0,0.8,10,0,60,0,-0.03257692625642838,-0.10014093189970978
2691,CC(CCC(CCC(C)CC(C)(C)C)CCC(C)CC(C)(C)C)CC(C)(C)C,828.79,True,VJDJSJSGMRWTIK-UHFFFAOYSA-N,394.7720000000002,394.453851856,10.160099999999996,0.0,0,0,12,0,0,0,0,1.0,28,0,170,0,-0.03800810904182592,-0.062489637502593634
2692,CCCCC(=C(C)C)C,418.60815,True,PTUNZAOKLBTUBF-UHFFFAOYSA-N,126.24299999999998,126.14085057599999,3.5329000000000024,0.0,0,0,3,0,0,0,0,0.7777777777777778,9,0,54,0,-0.03207019216338013,-0.07750931429618617
2693,C#CC#CC#C,353.39,True,MZHROOGPARRVHS-UHFFFAOYSA-N,74.08199999999998,74.015650064,0.2562,0.0,0,0,0,0,0,0,0,0.0,6,0,26,0,-0.001339700544341829,-0.10581128091553299
2694,CCCC(CCC)CCC,440.15,True,ABYGSZMCWVXFCQ-UHFFFAOYSA-N,142.286,142.172150704,4.002900000000003,0.0,0,0,6,0,0,0,0,1.0,10,0,62,0,-0.04145875664815216,-0.06537225174431041
2695,CCCCCCCCC(C)(C)O,540.23,True,WTXBAYPZJKPZHX-UHFFFAOYSA-N,172.312,172.182715388,3.5079000000000025,20.23,1,1,7,0,0,0,0,1.0,12,1,74,0,0.059132292451949335,-0.39047199747621275
2696,CCCC(C)(C)C=C,377.15,True,RXYYKIMRVXDSFR-UHFFFAOYSA-N,112.21599999999998,112.12520051199999,2.9987000000000013,0.0,0,0,3,0,0,0,0,0.75,8,0,48,0,-0.01776165493166111,-0.10254357971927021
2697,C=CC(=C)C(=C)C=C,369.12,True,DMCINEDFOKMBFI-UHFFFAOYSA-N,106.16799999999999,106.07825032,2.4708000000000006,0.0,0,0,3,0,0,0,0,0.0,8,0,42,0,-0.026811398696956566,-0.09847014755511042
2698,CCCCCCCC#CCCCCC,528.92,True,VLEOUZJFQJTURI-UHFFFAOYSA-N,194.36199999999994,194.203450832,4.9306000000000045,0.0,0,0,8,0,0,0,0,0.8571428571428571,14,0,82,0,0.008864003931152054,-0.1033229143612648
2699,CCCCCC(C)(C)CC,433.23942,True,DBULLUBYDONGLT-UHFFFAOYSA-N,142.286,142.172150704,4.002900000000003,0.0,0,0,5,0,0,0,0,1.0,10,0,62,0,-0.035683664526226275,-0.06538238044570373
2700,CC(=C)CC(=C)C,352.88,True,ANKJYUSZUBOYDV-UHFFFAOYSA-N,96.173,96.093900384,2.5287000000000006,0.0,0,0,2,0,0,0,0,0.42857142857142855,7,0,40,0,-0.011939536388600739,-0.09981808937275641
2701,CCC#CC#C,336.0,True,AKOJBFZCIRFXBA-UHFFFAOYSA-N,78.11399999999998,78.046950192,1.033,0.0,0,0,0,0,0,0,0,0.3333333333333333,6,0,30,0,0.007044258637228892,-0.10584518379511787
2702,CCCC(=CCC)CCC,433.65,True,JEVSSCXTVQHWCX-UHFFFAOYSA-N,140.26999999999998,140.15650064,3.9230000000000027,0.0,0,0,5,0,0,0,0,0.8,10,0,60,0,-0.03229458333821645,-0.08560610802152904
2703,CCCC(=CCC)C,391.0,True,KKVVJQGDNYIIMN-UHFFFAOYSA-N,112.21599999999998,112.12520051199999,3.142800000000002,0.0,0,0,3,0,0,0,0,0.75,8,0,48,0,-0.03257129794546745,-0.08588469489087815
2704,CC#CC#C,328.15,True,VNMDYSSJFJFEQI-UHFFFAOYSA-N,64.08699999999999,64.031300128,0.6429,0.0,0,0,0,0,0,0,0,0.2,5,0,24,0,-0.0016780966982493611,-0.10584535260310254
2705,CC=CCCC=CC,397.65,True,LAGGTOBQMQHXON-UHFFFAOYSA-N,110.19999999999999,110.109550448,2.918800000000002,0.0,0,0,3,0,0,0,0,0.5,8,0,46,0,-0.03160956328414149,-0.09165305076581673
2706,CCC(C)(CC)C=C,383.7,True,PHHHEKOJKDYRIN-UHFFFAOYSA-N,112.21599999999998,112.12520051199999,2.9987000000000013,0.0,0,0,3,0,0,0,0,0.75,8,0,48,0,-0.01544348650117021,-0.10253357524837668
2707,CCCN(CCC)CC#C,408.08,True,ATTMKPWGJILFFV-UHFFFAOYSA-N,139.242,139.136099544,1.7416,3.24,0,1,5,0,0,0,0,0.7777777777777778,10,1,58,0,0.059842594744132206,-0.2923788248804175
2708,CCCCCCC=CCCCCC,501.2,True,QHOMPCGOCNNMFK-UHFFFAOYSA-N,182.35099999999994,182.203450832,5.0933000000000055,0.0,0,0,9,0,0,0,0,0.8461538461538461,13,0,78,0,-0.035073468769123366,-0.08853928355034979
2709,CC(C)CCCC(C)CCCC(C)CCO,633.66,True,HDPUXESLSOZSIB-UHFFFAOYSA-N,228.41999999999996,228.24531564400002,4.637600000000005,20.23,1,1,10,0,0,0,0,1.0,16,1,98,0,0.04330648410674878,-0.39636589491532614
2710,CCCCCCCCC#CCC,492.55,True,ZFAGQZXKTQFQLE-UHFFFAOYSA-N,166.308,166.172150704,4.150400000000004,0.0,0,0,6,0,0,0,0,0.8333333333333334,12,0,70,0,0.008863823231906095,-0.10361163348989963
2711,CCCCCCCCC(CCCCC)O,611.66,True,KATMMOGJSFLTOP-UHFFFAOYSA-N,214.39299999999994,214.22966558000002,4.678200000000005,20.23,1,1,11,0,0,0,0,1.0,15,1,92,0,0.05398477335250523,-0.3931313824736004
2712,CCCCCC#CCCCCC,486.15,True,IHPFQAOOSAGSPN-UHFFFAOYSA-N,166.30799999999996,166.172150704,4.150400000000004,0.0,0,0,6,0,0,0,0,0.8333333333333334,12,0,70,0,0.008863831017416772,-0.10332291436649099
2713,CC(C)CC#C,334.15,True,OXRWICUICBZVAE-UHFFFAOYSA-N,82.14599999999999,82.07825032,1.6657,0.0,0,0,1,0,0,0,0,0.6666666666666666,6,0,34,0,0.010910534578961573,-0.12009904802308842
2714,CC(=CCCC=C)C,392.3,True,KUFDSEQTHICIIF-UHFFFAOYSA-N,110.2,110.109550448,2.918800000000002,0.0,0,0,3,0,0,0,0,0.5,8,0,46,0,-0.03136113456444371,-0.10307182816429862
2715,C=CCC(CC=C)(CC=C)O,507.39,True,SUXQWOWVXDXQSE-UHFFFAOYSA-N,152.23699999999997,152.120115132,2.4458000000000006,20.23,1,1,6,0,0,0,0,0.4,11,1,62,0,0.07497026690174759,-0.3889232380322169
2716,CCCCCCCCCC(CC)O,565.9,True,OKDGZLITBCRLLJ-UHFFFAOYSA-N,186.339,186.198365452,3.8980000000000037,20.23,1,1,9,0,0,0,0,1.0,13,1,80,0,0.053722028766153236,-0.39314221194376076
2717,CC#CCC#C,353.7,True,NJXXWBJAOFKNIR-UHFFFAOYSA-N,78.11399999999999,78.046950192,1.033,0.0,0,0,0,0,0,0,0,0.3333333333333333,6,0,30,0,0.06993940737224737,-0.11909013243645031
2718,CCCCCCCCCCOCC(CO)O,703.38,True,SHQRLYGZJPBYGJ-UHFFFAOYSA-N,232.36399999999998,232.20384475600002,2.496900000000001,49.69,2,3,12,0,0,0,0,1.0,16,3,98,0,0.10032083650018836,-0.3935931409598309
2719,C=CC=C=C,310.63,True,FNQQBQSISCLVNQ-UHFFFAOYSA-N,66.103,66.046950192,1.5135,0.0,0,0,1,0,0,0,0,0.0,5,0,26,0,-0.021194800438895434,-0.1287150149709558
2720,CCCCC(C)CCCC(C)C,471.15,True,DHJGXZWEQBKLNV-UHFFFAOYSA-N,170.34,170.203450832,4.639000000000005,0.0,0,0,7,0,0,0,0,1.0,12,0,74,0,-0.044280076933244726,-0.06538221100653004
2721,CC(C)C=C=C,343.0,True,CAAAXQFHDYHTTC-UHFFFAOYSA-N,82.146,82.07825032,1.9835,0.0,0,0,1,0,0,0,0,0.5,6,0,34,0,-0.02145252360033282,-0.13279793024496364
2722,C=CCCCCCCCC=C,462.0,True,VOSLXTGMYNYCPW-UHFFFAOYSA-N,152.281,152.15650064,4.089100000000003,0.0,0,0,8,0,0,0,0,0.6363636363636364,11,0,64,0,-0.03534129310432059,-0.10308297893627165
2723,CC(C)(C)C(C(C)(C)C)O,439.15,True,WFJSIIHYYLHRHB-UHFFFAOYSA-N,144.25799999999998,144.15141526,2.439500000000001,20.23,1,1,0,0,0,0,0,1.0,10,1,62,0,0.06362100520923984,-0.3920371252230468
2724,CC(C(C(C)O)O)O,518.0,True,JJAIIULJXXEFLV-UHFFFAOYSA-N,120.14799999999998,120.078644244,-0.8911,60.69,3,3,2,0,0,0,0,1.0,8,3,50,0,0.10511805010393185,-0.3906192069151585
2725,CCCCC(CC)C(C)C,434.36,True,NKMJCVVUYDKHAV-UHFFFAOYSA-N,142.28599999999997,142.172150704,3.858800000000003,0.0,0,0,5,0,0,0,0,1.0,10,0,62,0,-0.03937296807134772,-0.06538220823996722
2726,CC=CC=CC=CC,420.65,True,CGMDPTNRMYIZTM-UHFFFAOYSA-N,108.18399999999998,108.093900384,2.6948000000000008,0.0,0,0,2,0,0,0,0,0.25,8,0,44,0,-0.04667831141667748,-0.08766099721260301
2727,CCCC(C)CCC(C)C,430.15,True,HOAAQUNESXYFDT-UHFFFAOYSA-N,142.286,142.172150704,3.858800000000003,0.0,0,0,5,0,0,0,0,1.0,10,0,62,0,-0.04428035070623167,-0.06537242504221252
2728,CCCC(C)CC(C)CC,432.55,True,VRHRGVJOUHJULC-UHFFFAOYSA-N,142.286,142.172150704,3.858800000000003,0.0,0,0,5,0,0,0,0,1.0,10,0,62,0,-0.04403697478710132,-0.06537242365653011
2729,CCCC(C)C(C)CCC,435.76386,True,DOYJTLUPPPUSMD-UHFFFAOYSA-N,142.286,142.172150704,3.858800000000003,0.0,0,0,5,0,0,0,0,1.0,10,0,62,0,-0.04170843826384077,-0.06537225185799533
2730,CCC(=C)C(=C)CC,392.86269,True,OAOZZYBUAWEDRA-UHFFFAOYSA-N,110.19999999999999,110.109550448,2.918800000000002,0.0,0,0,3,0,0,0,0,0.5,8,0,46,0,-0.03107979249489985,-0.09558874948473911
2731,CCC#CC#CCC,437.0,True,LILZEAJBVQOINI-UHFFFAOYSA-N,106.16799999999998,106.07825032,1.8132,0.0,0,0,0,0,0,0,0,0.5,8,0,42,0,0.0070444058249412205,-0.0893894269435656
2732,CCC(C)C(C)C=C,385.15,True,OWWRMMIWAOBBFK-UHFFFAOYSA-N,112.21599999999998,112.12520051199999,2.8546000000000014,0.0,0,0,3,0,0,0,0,0.75,8,0,48,0,-0.023898824700063364,-0.10280362101330093
2733,CCOC(CCO)OCC,496.34,True,ASERXEZXVIJBRO-UHFFFAOYSA-N,148.202,148.109944372,0.7679,38.69,1,3,6,0,0,0,0,1.0,10,3,62,0,0.1592247011007881,-0.39617703186211223
2734,CCC=C(CC)CC,389.15,True,AUJLDZJNMXNESO-UHFFFAOYSA-N,112.216,112.12520051199999,3.142800000000002,0.0,0,0,3,0,0,0,0,0.75,8,0,48,0,-0.034900278872751184,-0.08562635529884777
2735,CCCCCC=C(C)C,418.0,True,YBOZNTGUYASNRA-UHFFFAOYSA-N,126.24299999999998,126.14085057599999,3.5329000000000024,0.0,0,0,4,0,0,0,0,0.7777777777777778,9,0,54,0,-0.034825779959007715,-0.08588885531630816
2736,CCCCC(C)(CC)CC,437.00143,True,HSOMNBKXPGCNBH-UHFFFAOYSA-N,142.286,142.172150704,4.002900000000003,0.0,0,0,5,0,0,0,0,1.0,10,0,62,0,-0.03310731813475843,-0.0653820359814831
2737,CC(C)(C)C#CC(C)(C)C,430.94,True,FXVDWKZNFZMSOU-UHFFFAOYSA-N,138.254,138.140850576,3.0820000000000016,0.0,0,0,0,0,0,0,0,0.8,10,0,58,0,0.023003159683269277,-0.0968213552006087
2738,CC=CC=CC=C,386.65,True,USKZHEQYENVSMH-UHFFFAOYSA-N,94.157,94.07825032,2.3047000000000004,0.0,0,0,2,0,0,0,0,0.14285714285714285,7,0,38,0,-0.046678311421404856,-0.09906582026204945
2739,CCCCCCCCCCCC(=C)C,523.15,True,VNBHQOHLCULRDN-UHFFFAOYSA-N,196.37799999999996,196.219100896,5.483400000000006,0.0,0,0,10,0,0,0,0,0.8571428571428571,14,0,84,0,-0.03257692625116632,-0.10014093189970978
2740,C=C=CCO,401.65,True,JXKCVRNKAPHWJG-UHFFFAOYSA-N,70.091,70.041864812,0.3197999999999999,20.23,1,1,1,0,0,0,0,0.25,5,1,28,0,0.06855689342433062,-0.39166150435365915
2741,CCCCCCC=CCC,432.56,True,GVRWIAHBVAYKIZ-UHFFFAOYSA-N,140.26999999999998,140.15650064,3.9230000000000036,0.0,0,0,6,0,0,0,0,0.8,10,0,60,0,-0.035073642751570405,-0.08881350058204755
2742,CCCCCCC#CC,432.32942,True,LXKRETAGISZJAD-UHFFFAOYSA-N,124.22699999999999,124.12520051199999,2.980100000000002,0.0,0,0,4,0,0,0,0,0.7777777777777778,9,0,52,0,0.00885312005423388,-0.10673740124240333
2743,CCCCC(C(C)(C)C)O,494.03,True,QENWAAAGDINHGE-UHFFFAOYSA-N,144.25799999999998,144.15141526,2.583600000000001,20.23,1,1,3,0,0,0,0,1.0,10,1,62,0,0.05880450935641299,-0.39258470192741685
2744,CCCC(C)C(C(C)C)O,496.38,True,PSCLFHNWSAXNJL-UHFFFAOYSA-N,144.25799999999998,144.15141526,2.439500000000001,20.23,1,1,4,0,0,0,0,1.0,10,1,62,0,0.058813727364172896,-0.3925855451708993
2745,CCC(C)CC(C)(CC)O,494.03,True,NOSOEGQGQOMHBF-UHFFFAOYSA-N,144.258,144.15141526,2.583600000000001,20.23,1,1,4,0,0,0,0,1.0,10,1,62,0,0.061928520632407225,-0.39018376510749136
2746,CCC(C)C(C)(CC)O,424.15,True,FJXOYCIYKQJAAF-UHFFFAOYSA-N,130.231,130.135765196,2.1935000000000007,20.23,1,1,3,0,0,0,0,1.0,9,1,56,0,0.06419952936092185,-0.38991605110529837
2747,CC(C)CCC#CCCC(C)C,482.28,True,RCFYJIGZQAOTFV-UHFFFAOYSA-N,166.308,166.172150704,3.862200000000003,0.0,0,0,4,0,0,0,0,0.8333333333333334,12,0,70,0,0.009107398187887817,-0.10331234662211754
2748,CCCCCCC#CCCCC,483.16,True,JQPXWRQCSIYOOP-UHFFFAOYSA-N,166.30799999999996,166.172150704,4.150400000000004,0.0,0,0,6,0,0,0,0,0.8333333333333334,12,0,70,0,0.00886400254825415,-0.10332309298002756
2749,CCCCC(CC)CCC(CC)O,498.15,True,ZFVYZHDDIOBINE-UHFFFAOYSA-N,186.339,186.198365452,3.753900000000003,20.23,1,1,8,0,0,0,0,1.0,13,1,80,0,0.05373222313817141,-0.3931420267687594
2750,CCC(CC)C(CC)O,437.15,True,BOJLCKCCKQMGKD-UHFFFAOYSA-N,130.231,130.135765196,2.1935000000000007,20.23,1,1,4,0,0,0,0,1.0,9,1,56,0,0.05651191961903827,-0.39285345247633996
2751,CCCCC(CC)C(=C)C,424.52,True,ZNQRZLWSGCOUEI-UHFFFAOYSA-N,140.26999999999998,140.15650064,3.778900000000003,0.0,0,0,5,0,0,0,0,0.8,10,0,60,0,-0.021131003716672328,-0.09986099235880763
2752,CCCCC(=C(C)C)CC,432.32,True,JCVDGJIYXBDDCK-UHFFFAOYSA-N,140.26999999999998,140.15650064,3.9230000000000027,0.0,0,0,4,0,0,0,0,0.8,10,0,60,0,-0.0318035490199588,-0.077241196203977
2753,CCC(=C(C)C)CC,387.9,True,FQYUGAXHZSQHMU-UHFFFAOYSA-N,112.21599999999998,112.12520051199999,3.142800000000002,0.0,0,0,2,0,0,0,0,0.75,8,0,48,0,-0.03465150272343616,-0.07725149068105978
2754,CCC(CC(C)O)O,479.15,True,TXGJTWACJNYNOJ-UHFFFAOYSA-N,118.17599999999997,118.099379688,0.5282,40.46,2,2,3,0,0,0,0,1.0,8,2,50,0,0.056170083848955665,-0.3933172819896361
2755,CC(C)(CCCCC(C)(C)O)O,606.3,True,LZMSJLJRUYKOQD-UHFFFAOYSA-N,174.28400000000002,174.161979944,2.0886000000000005,40.46,2,2,5,0,0,0,0,1.0,12,2,74,0,0.059132307153687454,-0.3904719974171995
2756,CCCCCC(=C(C)C)C,431.75,True,ZFMOZNIUEPVNCV-UHFFFAOYSA-N,140.26999999999998,140.15650064,3.9230000000000027,0.0,0,0,4,0,0,0,0,0.8,10,0,60,0,-0.03206029725655322,-0.07750931292494516
2757,CCC(CC)CCC(CC)O,519.7,True,JWZFCOOWAQHCBP-UHFFFAOYSA-N,158.285,158.167065324,2.9737000000000022,20.23,1,1,6,0,0,0,0,1.0,11,1,68,0,0.05373222173634455,-0.39314202677436727
2758,CC(=C)CC(C)(C)O,405.15,True,YYWMKLMWCPTKDJ-UHFFFAOYSA-N,114.18799999999999,114.104465068,1.7235,20.23,1,1,2,0,0,0,0,0.7142857142857143,8,1,48,0,0.06280102792834444,-0.39013834458593666
2759,CCCCCC#CCC,429.79928,True,SRRDSRCWRHKEKU-UHFFFAOYSA-N,124.22699999999999,124.12520051199999,2.980100000000002,0.0,0,0,3,0,0,0,0,0.7777777777777778,9,0,52,0,0.00886365031290181,-0.10361163349512582
2760,CCCCC#CCCC,337.76475,True,RAYTXPDVKZFUEI-UHFFFAOYSA-N,124.22699999999999,124.12520051199999,2.980100000000002,0.0,0,0,3,0,0,0,0,0.7777777777777778,9,0,52,0,0.008853919470232539,-0.10333359260354791
2761,CCC(C)C#CC,372.69,True,ABEXZFRJQJSEBW-UHFFFAOYSA-N,96.17299999999999,96.093900384,2.0558,0.0,0,0,1,0,0,0,0,0.7142857142857143,7,0,40,0,0.01713834770690723,-0.1064517016447393
2762,CCC(C)CC(C)C(C)C,433.86,True,YKPNYFKOKKKGNM-UHFFFAOYSA-N,142.28599999999997,142.172150704,3.714700000000003,0.0,0,0,4,0,0,0,0,1.0,10,0,62,0,-0.041707966850874655,-0.0651281258954039
2763,CCCC(C)C(C)(C)CC,435.06,True,WRBHKVWLEIYLDZ-UHFFFAOYSA-N,142.286,142.172150704,3.858800000000003,0.0,0,0,4,0,0,0,0,1.0,10,0,62,0,-0.03311473188062424,-0.06537207724059058
2764,C=CC(C=C)(C=C)C=C,389.01,True,QOYZWSPUVHSVFK-UHFFFAOYSA-N,120.195,120.093900384,2.716800000000001,0.0,0,0,4,0,0,0,0,0.1111111111111111,9,0,48,0,0.04126127516748319,-0.10158863206927796
2765,CCCCCC#CCO,483.82,True,TTWYFVOMGMBZCF-UHFFFAOYSA-N,126.19899999999998,126.104465068,1.5624,20.23,1,1,3,0,0,0,0,0.75,9,1,52,0,0.10373014321060846,-0.38365579127881316
2766,CCCC(CC(C)O)O,543.24,True,XVEOUOTUJBYHNL-UHFFFAOYSA-N,132.203,132.115029752,0.9182999999999999,40.46,2,2,4,0,0,0,0,1.0,9,2,56,0,0.05642268038935373,-0.39331728043451014
2767,CC#CC(C)C,346.15,True,SLMFWJQZLPEDDU-UHFFFAOYSA-N,82.146,82.07825032,1.6657,0.0,0,0,0,0,0,0,0,0.6666666666666666,6,0,34,0,0.014569949964156954,-0.10646210798358365
2768,CCCCCCCC#CCCC,483.16,True,RVIMTVIYJAEION-UHFFFAOYSA-N,166.30799999999996,166.172150704,4.150400000000004,0.0,0,0,6,0,0,0,0,0.8333333333333334,12,0,70,0,0.008864002504579267,-0.10333359122461849
2769,CC(C)(CCCCCCCCC(C)(C)O)O,697.82,True,KKADLXHVRDQAFN-UHFFFAOYSA-N,230.392,230.2245802,3.6490000000000036,40.46,2,2,9,0,0,0,0,1.0,16,2,98,0,0.059132292451949335,-0.39047199747621275
2770,CCC(C)(C)C(C)(C)O,433.15,True,FBWWGYIEJGQWJP-UHFFFAOYSA-N,130.231,130.135765196,2.1935000000000007,20.23,1,1,2,0,0,0,0,1.0,9,1,56,0,0.06418297069515172,-0.38991422391025177
2771,CCCCC(C)(CCC)O,453.22759,True,RXSIKQJQLQRQQY-UHFFFAOYSA-N,144.258,144.15141526,2.727700000000002,20.23,1,1,5,0,0,0,0,1.0,10,1,62,0,0.06192745291412286,-0.3901838407064828
2772,C#CCC#C,294.24,True,MDROPVLMRLHTDK-UHFFFAOYSA-N,64.08699999999999,64.031300128,0.6429,0.0,0,0,0,0,0,0,0,0.2,5,0,24,0,0.06968772653077851,-0.11909028827878898
2773,CC(C)(CC(C)(C)O)O,537.66,True,DBTGFWMBFZBBEF-UHFFFAOYSA-N,132.203,132.115029752,0.9182999999999999,40.46,2,2,2,0,0,0,0,1.0,9,2,56,0,0.06184325549928023,-0.39035836421951436
2774,CCCCCCCCCCCCCCCC#C,572.16,True,DQDNKQWGBZFFRA-UHFFFAOYSA-N,236.44299999999993,236.25040102399998,6.100900000000006,0.0,0,0,13,0,0,0,0,0.8823529411764706,17,0,100,0,0.008600939426519382,-0.12010931578969077
2775,CCCCCCCCCCC#CC,518.15,True,ZGKKGWBQPYIOBH-UHFFFAOYSA-N,180.33499999999998,180.187800768,4.540500000000004,0.0,0,0,8,0,0,0,0,0.8461538461538461,13,0,76,0,0.00885312143701119,-0.10673740124239377
2776,CC(=C)O,356.98,True,NARVIWMVBMUEOG-UHFFFAOYSA-N,58.080000000000005,58.041864812,1.078,20.23,1,1,0,0,0,0,0,0.3333333333333333,4,1,24,0,0.0819697998691171,-0.5132412494587313
2777,C=C=CC=C=C,336.78,True,ROAKNVNVSBKPLL-UHFFFAOYSA-N,78.114,78.046950192,1.6685999999999999,0.0,0,0,1,0,0,0,0,0.0,6,0,30,0,-0.012897781384030402,-0.12805060039076152
2778,CC=C=CC=C,387.0,True,VZSDWRJYMYVVEU-UHFFFAOYSA-N,80.13,80.062600256,1.9036000000000002,0.0,0,0,1,0,0,0,0,0.16666666666666666,6,0,32,0,-0.020918112770253457,-0.1255159257846172
2779,CCCCC(C)(CCCC)O,475.15,True,AGSIGVZAVLOKLP-UHFFFAOYSA-N,158.285,158.167065324,3.117800000000002,20.23,1,1,6,0,0,0,0,1.0,11,1,68,0,0.06193740217967872,-0.3901836578134783
2780,CCCCCC(CC=C)O,493.94,True,NDUPBTSXOSZHON-UHFFFAOYSA-N,142.242,142.135765196,2.5037000000000016,20.23,1,1,6,0,0,0,0,0.7777777777777778,10,1,60,0,0.0574098620923839,-0.39280859822229314
2781,CCCCCCC#CCCCCCC,528.92,True,AFNWSIIBAYUTTL-UHFFFAOYSA-N,194.36199999999994,194.203450832,4.9306000000000045,0.0,0,0,8,0,0,0,0,0.8571428571428571,14,0,82,0,0.008864002553663139,-0.10332291293792804
2782,CCCCCCCCC#CCCCCCCCC,415.0,True,NKRBWIXXEQOWRY-UHFFFAOYSA-N,250.4699999999999,250.26605108799998,6.491000000000007,0.0,0,0,12,0,0,0,0,0.8888888888888888,18,0,106,0,0.00886400393643074,-0.10332291293248427
2783,CC(C)(C)C(C(C)(C)C)C(C)(C)C,486.91,True,LVLOQIPOJWLAEB-UHFFFAOYSA-N,184.36699999999996,184.219100896,4.740900000000004,0.0,0,0,0,0,0,0,0,1.0,13,0,80,0,-0.026772177248253246,-0.05986840773430059
2784,CCC#CCCC(C)C,414.08,True,ZDXUMWBWHSCWBK-UHFFFAOYSA-N,124.22699999999998,124.12520051199999,2.836000000000001,0.0,0,0,2,0,0,0,0,0.7777777777777778,9,0,52,0,0.009107216055195204,-0.10361145970237066
2785,CC(C)(C)CCCC(C)(C)C,436.15,True,GKNMBVVJQTWDRT-UHFFFAOYSA-N,156.313,156.187800768,4.2489000000000035,0.0,0,0,2,0,0,0,0,1.0,11,0,68,0,-0.03826077622962674,-0.060173946123971124
2786,CCCC(C)C#C,358.15,True,OPZULQHRFNTFFZ-UHFFFAOYSA-N,96.17299999999999,96.093900384,2.0558,0.0,0,0,2,0,0,0,0,0.7142857142857143,7,0,40,0,0.01713869065719439,-0.11982302439563706
2787,CCCCCCC#CCCCCC,506.04,True,DFZSEVCTTZHGAS-UHFFFAOYSA-N,180.33499999999995,180.187800768,4.540500000000004,0.0,0,0,7,0,0,0,0,0.8461538461538461,13,0,76,0,0.008864002553653242,-0.10332291436127435
2788,CC(CCC=C)(C#C)O,458.39,True,PVJVUJJZSINIGV-UHFFFAOYSA-N,124.18299999999998,124.088815004,1.3368,20.23,1,1,3,0,0,0,0,0.5,9,1,50,0,0.12228160580011882,-0.3779094846156669
2789,CCC#CCC(C)C,391.2,True,UUWGRVSCFPICBP-UHFFFAOYSA-N,110.19999999999997,110.109550448,2.445900000000001,0.0,0,0,1,0,0,0,0,0.75,8,0,46,0,0.011173388585334267,-0.10360137005874502
2790,CCCC(C)CC(C)O,444.15,True,GUHWHNUGIGOSCN-UHFFFAOYSA-N,130.231,130.135765196,2.1935000000000007,20.23,1,1,4,0,0,0,0,1.0,9,1,56,0,0.051420406762273226,-0.39340855820133264
2791,CCCC(=C(CCC)CCC)CCC,523.84,True,JPEJJWOTBXVQJJ-UHFFFAOYSA-N,196.37799999999996,196.219100896,5.483400000000005,0.0,0,0,8,0,0,0,0,0.8571428571428571,14,0,84,0,-0.032024955749816966,-0.07103006534523065
2792,CCCCCCCCC(CCCC)O,588.78,True,GRDYSMCYPTWIPT-UHFFFAOYSA-N,200.36599999999996,200.21401551600002,4.2881000000000045,20.23,1,1,10,0,0,0,0,1.0,14,1,86,0,0.053984600851038185,-0.3931313839296292
2793,CCCC(C)C(CCC)O,496.82,True,YLTHHPQUTLMNIF-UHFFFAOYSA-N,144.258,144.15141526,2.583600000000001,20.23,1,1,5,0,0,0,0,1.0,10,1,62,0,0.05652113788394872,-0.39285331933274187
2794,CCCCCCCCCC#CCC,511.15,True,HDLJOUCNTFYRPD-UHFFFAOYSA-N,180.33499999999998,180.187800768,4.540500000000004,0.0,0,0,7,0,0,0,0,0.8461538461538461,13,0,76,0,0.008863823231915783,-0.10361163348989963
2795,CCCCCCCCC#CCCC,506.04,True,HKALLPVHYMSWLE-UHFFFAOYSA-N,180.33499999999998,180.187800768,4.540500000000004,0.0,0,0,7,0,0,0,0,0.8461538461538461,13,0,76,0,0.008864002509848047,-0.10333359122461848
2796,CCCCCCCC#CCCCC,506.04,True,XQORMFKAWKCJHN-UHFFFAOYSA-N,180.33499999999995,180.187800768,4.540500000000004,0.0,0,0,7,0,0,0,0,0.8461538461538461,13,0,76,0,0.008864003925752961,-0.103323092980018
2797,CCCCCCCCC#CC,479.15,True,XZSXEDPHMIFYOS-UHFFFAOYSA-N,152.281,152.15650064,3.7603000000000026,0.0,0,0,6,0,0,0,0,0.8181818181818182,11,0,64,0,0.008853121437001493,-0.10673740124239377
2798,CCCCCCCC#CCC,473.15,True,DPWGJNPCPLQVKQ-UHFFFAOYSA-N,152.28099999999998,152.15650064,3.7603000000000026,0.0,0,0,5,0,0,0,0,0.8181818181818182,11,0,64,0,0.008863823226637313,-0.10361163348989963
2799,CCCCCCC#CCCC,471.65,True,RUEKFLJTCZKAMH-UHFFFAOYSA-N,152.28099999999998,152.15650064,3.7603000000000026,0.0,0,0,5,0,0,0,0,0.8181818181818182,11,0,64,0,0.00886400112708045,-0.10333359122462804
2800,CCCCCCCCCCC#CCC,528.15,True,DWWMJIDVLGUCDE-UHFFFAOYSA-N,194.36199999999997,194.203450832,4.9306000000000045,0.0,0,0,8,0,0,0,0,0.8571428571428571,14,0,82,0,0.008863823231915792,-0.10361163348989963
2801,CCCCCCCCC#CCCCC,528.92,True,WHRIRYDVFUEMDX-UHFFFAOYSA-N,194.36199999999997,194.203450832,4.9306000000000045,0.0,0,0,8,0,0,0,0,0.8571428571428571,14,0,82,0,0.008864003931021743,-0.10332309298001799
2802,CC(C)C(C)(C)CC(C)(C)C,449.15,True,JQFZWBZEZYOCQL-UHFFFAOYSA-N,156.313,156.187800768,4.104800000000004,0.0,0,0,2,0,0,0,0,1.0,11,0,68,0,-0.03261841944122176,-0.062262997709436135
2803,CC(C)CC(C)(CC(C)C)O,455.15,True,QSVYJSJPLCSACO-UHFFFAOYSA-N,158.285,158.167065324,2.8296000000000014,20.23,1,1,4,0,0,0,0,1.0,11,1,68,0,0.0624240843219846,-0.39016250969795846
2804,CC(C)(C)CC=C=CC(C)(C)C,475.13,True,APIDJYHKQJDGMH-UHFFFAOYSA-N,166.30799999999996,166.172150704,4.180000000000003,0.0,0,0,1,0,0,0,0,0.75,12,0,70,0,-0.01274570798945625,-0.1290026174093444
2805,CCC(C)(C)CCC(C)(C)C,439.15,True,VQJNSRPWQMPDDO-UHFFFAOYSA-N,156.313,156.187800768,4.2489000000000035,0.0,0,0,3,0,0,0,0,1.0,11,0,68,0,-0.035663853836199105,-0.0648732018927778
2806,CCC(C)(C)CC(C)(C)CC,453.15,True,GALDMESQGNRJGE-UHFFFAOYSA-N,156.31299999999996,156.187800768,4.2489000000000035,0.0,0,0,4,0,0,0,0,1.0,11,0,68,0,-0.03517687649829864,-0.06487285488301794
2807,CCC(C)(C)CCC(C)(C)CC,462.9,True,PAEUGKMMSQUAGH-UHFFFAOYSA-N,170.33999999999997,170.203450832,4.639000000000005,0.0,0,0,5,0,0,0,0,1.0,12,0,74,0,-0.035663680812973546,-0.06487320188741284
2808,CC(C)(C)C(C(C(C)(C)C)C(C)(C)C)C(C)(C)C,597.64,True,RMASWOHNLWIUPT-UHFFFAOYSA-N,254.50199999999995,254.29735121599998,6.403200000000007,0.0,0,0,1,0,0,0,0,1.0,18,0,110,0,-0.027815587913489613,-0.05987753197561024
2809,CCCC(C)(C)CC(C)(C)CCC,490.58,True,WLQCITPYUAWICA-UHFFFAOYSA-N,184.36699999999996,184.219100896,5.029100000000005,0.0,0,0,6,0,0,0,0,1.0,13,0,80,0,-0.034924805527245986,-0.06536239468592746
2810,CCC(C)(CC)CC(C)(CC)CC,490.58,True,HQHXFCWZAWRYDM-UHFFFAOYSA-N,184.36699999999996,184.219100896,5.029100000000005,0.0,0,0,6,0,0,0,0,1.0,13,0,80,0,-0.03259043086829232,-0.06486286071673054
2811,CCCCC(C)(C)CC(C)(C)CCCC,536.34,True,ICXWEQZDTWZYNP-UHFFFAOYSA-N,212.42099999999994,212.25040102399998,5.809300000000006,0.0,0,0,8,0,0,0,0,1.0,15,0,92,0,-0.0349149176889837,-0.06538203735320317
2812,CCCC(C)(CC)CC(C)(CC)CCC,536.34,True,NEWRUUASNLQCQY-UHFFFAOYSA-N,212.42099999999994,212.25040102399998,5.809300000000006,0.0,0,0,8,0,0,0,0,1.0,15,0,92,0,-0.032338390772460264,-0.0653622218032738
2813,CCC(C#CC(=C)C)O,479.94,True,DUDZQARPXNGCOB-UHFFFAOYSA-N,124.18299999999998,124.088815004,1.3367999999999998,20.23,1,1,1,0,0,0,0,0.5,9,1,50,0,0.1143707979463117,-0.38038308499298884
2814,CC(C)(C)C#CC(C)(C)C#CC(C)(C)C,551.11,True,XQCLEAPKEXXCOD-UHFFFAOYSA-N,204.35699999999997,204.187800768,4.111600000000004,0.0,0,0,0,0,0,0,0,0.7333333333333333,15,0,84,0,0.08626906375605577,-0.09578290674788643
2815,CCC(CCO)O,497.92,True,RUOPINZRYMFPBF-UHFFFAOYSA-N,104.14899999999999,104.083729624,0.13970000000000005,40.46,2,2,3,0,0,0,0,1.0,7,2,44,0,0.055904668325289536,-0.3962749290324119
2816,CCCCCCCCCCCCCCCCCCCCCCCCCCCC=C,859.8,True,UBMJSQAFNUWJEG-UHFFFAOYSA-N,406.7830000000003,406.453851856,11.334899999999987,0.0,0,0,26,0,0,0,0,0.9310344827586207,29,0,174,0,-0.0353412931099218,-0.10308297893627165
2817,CCCCCCCCC=C.CCCCCCC=C,606.2,True,XKKPTSDYGCWOCE-UHFFFAOYSA-N,252.4859999999999,252.28170115199998,7.065800000000007,0.0,0,0,12,0,0,0,0,0.7777777777777778,18,0,108,0,-0.03534129310993146,-0.10308297893628117
2818,CC(C)CCCC(C)CCCC(C)CCCC(C)CCCCC(C)CCCC(C)CCCC(C)CCCC(C)C,1111.28,True,VZVGMMPGAFGVOS-UHFFFAOYSA-N,563.0960000000005,562.641652624,14.697199999999967,0.0,0,0,29,0,0,0,0,1.0,40,0,242,0,-0.04427973072658068,-0.06277360921452241
2819,CC(=CC(C)(C)CC(C)(C)C)C,471.74,True,DRHABPMHZRIRAH-UHFFFAOYSA-N,168.32399999999998,168.187800768,4.415000000000004,0.0,0,0,2,0,0,0,0,0.8333333333333334,12,0,72,0,-0.016740632845446864,-0.08019166503982887
2820,CC(C)CC[C@@H](CO)C(C)C,484.15,True,SFIQHFBITUEIBP-JTQLQIEISA-N,158.28499999999997,158.167065324,2.687100000000001,20.23,1,1,5,0,0,0,0,1.0,11,1,68,0,0.04612119839266197,-0.39607761496928856
2821,C/C=C/C(C)C,331.73,True,LGAQJENWWYGFSN-SNAWJCMRSA-N,84.162,84.093900384,2.2184999999999997,0.0,0,0,1,0,0,0,0,0.6666666666666666,6,0,36,0,-0.029052811982983727,-0.09140569170863219
2822,C(/C=C/CO)O,404.15,True,ORTVZLZNOYNASJ-OWOJBTEDSA-N,88.10599999999998,88.052429496,-0.4728,40.46,2,2,2,0,0,0,0,0.5,6,2,36,0,0.061274561501024574,-0.3923060469272983
2823,CCCCCCCCCC(C)(C)C,494.15,True,QDKSGHXRHXVMPF-UHFFFAOYSA-N,184.367,184.219100896,5.173200000000005,0.0,0,0,7,0,0,0,0,1.0,13,0,80,0,-0.03826112133366543,-0.06538238322279266
2824,CCCCCCCCCCCCC(C)CCC,588.12,True,OREPYGSHKSWUCK-UHFFFAOYSA-N,240.47499999999994,240.28170115199998,6.733600000000007,0.0,0,0,13,0,0,0,0,1.0,17,0,104,0,-0.044290134878877556,-0.06538238322279266
2825,CCCCCCCCCCCCCCCCCCCCCC=C,652.15,True,SJDSOBWGZRPKSB-UHFFFAOYSA-N,322.62100000000004,322.359951472,8.9943,0.0,0,0,20,0,0,0,0,0.9130434782608695,23,0,138,0,-0.0353412931099218,-0.10308297893627165
2826,CC(C)C(C)C(C)O,426.15,True,SODKTKJZYBOMMT-UHFFFAOYSA-N,116.20399999999998,116.120115132,1.6593,20.23,1,1,2,0,0,0,0,1.0,8,1,50,0,0.05395832358583612,-0.3931306878721877
2827,CCCCCC(C)C(C)(C)C,452.15,True,XZPXMWMVWDSEMY-UHFFFAOYSA-N,156.313,156.187800768,4.2489000000000035,0.0,0,0,4,0,0,0,0,1.0,11,0,68,0,-0.03569107233637593,-0.0653823818297166
2828,CCCC(C)CC(C)C(C)C,450.15,True,CEOHXVQAHFSSEG-UHFFFAOYSA-N,156.313,156.187800768,4.104800000000004,0.0,0,0,5,0,0,0,0,1.0,11,0,68,0,-0.04170779485318752,-0.06537242365117842
2829,CC(C)C(CO)CO,520.36,True,VVOISBSEMFDYNE-UHFFFAOYSA-N,118.17599999999999,118.099379688,0.24319999999999992,40.46,2,2,3,0,0,0,0,1.0,8,2,50,0,0.04831523156330881,-0.3959869106915628
2830,CC(C)C(C)(C)N,446.65,True,YQNVPNRHJFZONU-UHFFFAOYSA-N,101.193,101.12044947999999,1.3797,26.02,1,1,1,0,0,0,0,1.0,7,1,44,0,0.01201077007449999,-0.32532861294059295
2831,CCCC(CCO)O,520.8,True,AVIYEYCFMVPYST-UHFFFAOYSA-N,118.17599999999999,118.099379688,0.5297999999999998,40.46,2,2,4,0,0,0,0,1.0,8,2,50,0,0.0561572677633172,-0.39627492748376913
2832,CC(C)CCCN,396.75,True,QVIAMKXOQGCYCV-UHFFFAOYSA-N,101.19300000000001,101.12044947999999,1.3813,26.02,1,1,3,0,0,0,0,1.0,7,1,44,0,-0.007717727188254391,-0.330473327914081
2833,C[C@H]([C@H](C)O)O,456.65,True,OWBTYPJTUOEWEK-ZXZARUISSA-N,90.12199999999999,90.06807956,-0.252,40.46,2,2,1,0,0,0,0,1.0,6,2,38,0,0.07678369378081898,-0.39073832390870694
2834,CCCCCC(C)CO,453.15,True,QZESEQBMSFFHRY-UHFFFAOYSA-N,130.231,130.135765196,2.1951000000000005,20.23,1,1,5,0,0,0,0,1.0,9,1,56,0,0.04561249190158144,-0.3960990112381063
2835,CCCCC(CC)CCC(CCC(CC)CC)O,582.15,True,NWDHHLKROQOLMQ-UHFFFAOYSA-N,256.47399999999993,256.276615772,5.560300000000007,20.23,1,1,12,0,0,0,0,1.0,18,1,110,0,0.054005161988983044,-0.39313101208950785
2836,C[C@H]([C@@H](C)O)O,350.5,True,OWBTYPJTUOEWEK-QWWZWVQMSA-N,90.12199999999999,90.06807956,-0.252,40.46,2,2,1,0,0,0,0,1.0,6,2,38,0,0.07678369378081898,-0.39073832390870694
2837,C(CC(CCCO)O)CO,635.86,True,LTBLRTCVEAUSON-UHFFFAOYSA-N,148.202,148.109944372,-0.10769999999999996,60.69,3,3,6,0,0,0,0,1.0,10,3,62,0,0.05415397288386522,-0.3963748411636843
2838,CCC(C(C)C)(C(C)C)O,451.05,True,PZPYIRQFCOFLGJ-UHFFFAOYSA-N,144.25799999999998,144.15141526,2.439500000000001,20.23,1,1,3,0,0,0,0,1.0,10,1,62,0,0.06901993320782525,-0.3893697885200313
2839,C#CCN,357.15,True,JKANAVGODYYCQF-UHFFFAOYSA-N,55.07999999999999,55.042199159999996,-0.4216999999999999,26.02,1,1,0,0,0,0,0,0.3333333333333333,4,1,22,0,0.054825759912424735,-0.3202614574490947
2840,CC(CCC=C(C)C)CO,501.3,True,WFZFXUZFKAOTRR-UHFFFAOYSA-N,142.242,142.135765196,2.3612000000000006,20.23,1,1,4,0,0,0,0,0.7777777777777778,10,1,60,0,0.04562355506354932,-0.3960988138776329
2841,CCCCCCC(CCC)CCCCCC,565.24,True,VIPXLNQRBDOQFP-UHFFFAOYSA-N,226.44799999999992,226.26605108799998,6.343500000000007,0.0,0,0,12,0,0,0,0,1.0,16,0,98,0,-0.041438638132113646,-0.06538238321749647
2842,CC(C)(CCO)O,481.15,True,XPFCZYUVICHKDS-UHFFFAOYSA-N,104.14899999999999,104.083729624,0.13970000000000005,40.46,2,2,2,0,0,0,0,1.0,7,2,44,0,0.06131225283441214,-0.39626369782030507
2843,C[C@H](CO)O,461.15,True,DNIAPMSPPWPWGF-GSVOUGTGSA-N,76.095,76.052429496,-0.6405,40.46,2,2,1,0,0,0,0,1.0,5,2,32,0,0.07423864406366021,-0.3937000421977661
2844,CCCCCCCCCCCCCCCCCC(CCCCCCCCCCCCCCCC)CCCCCCCCCCCCCCCC,1343.16,True,DAQUEPISOMDKQG-UHFFFAOYSA-N,703.3659999999998,702.798153264,19.606899999999985,0.0,0,0,46,0,0,0,0,1.0,50,0,302,0,-0.0414285788607763,-0.06538238322279266
2845,CCCCCCCCCCCCCCCCCCCCCC(C)C,480.9,True,JNHSEDRFFJZMLH-UHFFFAOYSA-N,338.66400000000004,338.3912516,9.4643,0.0,0,0,20,0,0,0,0,1.0,24,0,146,0,-0.04713257615118824,-0.06538238322279266
2846,CCCCCCCCCC(C)CCCCCCC,611.0,True,AFKUSTCGONJZHE-UHFFFAOYSA-N,254.50199999999992,254.29735121599998,7.1237000000000075,0.0,0,0,14,0,0,0,0,1.0,18,0,110,0,-0.04428007560576729,-0.06538238322279266
2847,CCCCCCCCCC(C)CCCCCC,588.12,True,HZRSSYSIMDTFLT-UHFFFAOYSA-N,240.47499999999994,240.28170115199998,6.733600000000007,0.0,0,0,13,0,0,0,0,1.0,17,0,104,0,-0.044280075611016906,-0.06538238322279266
2848,CCCCCCCCCCCCCCCCCCCCCC(CC)CC,794.04,True,HCYGJXYCUXDCHD-UHFFFAOYSA-N,366.71800000000013,366.422551728,10.244499999999993,0.0,0,0,22,0,0,0,0,1.0,26,0,158,0,-0.041953146069178736,-0.06538238322279266
2849,CCCCCCC(CCCCCC)CCCCCC,633.88,True,PLHNETQGLPOKGV-UHFFFAOYSA-N,268.5289999999999,268.31300128,7.513800000000008,0.0,0,0,15,0,0,0,0,1.0,19,0,116,0,-0.04142857887655569,-0.06538238321749647
2850,CCCCC(CCCC)CCCC,492.15,True,YXSQPZMAIVSYDV-UHFFFAOYSA-N,184.36699999999996,184.219100896,5.173200000000005,0.0,0,0,9,0,0,0,0,1.0,13,0,80,0,-0.0414290960332403,-0.0653822096214948
2851,CCC(C)(C)C#C,343.15,True,KQIIKSQUHGGYCU-UHFFFAOYSA-N,96.17299999999997,96.093900384,2.0558,0.0,0,0,1,0,0,0,0,0.7142857142857143,7,0,40,0,0.02527538843433411,-0.11953587922848011
2852,C#CCCCC#C,384.15,True,RSPZSDWVQWRAEF-UHFFFAOYSA-N,92.14099999999999,92.062600256,1.4231,0.0,0,0,2,0,0,0,0,0.42857142857142855,7,0,36,0,0.009507890018229598,-0.12010874815067533
2853,CC(C)(C)CN(C)C,368.97,True,FUIRUFXAVIHAQB-UHFFFAOYSA-N,115.22,115.13609954399999,1.5941,3.24,0,1,1,0,0,0,0,1.0,8,1,50,0,0.0023941003506415194,-0.30887969832856205
2854,CCCCCCCCCCCCCCCCN(CC)CC,472.65,True,AVOKRHSASDONRL-UHFFFAOYSA-N,297.57099999999997,297.339550376,6.809500000000008,3.24,0,1,17,0,0,0,0,1.0,21,1,128,0,-0.0018969298289557334,-0.3038858316840496
2855,C[C@@H]([C@H](C)O)O,453.65,True,OWBTYPJTUOEWEK-IMJSIDKUSA-N,90.12199999999999,90.06807956,-0.252,40.46,2,2,1,0,0,0,0,1.0,6,2,38,0,0.07678369378081898,-0.39073832390870694
2856,CC(=CCC/C(=C/C=C/C(=C/C=C/C(=C/C=C/C=C(/C=C/C=C(/C=C/C=C(/CCC=C(C)C)\\C)\\C)\\C)/C)/C)/C)C,1167.92,True,OAIJSZIZWZSQBC-GYZMGTAESA-N,536.8880000000004,536.438201792,12.937999999999976,0.0,0,0,16,0,0,0,0,0.35,40,0,216,0,-0.02851204855298305,-0.08557103220800533
2857,C[C@@H](CCO)O,475.04,True,PUPZLCDOIYMWBV-BYPYZUCNSA-N,90.12199999999999,90.06807956,-0.25039999999999996,40.46,2,2,2,0,0,0,0,1.0,6,2,38,0,0.05334957508052504,-0.39627512172883306
2858,CCCC(CC)(CC)CC,439.45,True,WWNGLKDLYKNGGT-UHFFFAOYSA-N,142.286,142.172150704,4.002900000000003,0.0,0,0,5,0,0,0,0,1.0,10,0,62,0,-0.03054162738018118,-0.06536205296574833
2859,CC(C)CCCCCCC(C)C,477.15,True,HWISDPDDDUZJAW-UHFFFAOYSA-N,170.34,170.203450832,4.639000000000005,0.0,0,0,7,0,0,0,0,1.0,12,0,74,0,-0.0471325761511785,-0.06277361060346824
2860,CCCCCCCCCCCCCCC(C)CCC,633.88,True,GEGZZJBPFKEDHM-UHFFFAOYSA-N,268.52899999999994,268.31300128,7.513800000000008,0.0,0,0,15,0,0,0,0,1.0,19,0,116,0,-0.044290134878877556,-0.06538238322279266
2861,CCCCC(C)CCO,459.15,True,MUPPEBVXFKNMCI-UHFFFAOYSA-N,130.231,130.135765196,2.1951000000000005,20.23,1,1,5,0,0,0,0,1.0,9,1,56,0,0.043306484096030336,-0.39636589491534674
2862,CC(C)CCCC(C)(C)C,422.15,True,FHJCGIUZJXWNET-UHFFFAOYSA-N,142.286,142.172150704,3.858800000000003,0.0,0,0,3,0,0,0,0,1.0,10,0,62,0,-0.03826095018567157,-0.06277360781855516
2863,CCCCC(C(=C)C)O,470.94,True,PPKIOOAEILEYAF-UHFFFAOYSA-N,128.21499999999997,128.120115132,2.1136000000000004,20.23,1,1,4,0,0,0,0,0.75,9,1,54,0,0.07443516332927201,-0.38878764763626883
2864,CC(=CCCC(=C)CCO)C,521.18,True,LPYYZHAEKPCIHA-UHFFFAOYSA-N,154.25300000000001,154.135765196,2.671400000000001,20.23,1,1,5,0,0,0,0,0.6,11,1,64,0,0.04675967029107623,-0.3960439280835432
2865,CC(C)CCCCC=C,412.15,True,YKHFZRXJMPLNTJ-UHFFFAOYSA-N,126.243,126.14085057599999,3.3888000000000025,0.0,0,0,5,0,0,0,0,0.7777777777777778,9,0,54,0,-0.03534112195532336,-0.1030829789310431
2866,CCCCC(C)CC=C,401.76,True,XWJMQJGSSGDJSY-UHFFFAOYSA-N,126.24299999999998,126.14085057599999,3.3888000000000025,0.0,0,0,5,0,0,0,0,0.7777777777777778,9,0,54,0,-0.03275314861817271,-0.10307283110837939
2867,CCCCCCCCC(=C)C,463.85,True,HLMACKQLXSEXIY-UHFFFAOYSA-N,154.297,154.172150704,4.313100000000004,0.0,0,0,7,0,0,0,0,0.8181818181818182,11,0,66,0,-0.03257692625117598,-0.10014093189970978
2868,CCCCCCC(C)CC=C,447.52,True,IMRKOERSTLKEAO-UHFFFAOYSA-N,154.297,154.172150704,4.169000000000004,0.0,0,0,7,0,0,0,0,0.8181818181818182,11,0,66,0,-0.032753147233033006,-0.10307283110836982
2869,CCNCC(C)C,361.70537,True,FNLUJDLKYOWMMF-UHFFFAOYSA-N,101.19299999999998,101.12044947999999,1.2519,12.03,1,1,3,0,0,0,0,1.0,7,1,44,0,-0.0025906038332783425,-0.31675234455184426
2870,CCCCCCCCCCC(CC)CC,542.36,True,YHMLBHVOZGLKCN-UHFFFAOYSA-N,212.42099999999996,212.25040102399998,5.9534000000000065,0.0,0,0,11,0,0,0,0,1.0,15,0,92,0,-0.041953146069178736,-0.06538238322279266
2871,CC(C)C(C(C)C)C(C)C,430.15,True,YVYHOOYMDHZALB-UHFFFAOYSA-N,142.28599999999997,142.172150704,3.5706000000000024,0.0,0,0,3,0,0,0,0,1.0,10,0,62,0,-0.03447712664059029,-0.06248905465608222
2872,CCCCCCCCCCCCCCCCCCCCCCCCCCCCCCC(C)CC,977.08,True,GGSUDEKGRQXJSB-UHFFFAOYSA-N,478.9340000000005,478.54775224,13.365299999999975,0.0,0,0,30,0,0,0,0,1.0,34,0,206,0,-0.04454239142239572,-0.06538238322279266
2873,CCC(C)C=C(C)C,384.0,True,IZSBIPQYBGDXJZ-UHFFFAOYSA-N,112.21599999999998,112.12520051199999,2.9987000000000013,0.0,0,0,2,0,0,0,0,0.75,8,0,48,0,-0.026211350347559503,-0.08305659927039744
2874,C=CCCCCCCCCCCCCCCCCC=C,650.56,True,AWJFCAXSGQLCKK-UHFFFAOYSA-N,278.52399999999994,278.297351216,7.600000000000007,0.0,0,0,17,0,0,0,0,0.8,20,0,118,0,-0.0353412931099218,-0.10308297893627165
2875,CCCCCCCCCCCCCCCCCCCCC(C)C,725.4,True,AISQJRLSHDWVGU-UHFFFAOYSA-N,324.637,324.375601536,9.074200000000001,0.0,0,0,19,0,0,0,0,1.0,23,0,140,0,-0.04713257615118824,-0.06538238322279266
2876,CCCCCCCCCCCCCCCCCCC(C)C,679.64,True,MLKZKPUBHSWMNA-UHFFFAOYSA-N,296.5829999999999,296.344301408,8.294000000000006,0.0,0,0,17,0,0,0,0,1.0,21,0,128,0,-0.04713257615118824,-0.06538238322279266
2877,CCCCCCCCCCCCCCCCCCCCCCCCCCC(C)C,862.68,True,YGCGPCUUTAKOEU-UHFFFAOYSA-N,408.79900000000026,408.46950191999997,11.414799999999987,0.0,0,0,25,0,0,0,0,1.0,29,0,176,0,-0.04713257615118824,-0.06538238322279266
2878,CCCCCCCC(CC)O,490.15,True,ICEQLCZWZXUUIJ-UHFFFAOYSA-N,158.285,158.167065324,3.117800000000002,20.23,1,1,7,0,0,0,0,1.0,11,1,68,0,0.05372202876614347,-0.39314221194376076
2879,CCCCCCCCCCCCCCCCC(C)CCCCCCCCCC,839.8,True,NBBBXASYEKYDOB-UHFFFAOYSA-N,394.77200000000033,394.453851856,11.024699999999989,0.0,0,0,24,0,0,0,0,1.0,28,0,170,0,-0.04428007560575763,-0.06538238322279266
2880,CCCCCCCCCCCCCCC(C)CCCCCCCCCCCC,839.8,True,CLFMEEYUFHPNBC-UHFFFAOYSA-N,394.77200000000033,394.453851856,11.024699999999989,0.0,0,0,24,0,0,0,0,1.0,28,0,170,0,-0.04428007560575763,-0.06538238322279266
2881,CCCCC(C)C(CC)CCC,472.15,True,HKUUNAOHRKAJIY-UHFFFAOYSA-N,170.33999999999995,170.203450832,4.639000000000005,0.0,0,0,7,0,0,0,0,1.0,12,0,74,0,-0.03911999461043577,-0.06538220961054292
2882,CCCC(CC)C(CC)CCC,466.15,True,XRVCHXCONYJHLU-UHFFFAOYSA-N,170.33999999999997,170.203450832,4.639000000000005,0.0,0,0,7,0,0,0,0,1.0,12,0,74,0,-0.038867171673832863,-0.06537207835952856
2883,CCCCC(C)C(C)CCCC,474.15,True,NCJIZIYQFWXMFZ-UHFFFAOYSA-N,170.33999999999995,170.203450832,4.639000000000005,0.0,0,0,7,0,0,0,0,1.0,12,0,74,0,-0.04169837958037615,-0.06538220961585231
2884,CCCCCCCCCCC(=C)C,504.45,True,PWRBDKMPAZFCSV-UHFFFAOYSA-N,182.35099999999997,182.203450832,5.0933000000000055,0.0,0,0,9,0,0,0,0,0.8461538461538461,13,0,78,0,-0.03257692625116632,-0.10014093189970978
2885,CC(=CCCC=C(C)C)C,439.88857,True,PSOPUECGKNQIPH-UHFFFAOYSA-N,138.254,138.140850576,3.6990000000000025,0.0,0,0,3,0,0,0,0,0.6,10,0,58,0,-0.0313416249071893,-0.08558113281313283
2886,CCC(C)CC(=C)C,384.35,True,PKVDGQHNRICJLA-UHFFFAOYSA-N,112.216,112.12520051199999,2.9987000000000013,0.0,0,0,3,0,0,0,0,0.75,8,0,48,0,-0.029999834061784754,-0.10013074575997216
2887,CC(C)C(C)(C)C(C)(C)C,439.15,True,WKQBIIUOSATALN-UHFFFAOYSA-N,142.28599999999997,142.172150704,3.714700000000003,0.0,0,0,1,0,0,0,0,1.0,10,0,62,0,-0.028251209182987114,-0.06224327013270941
2888,CC(C(C)(C)C)C(C)(C)C,432.15,True,OWFKEHICSVOVAC-UHFFFAOYSA-N,142.28599999999997,142.172150704,3.714700000000003,0.0,0,0,0,0,0,0,0,1.0,10,0,62,0,-0.03450164126481706,-0.06150781971762164
2889,CCCCC(C)CCCCC(C)C,496.16,True,NJKQJSHBTXTWME-UHFFFAOYSA-N,184.367,184.219100896,5.029100000000005,0.0,0,0,8,0,0,0,0,1.0,13,0,80,0,-0.04428024660681729,-0.06538221100653004
2890,CCCC(C)CCCCCC(C)C,496.16,True,HBILMYFNYGGWLO-UHFFFAOYSA-N,184.367,184.219100896,5.029100000000005,0.0,0,0,8,0,0,0,0,1.0,13,0,80,0,-0.04429013487358901,-0.06537242504752182
2891,CCC(C)CCCCCCC(C)C,496.16,True,XDLHYYXVEXQVGL-UHFFFAOYSA-N,184.367,184.219100896,5.029100000000005,0.0,0,0,8,0,0,0,0,1.0,13,0,80,0,-0.04454239142238599,-0.06512830049734127
2892,CCCCC(C)CCCC(C)CC,496.16,True,QQWXDSCYXKZATG-UHFFFAOYSA-N,184.367,184.219100896,5.029100000000005,0.0,0,0,8,0,0,0,0,1.0,13,0,80,0,-0.04428007555229264,-0.06538221100653004
2893,CCC(C)CCCCCC(C)CC,496.16,True,HHEVJJIJTUVLTQ-UHFFFAOYSA-N,184.367,184.219100896,5.029100000000005,0.0,0,0,8,0,0,0,0,1.0,13,0,80,0,-0.04454239141709747,-0.06512830049734127
2894,CCCCC(C)CCC(C)CCC,496.16,True,IEVWHTVOIZEXCC-UHFFFAOYSA-N,184.36699999999996,184.219100896,5.029100000000005,0.0,0,0,8,0,0,0,0,1.0,13,0,80,0,-0.044270290464002444,-0.06538221100652025
2895,CCCC(C)(CC)CCC,433.96,True,MPYQJQDSICRCJJ-UHFFFAOYSA-N,142.286,142.172150704,4.002900000000003,0.0,0,0,5,0,0,0,0,1.0,10,0,62,0,-0.032865332304436314,-0.06536222462866098
2896,CCCCCC(C)CCCCC,479.15,True,VPYZCUCKYWHJGX-UHFFFAOYSA-N,170.33999999999997,170.203450832,4.783100000000005,0.0,0,0,8,0,0,0,0,1.0,12,0,74,0,-0.04428007836172344,-0.06538238184039362
2897,CCCCCC(C)CCC(C)C,471.15,True,DQHKBYZSYRJBMD-UHFFFAOYSA-N,170.34,170.203450832,4.639000000000005,0.0,0,0,7,0,0,0,0,1.0,12,0,74,0,-0.04427029281272186,-0.0653823818403936
2898,CCCCC(C)CCC(C)CC,474.15,True,NQWFSCYWTXQNGG-UHFFFAOYSA-N,170.33999999999997,170.203450832,4.639000000000005,0.0,0,0,7,0,0,0,0,1.0,12,0,74,0,-0.04427029184526928,-0.06538221100652025
2899,CCC(C)CCCCC(C)CC,478.15,True,KMAHIPNGGSOJSM-UHFFFAOYSA-N,170.33999999999997,170.203450832,4.639000000000005,0.0,0,0,7,0,0,0,0,1.0,12,0,74,0,-0.044542390037345204,-0.06512830049733148
2900,CCCCCCCCC(CC)CC,496.6,True,NJDOLAPZCLPAHZ-UHFFFAOYSA-N,184.36699999999996,184.219100896,5.173200000000005,0.0,0,0,9,0,0,0,0,1.0,13,0,80,0,-0.041953146069178736,-0.06538238322279266
2901,CCCC(CCC)(CCC)CCC,493.81,True,ULEPZYFBCDJENO-UHFFFAOYSA-N,184.36699999999996,184.219100896,5.173200000000005,0.0,0,0,8,0,0,0,0,1.0,13,0,80,0,-0.029786111276262628,-0.06536204879482145
2902,CCCCCCCCC(C)C(C)C,501.15,True,QSSUTSOGIQHRIU-UHFFFAOYSA-N,184.367,184.219100896,5.029100000000005,0.0,0,0,8,0,0,0,0,1.0,13,0,80,0,-0.04196109860828849,-0.06538238322279266
2903,CCCCCCCC(C)C(C)CC,496.16,True,UAMWGOKFGVUDRS-UHFFFAOYSA-N,184.367,184.219100896,5.029100000000005,0.0,0,0,8,0,0,0,0,1.0,13,0,80,0,-0.041708304317963386,-0.06538238322278293
2904,CCCCCCC(C)CC(C)CC,496.16,True,YSUJWFQMTUVXNQ-UHFFFAOYSA-N,184.367,184.219100896,5.029100000000005,0.0,0,0,8,0,0,0,0,1.0,13,0,80,0,-0.0440269155654204,-0.06538238321750617
2905,CCCCC(C)CC(C)CCCC,496.16,True,AMMTZOCUKBWLJL-UHFFFAOYSA-N,184.36699999999993,184.219100896,5.029100000000005,0.0,0,0,8,0,0,0,0,1.0,13,0,80,0,-0.044026914572585556,-0.06538221100120974
2906,CCCCCCCC(C)CCCC,496.6,True,NVINYZLICSJRSI-UHFFFAOYSA-N,184.36699999999996,184.219100896,5.173200000000005,0.0,0,0,9,0,0,0,0,1.0,13,0,80,0,-0.044280247986598166,-0.06538238322278293
2907,CCCCCC(C)C(C)CCCC,496.16,True,YAQUQAWUOHDAOP-UHFFFAOYSA-N,184.36699999999993,184.219100896,5.029100000000005,0.0,0,0,8,0,0,0,0,1.0,13,0,80,0,-0.04169820856749548,-0.06538238183507465
2908,CCC(=C)C(C)(C)C,390.03498,True,KQRPZENSXZIOQO-UHFFFAOYSA-N,112.21599999999998,112.12520051199999,2.9987000000000013,0.0,0,0,1,0,0,0,0,0.75,8,0,48,0,-0.017579449599590617,-0.09934145988173353
2909,CCCCC(C)CC(C)(C)C,443.15834,True,IKMGZPRUMVFYBK-UHFFFAOYSA-N,156.313,156.187800768,4.2489000000000035,0.0,0,0,4,0,0,0,0,1.0,11,0,68,0,-0.03800811044682069,-0.06538221099585036
2910,CCC(CC)C(C)(C)O,429.15,True,FRUMTAZIGSJVOJ-UHFFFAOYSA-N,130.231,130.135765196,2.1935000000000007,20.23,1,1,3,0,0,0,0,1.0,9,1,56,0,0.06191043061417056,-0.39018302761293594
2911,CCCCC(CC)CC(CC)O,498.55,True,DWMKGYOHPSYFCS-UHFFFAOYSA-N,172.31199999999998,172.182715388,3.3638000000000026,20.23,1,1,7,0,0,0,0,1.0,12,1,74,0,0.05398573146841977,-0.3931313073430263
2912,CCCC(C)(C)C(C)CC,434.26,True,BLNBSBLKPFFJKQ-UHFFFAOYSA-N,142.28599999999997,142.172150704,3.858800000000003,0.0,0,0,4,0,0,0,0,1.0,10,0,62,0,-0.032872784306049216,-0.06536222336059493
2913,CCCC(CC)C(C)(C)C,429.26,True,XYDYODCWVCBIOQ-UHFFFAOYSA-N,142.286,142.172150704,3.858800000000003,0.0,0,0,3,0,0,0,0,1.0,10,0,62,0,-0.03543854363176818,-0.06537190634693345
2914,CCCCCCCC=CCCC,478.32,True,PHCKFVVLVZFFLU-UHFFFAOYSA-N,168.32399999999996,168.187800768,4.703200000000004,0.0,0,0,8,0,0,0,0,0.8333333333333334,12,0,72,0,-0.03507346877592716,-0.08854959171016738
2915,CC(=CC(C=C)C(C)(C)O)C,517.63,True,JWGLVEFPXSKNBN-UHFFFAOYSA-N,154.25300000000001,154.135765196,2.5257000000000005,20.23,1,1,3,0,0,0,0,0.6,11,1,64,0,0.06880227942366234,-0.3895296634308568
2916,CCCCCCC=C(C)C,444.15,True,UIIMVYYDGLHIAO-UHFFFAOYSA-N,140.26999999999998,140.15650064,3.9230000000000036,0.0,0,0,5,0,0,0,0,0.8,10,0,60,0,-0.034825608855267906,-0.08588885392730532
2917,C=CCCCCCCCCCCCCC=C,559.04,True,JEJVUMPKJVMOEZ-UHFFFAOYSA-N,222.41599999999994,222.23475095999999,6.039600000000005,0.0,0,0,13,0,0,0,0,0.75,16,0,94,0,-0.0353412931099218,-0.10308297893627165
2918,CCCCCCCC(CC#C)O,533.14,True,IBEKWLNDNQDLQS-UHFFFAOYSA-N,168.28,168.15141526,2.731100000000002,20.23,1,1,7,0,0,0,0,0.8181818181818182,12,1,70,0,0.06488459705887117,-0.39213836160351856
2919,CC(C)CCCCCCCC=C,470.4,True,AQLBDEAOQUJAIE-UHFFFAOYSA-N,168.32399999999998,168.187800768,4.559100000000004,0.0,0,0,8,0,0,0,0,0.8333333333333334,12,0,72,0,-0.03534129310991207,-0.10308297893627165
2920,CCCCCCC=C=C,405.47,True,BBECVROIQDCRKP-UHFFFAOYSA-N,124.22699999999999,124.12520051199999,3.297900000000002,0.0,0,0,5,0,0,0,0,0.6666666666666666,9,0,52,0,-0.02745686094138898,-0.13306966084433017
2921,CCCC(C(C)O)O,478.15,True,QCIYAEYRVFUFAP-UHFFFAOYSA-N,118.17599999999997,118.099379688,0.5282,40.46,2,2,3,0,0,0,0,1.0,8,2,50,0,0.07958265792930887,-0.3907268792585327
2922,CCCCCCC(C)(C)CO,484.15,True,KEXGXAGJHHCTKD-UHFFFAOYSA-N,158.285,158.167065324,2.975300000000002,20.23,1,1,6,0,0,0,0,1.0,11,1,68,0,0.04816305627270883,-0.3958203344268978
2923,CCCCCCCCCCC(C)CCC,542.36,True,ITVMHPMCNRGCIY-UHFFFAOYSA-N,212.42099999999996,212.25040102399998,5.9534000000000065,0.0,0,0,11,0,0,0,0,1.0,15,0,92,0,-0.044290134878877556,-0.06538238322279266
2924,CCCCCCCCCCCCCCCC(C)CCC,656.76,True,FSTVUQKHBCWLMQ-UHFFFAOYSA-N,282.556,282.328651344,7.903900000000008,0.0,0,0,16,0,0,0,0,1.0,20,0,122,0,-0.044290134878877556,-0.06538238322279266
2925,CCCCCCCCCCCCCC(C)CCC,611.0,True,YPPNOYRCEQRCHY-UHFFFAOYSA-N,254.50199999999992,254.29735121599998,7.1237000000000075,0.0,0,0,14,0,0,0,0,1.0,18,0,110,0,-0.044290134878877556,-0.06538238322279266
2926,CCCCCCC(C)CC(C)C,473.15,True,OJAFXEXESSNPMH-UHFFFAOYSA-N,170.34,170.203450832,4.639000000000005,0.0,0,0,7,0,0,0,0,1.0,12,0,74,0,-0.04403685025361772,-0.06538238321750617
2927,CC=CC=C(C)C,382.35,True,PRTJSZPCEHPORP-UHFFFAOYSA-N,96.173,96.093900384,2.5287000000000006,0.0,0,0,1,0,0,0,0,0.42857142857142855,7,0,40,0,-0.043898772252697234,-0.08766264474221731
2928,CCCCCCC(C)C(C)C,448.0,True,IGJRNTLDWLTHCQ-UHFFFAOYSA-N,156.313,156.187800768,4.2489000000000035,0.0,0,0,6,0,0,0,0,1.0,11,0,68,0,-0.04196109861354825,-0.06538238321749641
2929,CCCCCCCC(C)CCC,483.0,True,KNMXZGDUJVOTOC-UHFFFAOYSA-N,170.33999999999997,170.203450832,4.783100000000005,0.0,0,0,8,0,0,0,0,1.0,12,0,74,0,-0.04429013487888722,-0.06538238322278293
2930,CCCCCCCCCCCCCC(=C)C,557.15,True,FWQJRKLMXMTXDY-UHFFFAOYSA-N,224.43199999999993,224.25040102399998,6.2636000000000065,0.0,0,0,12,0,0,0,0,0.875,16,0,96,0,-0.03257692625116632,-0.10014093189970978
2931,CC(C)C(C)(C(C)C)O,429.65,True,PLSMHHUFDLYURK-UHFFFAOYSA-N,130.231,130.135765196,2.0494,20.23,1,1,2,0,0,0,0,1.0,9,1,56,0,0.06647960110688148,-0.3896479470404075
2932,CC(=C)CCCC(C)(C)O,491.03,True,ICHVSYBMEODCOO-UHFFFAOYSA-N,142.24200000000002,142.135765196,2.5037000000000007,20.23,1,1,4,0,0,0,0,0.7777777777777778,10,1,60,0,0.059143480435353286,-0.39047179827031336
2933,CCCC(=C)CC,367.15,True,TWCRBBJSQAZZQB-UHFFFAOYSA-N,98.189,98.109550448,2.752700000000001,0.0,0,0,3,0,0,0,0,0.7142857142857143,7,0,42,0,-0.03257329964738397,-0.09987226114124488
2934,CC=C(C)CC(C)C,385.15,True,BQAZYKYBFAMHPG-UHFFFAOYSA-N,112.21599999999998,112.12520051199999,2.9987000000000013,0.0,0,0,2,0,0,0,0,0.75,8,0,48,0,-0.029994909637574778,-0.08872460692701795
2935,CCC(=C)CC(C)C,383.45,True,TVBQWTDYXVGWJL-UHFFFAOYSA-N,112.21599999999998,112.12520051199999,2.9987000000000013,0.0,0,0,3,0,0,0,0,0.75,8,0,48,0,-0.029986711674178396,-0.09986206552784307
2936,C=CCCCCCCCCCCO,563.02,True,QNXYZQSFDTZEBK-UHFFFAOYSA-N,184.32299999999998,184.182715388,3.6756000000000024,20.23,1,1,10,0,0,0,0,0.8333333333333334,13,1,78,0,0.043052407228889096,-0.39637656934228244
2937,CCCCCCCCCCCCCCCCCCCCC(C)CCCCCCCCCC,931.32,True,WQADHJCGDFMXOQ-UHFFFAOYSA-N,450.8800000000004,450.516452112,12.58509999999998,0.0,0,0,28,0,0,0,0,1.0,32,0,194,0,-0.04428007560575763,-0.06538238322279266
2938,CCC#CC(C)C,367.15,True,POBOUPFSQKXZFZ-UHFFFAOYSA-N,96.17299999999997,96.093900384,2.0558,0.0,0,0,0,0,0,0,0,0.7142857142857143,7,0,40,0,0.014580646112987618,-0.10333634505491081
2939,CC(C(C)(C)C)N,374.15,True,DXSUORGKJZADET-UHFFFAOYSA-N,101.193,101.12044947999999,1.3797,26.02,1,1,0,0,0,0,0,1.0,7,1,44,0,0.005905666390763386,-0.3274718658210803
2940,CCC(C)CCCCCO,479.15,True,WWRGKAMABZHMCN-UHFFFAOYSA-N,144.258,144.15141526,2.5852000000000017,20.23,1,1,6,0,0,0,0,1.0,10,1,62,0,0.0430524086261947,-0.39637656933670584
2941,CCCNCC(C)C,397.15,True,SQGSVBHTFQOZDL-UHFFFAOYSA-N,115.21999999999998,115.13609954399999,1.642,12.03,1,1,4,0,0,0,0,1.0,8,1,50,0,-0.0025792743599638165,-0.31648826606422487
2942,CCCCC(C)(C)CC,410.15,True,BVAKDOXCVSMKHE-UHFFFAOYSA-N,128.259,128.15650064,3.6128000000000027,0.0,0,0,4,0,0,0,0,1.0,9,0,56,0,-0.03568383563404707,-0.06538203736927432
2943,CC(C)CCNC,377.15,True,QSOCODZVGPDGDA-UHFFFAOYSA-N,101.193,101.12044947999999,1.2519,12.03,1,1,3,0,0,0,0,1.0,7,1,44,0,-0.0049485251493956856,-0.3197419888526237
2944,CCNC(C)(C)C,359.15,True,XQOIBQBPAXOVGP-UHFFFAOYSA-N,101.19299999999998,101.12044947999999,1.3944,12.03,1,1,1,0,0,0,0,1.0,7,1,44,0,0.0096345257239602,-0.31234563740196375
2945,CCCCN(CCC)CCC,440.84,True,VJIRBKSBSKOOLV-UHFFFAOYSA-N,157.30099999999996,157.183049736,2.908500000000002,3.24,0,1,7,0,0,0,0,1.0,11,1,68,0,-0.0018842843769287562,-0.30335862689266047
2946,CC(C=C)C(C)C=C,374.95,True,BKVALJGAKNDDJJ-UHFFFAOYSA-N,110.19999999999999,110.109550448,2.630600000000001,0.0,0,0,3,0,0,0,0,0.5,8,0,46,0,-0.020436711890144153,-0.10279233369751628
2947,CCC(C)(C)CC(C)(C)C,426.96,True,PXHNHTBJHHSVPT-UHFFFAOYSA-N,142.28599999999997,142.172150704,3.858800000000003,0.0,0,0,2,0,0,0,0,1.0,10,0,62,0,-0.035186857439637974,-0.06487285628559755
2948,CCCCCCCCCCCCC(=C)C,540.15,True,WSNMNSLVXDWAFZ-UHFFFAOYSA-N,210.40499999999994,210.23475095999999,5.873500000000006,0.0,0,0,11,0,0,0,0,0.8666666666666667,15,0,90,0,-0.03257692625116632,-0.10014093189970978
2949,CCCC(CC)CC(C)C,429.36,True,OJDKRASKNKPYDH-UHFFFAOYSA-N,142.286,142.172150704,3.858800000000003,0.0,0,0,5,0,0,0,0,1.0,10,0,62,0,-0.04145772615469553,-0.06537225173202746
2950,CCCC(CC)C(C)CC,435.36,True,BTGGSWBKRYMHQK-UHFFFAOYSA-N,142.286,142.172150704,3.858800000000003,0.0,0,0,5,0,0,0,0,1.0,10,0,62,0,-0.039130091771413085,-0.06537207975474922
2951,CCCC(C)C(CC)CC,436.16,True,JZBKRUIGSVOOIC-UHFFFAOYSA-N,142.286,142.172150704,3.858800000000003,0.0,0,0,5,0,0,0,0,1.0,10,0,62,0,-0.039372361343527555,-0.06537225047499119
2952,CCCCC(C)C(C)(C)C,430.76,True,ACYHSTUWOQNWCX-UHFFFAOYSA-N,142.28599999999997,142.172150704,3.858800000000003,0.0,0,0,3,0,0,0,0,1.0,10,0,62,0,-0.03569107371670093,-0.06538220821815353
2953,CCCCC(C)(C)C(C)C,433.2,True,QACXEXNKLFWKLK-UHFFFAOYSA-N,142.28599999999997,142.172150704,3.858800000000003,0.0,0,0,4,0,0,0,0,1.0,10,0,62,0,-0.03311533483560714,-0.06538203597051631
2954,CCCC(C)(CC)C(C)C,436.86,True,PJIFKODHGMUPFH-UHFFFAOYSA-N,142.28599999999997,142.172150704,3.858800000000003,0.0,0,0,4,0,0,0,0,1.0,10,0,62,0,-0.030549647670091072,-0.06536205170308777
2955,CCC(CC)C(C)C(C)C,434.06,True,RHMRCCBCYFAZIK-UHFFFAOYSA-N,142.28599999999997,142.172150704,3.714700000000003,0.0,0,0,4,0,0,0,0,1.0,10,0,62,0,-0.03912849559435605,-0.06510816529207712
2956,CCC(C)(CC)CC(C)C,434.26,True,SIKFMUYSQCEQOO-UHFFFAOYSA-N,142.28599999999997,142.172150704,3.858800000000003,0.0,0,0,4,0,0,0,0,1.0,10,0,62,0,-0.03286430532181791,-0.06486303934800197
2957,CCC(CC(C)C)C(C)C,427.26,True,UJEUVDLASLOZIV-UHFFFAOYSA-N,142.28599999999997,142.172150704,3.714700000000003,0.0,0,0,4,0,0,0,0,1.0,10,0,62,0,-0.03912962983603721,-0.06510816684614924
2958,CCC(CC)C(C)(C)CC,436.06,True,ZRTXVJYJVBTXHE-UHFFFAOYSA-N,142.286,142.172150704,3.858800000000003,0.0,0,0,4,0,0,0,0,1.0,10,0,62,0,-0.032871996252425185,-0.06509825350047706
2959,CCC(C)C(C)(CC)CC,435.26,True,ZGJCTUKRTSBTIQ-UHFFFAOYSA-N,142.286,142.172150704,3.858800000000003,0.0,0,0,4,0,0,0,0,1.0,10,0,62,0,-0.030549083274914814,-0.06510804587945986
2960,CCC(C)C(C)C(C)(C)C,429.88033,True,MHPSPNGWFAGBNH-UHFFFAOYSA-N,142.28599999999997,142.172150704,3.714700000000003,0.0,0,0,2,0,0,0,0,1.0,10,0,62,0,-0.035437704434091895,-0.06511794582489105
2961,CC(C)CC(C)C(C)(C)C,421.81711,True,GCFKTDRTZYDRBI-UHFFFAOYSA-N,142.28599999999997,142.172150704,3.714700000000003,0.0,0,0,2,0,0,0,0,1.0,10,0,62,0,-0.03568125074527048,-0.06276326553205372
2962,CCC(C)C(C)(C)C(C)C,437.74,True,HIHSOGFAVTVMCY-UHFFFAOYSA-N,142.28599999999997,142.172150704,3.714700000000003,0.0,0,0,3,0,0,0,0,1.0,10,0,62,0,-0.03055710360752714,-0.06510804461087981
2963,CC(C)CC(C)(C)C(C)C,426.0,True,GCGFXFIPOBRMQT-UHFFFAOYSA-N,142.28599999999997,142.172150704,3.714700000000003,0.0,0,0,3,0,0,0,0,1.0,10,0,62,0,-0.03287232192641118,-0.06275337323857286
2964,CCC(C)(C)C(C)C(C)C,435.31525,True,XDRDDPSGUQMOBO-UHFFFAOYSA-N,142.28599999999997,142.172150704,3.714700000000003,0.0,0,0,3,0,0,0,0,1.0,10,0,62,0,-0.03287119504751151,-0.06486297776938828
2965,CC(C)C(C)C(C)C(C)C,428.93767,True,BHGNYYIOYPFWKC-UHFFFAOYSA-N,142.28599999999997,142.172150704,3.5706000000000024,0.0,0,0,3,0,0,0,0,1.0,10,0,62,0,-0.0391364516808633,-0.06250876554538053
2966,CCC(CC)(CC)C(C)C,442.86,True,DSSAZLXYIQIXGW-UHFFFAOYSA-N,142.28599999999997,142.172150704,3.858800000000003,0.0,0,0,4,0,0,0,0,1.0,10,0,62,0,-0.028226826714592004,-0.06484331172070315
2967,CCC(C)(CC)C(C)(C)C,442.66,True,AJDIFHIHSYVDGP-UHFFFAOYSA-N,142.28599999999997,142.172150704,3.858800000000003,0.0,0,0,2,0,0,0,0,1.0,10,0,62,0,-0.02824318508181117,-0.06484319193256134
2968,CCC(C(C)C)C(C)(C)C,428.45,True,VLIZIVHXZXQRDE-UHFFFAOYSA-N,142.286,142.172150704,3.714700000000003,0.0,0,0,2,0,0,0,0,1.0,10,0,62,0,-0.034485402107335986,-0.06508839121883656
2969,CCC(C)(C(C)C)C(C)C,442.59,True,OHZNMGSGEFVFTI-UHFFFAOYSA-N,142.28599999999997,142.172150704,3.714700000000003,0.0,0,0,3,0,0,0,0,1.0,10,0,62,0,-0.02823485073103484,-0.0648432515840957
2970,CCCCCC=CC(C)C,434.15,True,PBPKUNGABCJYBB-UHFFFAOYSA-N,140.26999999999998,140.15650064,3.778900000000003,0.0,0,0,5,0,0,0,0,0.8,10,0,60,0,-0.0290424748343831,-0.08828079582344756
2971,CCCCC(C)CCCC(C)CCCC(C)CCCC(C)C,701.2,True,PUTSHCSOTBWQAI-UHFFFAOYSA-N,310.61,310.359951472,8.251800000000006,0.0,0,0,15,0,0,0,0,1.0,22,0,134,0,-0.04427973072658069,-0.06538221100653004
2972,CC(C)CCC=C(C)C,409.0,True,JDJYGSMZGYTCML-UHFFFAOYSA-N,126.24299999999998,126.14085057599999,3.3888000000000025,0.0,0,0,3,0,0,0,0,0.7777777777777778,9,0,54,0,-0.0345820625152719,-0.08587882271383403
2973,CC(C)C(C)(C)C=C,378.17949,True,LLFHCOGPDCJMKY-UHFFFAOYSA-N,112.21599999999998,112.12520051199999,2.8546000000000014,0.0,0,0,2,0,0,0,0,0.75,8,0,48,0,-0.015451558266432316,-0.10253351371939118
2974,CC(C=C)C(C)(C)C,377.0,True,BOPVNOMJIDZBQB-UHFFFAOYSA-N,112.216,112.12520051199999,2.8546000000000014,0.0,0,0,1,0,0,0,0,0.75,8,0,48,0,-0.02158614337052931,-0.10279352939873379
2975,CCC(C)CCCC(C)CCCC(C)CCC=C(C)C,659.92,True,VUODLTHTSSVQSK-UHFFFAOYSA-N,280.53999999999996,280.31300128,7.391700000000008,0.0,0,0,12,0,0,0,0,0.9,20,0,120,0,-0.03457194627829487,-0.0858786465972844
2976,CCCCCCCCCCCCCCCCC(C)CCCC(C)CCCCCCCCCC,953.76,True,ZMPWPQZOFSYFKN-UHFFFAOYSA-N,464.9070000000005,464.53210217599997,12.831099999999978,0.0,0,0,28,0,0,0,0,1.0,33,0,200,0,-0.04427990316616905,-0.06538238322279266
2977,CCCCCCCCCCCCCCC(C)CCCC(C)CCCCCCCCCCCC,953.76,True,WRXZZORBTUGCDV-UHFFFAOYSA-N,464.9070000000005,464.53210217599997,12.831099999999978,0.0,0,0,28,0,0,0,0,1.0,33,0,200,0,-0.04427990316616905,-0.06538238322279266
2978,CCCCCCCCCCCCCCCCCCCCC(C)CCCCCCCCCCCC,977.08,True,TWDXTTZMADIJNW-UHFFFAOYSA-N,478.9340000000005,478.54775224,13.365299999999975,0.0,0,0,30,0,0,0,0,1.0,34,0,206,0,-0.04428007560575763,-0.06538238322279266
2979,CCCCCCCCCCCCCCCCCCC(C)CCCC(C)CCCCCCCCCC,999.52,True,IDJYSQCASWJCLM-UHFFFAOYSA-N,492.96100000000047,492.56340230399996,13.611299999999973,0.0,0,0,30,0,0,0,0,1.0,35,0,212,0,-0.04427990316616905,-0.06538238322279266
2980,CCCCCCCCCCCCCCC(C)CCCC(C)CCCCCCCCCCCCCC,999.52,True,LZEZYWWNVXRCEZ-UHFFFAOYSA-N,492.9610000000006,492.56340230399996,13.611299999999973,0.0,0,0,30,0,0,0,0,1.0,35,0,212,0,-0.04427990316616905,-0.06538238322279266
2981,CCCCCCCCCCCCCCCCCCCCC(C)CCCC(C)CCCCCCCCCC,1045.28,True,PFWHBIJHNFAHQI-UHFFFAOYSA-N,521.0150000000006,520.594702432,14.391499999999969,0.0,0,0,32,0,0,0,0,1.0,37,0,224,0,-0.04427990316616905,-0.06538238322279266
2982,CCCCCCCCCCCCCCCCC(C)CCCC(C)CCCCCCCCCCCCCC,1045.28,True,XDMQCULQPXRKOB-UHFFFAOYSA-N,521.0150000000007,520.594702432,14.391499999999969,0.0,0,0,32,0,0,0,0,1.0,37,0,224,0,-0.04427990316616905,-0.06538238322279266
2983,CCCCCCCCCCCCCCCCCCC(C)CCCC(C)CCCCCCCCCCCCCC,1091.04,True,UIOJBACKAKZTKP-UHFFFAOYSA-N,549.0690000000004,548.62600256,15.171699999999962,0.0,0,0,34,0,0,0,0,1.0,39,0,236,0,-0.04427990316616905,-0.06538238322279266
2984,CCCCCCCCCCCCCCCCCCCCC(C)CCCCCCCCCCC,954.2,True,BWDVOGIYXQHKGC-UHFFFAOYSA-N,464.90700000000044,464.53210217599997,12.975199999999976,0.0,0,0,29,0,0,0,0,1.0,33,0,200,0,-0.04428007560575763,-0.06538238322279266
2985,CCCCCCCCCCCCCCCCCCC(C)CCCCCCCCCCCCC,954.2,True,DOIBTVCEXBAWIB-UHFFFAOYSA-N,464.90700000000044,464.53210217599997,12.975199999999976,0.0,0,0,29,0,0,0,0,1.0,33,0,200,0,-0.04428007560575763,-0.06538238322279266
2986,CCCCCCCCCCCCCCCCCCCCCCCCC(C)CCCCCCCC,977.08,True,QAPBJPAUNVSNJQ-UHFFFAOYSA-N,478.9340000000005,478.54775224,13.365299999999975,0.0,0,0,30,0,0,0,0,1.0,34,0,206,0,-0.044280075605757634,-0.06538238322279266
2987,CCCCCCCCCCCCCCCCC(C)CCCCCCCCCCCCCCCC,977.08,True,MKCKYDLYUUOTRB-UHFFFAOYSA-N,478.9340000000006,478.54775224,13.365299999999975,0.0,0,0,30,0,0,0,0,1.0,34,0,206,0,-0.04428007560575763,-0.06538238322279266
2988,CCN(CC)C(C)C,381.65,True,ULWOJODHECIZAU-UHFFFAOYSA-N,115.21999999999998,115.13609954399999,1.7366,3.24,0,1,3,0,0,0,0,1.0,8,1,50,0,0.0038306926479580745,-0.30148766823850504
2989,CCCCC(CCCC)(CCCC)CCCC,585.33,True,WAEWWNSCMZXJML-UHFFFAOYSA-N,240.4749999999999,240.28170115199998,6.733600000000007,0.0,0,0,12,0,0,0,0,1.0,17,0,104,0,-0.029746565304646345,-0.06538203457626415
2990,CCCCCCCCCC#CCCC,528.92,True,QWZXVDGVISCHQH-UHFFFAOYSA-N,194.36199999999997,194.203450832,4.9306000000000045,0.0,0,0,8,0,0,0,0,0.8571428571428571,14,0,82,0,0.008864002509857735,-0.10333359122461848
2991,CCCCCCCCC(C(C)C)O,509.15,True,YOZVHCUUMOCJNG-UHFFFAOYSA-N,186.339,186.198365452,3.753900000000003,20.23,1,1,8,0,0,0,0,1.0,13,1,80,0,0.05626813379126463,-0.3928640148340139
2992,CC(=CCC=C(C)C)C,413.6,True,WCMUAGGUXKQBSS-UHFFFAOYSA-N,124.22699999999999,124.12520051199999,3.308900000000002,0.0,0,0,2,0,0,0,0,0.5555555555555556,9,0,52,0,-0.016422977193173278,-0.08209303995380547
2993,CCC(C)CCCCCC=C,447.52,True,RFSMYVSHKACWAB-UHFFFAOYSA-N,154.297,154.172150704,4.169000000000004,0.0,0,0,7,0,0,0,0,0.8181818181818182,11,0,66,0,-0.03534129172419901,-0.10308297893626205
2994,CCCCCCCCC(C)CCC,496.6,True,UZTXSMATBUWDDZ-UHFFFAOYSA-N,184.36699999999996,184.219100896,5.173200000000005,0.0,0,0,9,0,0,0,0,1.0,13,0,80,0,-0.04429013487887757,-0.06538238322279266
2995,CCCCCCCCCC(C)C(C)C,520.15,True,QBIXLGJCVGNDBJ-UHFFFAOYSA-N,198.394,198.23475095999999,5.419200000000005,0.0,0,0,9,0,0,0,0,1.0,14,0,86,0,-0.04196109860828849,-0.06538238322279266
2996,CCCCCCCCC(C)CC(C)C,507.15,True,AFELDWXNIFIYOC-UHFFFAOYSA-N,198.39399999999998,198.23475095999999,5.419200000000005,0.0,0,0,9,0,0,0,0,1.0,14,0,86,0,-0.04403685024835844,-0.06538238322279266
2997,CCC#CC(C)CC,391.2,True,UCTGGLKZKKZBNO-UHFFFAOYSA-N,110.19999999999997,110.109550448,2.445900000000001,0.0,0,0,1,0,0,0,0,0.75,8,0,46,0,0.017149043441256052,-0.10332593855804077
2998,CCCCCOCCO,458.15,True,QVQDALFNSIKMBH-UHFFFAOYSA-N,132.203,132.115029752,1.1855,29.46,1,2,6,0,0,0,0,1.0,9,2,56,0,0.06971936440823934,-0.3939803427494372
2999,CCC(C)CCCC(C)(C)C,447.15,True,NBIHFQKVSFKHGH-UHFFFAOYSA-N,156.313,156.187800768,4.2489000000000035,0.0,0,0,4,0,0,0,0,1.0,11,0,68,0,-0.03826094880357854,-0.06512830048666586
3000,CCC(C)CCCCCC(C)(C)C,493.37,True,ZXPYELGEJQYCMG-UHFFFAOYSA-N,184.367,184.219100896,5.029100000000005,0.0,0,0,6,0,0,0,0,1.0,13,0,80,0,-0.038261121328362103,-0.06512830049734124
3001,CCCCCCCCCCCCCCCCCCC(C)CC,702.52,True,OSJUENOXPFOHLF-UHFFFAOYSA-N,310.60999999999996,310.359951472,8.684100000000004,0.0,0,0,18,0,0,0,0,1.0,22,0,134,0,-0.04454239142239572,-0.06538238322279266
3002,CCC(C)(C)C(C)(CC)O,438.65,True,QWJDXMFJOMPTCV-UHFFFAOYSA-N,144.25799999999998,144.15141526,2.583600000000001,20.23,1,1,3,0,0,0,0,1.0,10,1,62,0,0.06672418521989176,-0.3896362846813231
3003,CCC(C)(C)C(C(C)C)O,444.86543,True,PDIVDRVTPZNRDZ-UHFFFAOYSA-N,144.25799999999998,144.15141526,2.439500000000001,20.23,1,1,3,0,0,0,0,1.0,10,1,62,0,0.061339882430371126,-0.39230614200585645
3004,CC(CCCC(=C)C)C=C,421.2,True,YXRZFCBXBJIBAP-UHFFFAOYSA-N,138.254,138.140850576,3.5549000000000026,0.0,0,0,5,0,0,0,0,0.6,10,0,58,0,-0.026452882410832174,-0.10281381269363761
3005,CCCCCCCCCCCCCCCCCCCCCCCCCCCCCCCCCCCCCCCCCCC,815.65,True,PKBVGJFKBPLWOD-UHFFFAOYSA-N,605.1770000000002,604.688602816,17.020299999999967,0.0,0,0,40,0,0,0,0,1.0,43,0,260,0,-0.0533059727891157,-0.06538238322279266
3006,CCCCCCCCCCCCC#CCCCC,620.44,True,LSZUIKJDOHTNDU-UHFFFAOYSA-N,250.4699999999999,250.26605108799998,6.491000000000007,0.0,0,0,12,0,0,0,0,0.8888888888888888,18,0,106,0,0.00886400393103144,-0.10332309298001799
3007,CCC(C)C(CC)C(C)C,433.26,True,OSKIMJMPFNLVOU-UHFFFAOYSA-N,142.28599999999997,142.172150704,3.714700000000003,0.0,0,0,4,0,0,0,0,1.0,10,0,62,0,-0.03680288213791364,-0.06511794834691992
3008,CCCCCCCCCCCCCCCCC(C)CCCCCCCCCCCC,885.56,True,LKHFDNVPHQRIMQ-UHFFFAOYSA-N,422.8260000000004,422.485151984,11.804899999999984,0.0,0,0,26,0,0,0,0,1.0,30,0,182,0,-0.04428007560575763,-0.06538238322279266
3009,CCCCCCCCCCCCCCCCCCC(C)CCCCCCCCCC,885.56,True,FKIBKZOPCSLBMO-UHFFFAOYSA-N,422.8260000000003,422.485151984,11.804899999999984,0.0,0,0,26,0,0,0,0,1.0,30,0,182,0,-0.04428007560575763,-0.06538238322279266
3010,CC(C)CC(C)C=C,377.15,True,FEZKAPRRVNNJTK-UHFFFAOYSA-N,112.21599999999998,112.12520051199999,2.8546000000000014,0.0,0,0,3,0,0,0,0,0.75,8,0,48,0,-0.026220814057806623,-0.10281364198567834
3011,CCCC(C)CCCCCC=C,470.4,True,KUIGECHVOHJTNQ-UHFFFAOYSA-N,168.32399999999998,168.187800768,4.559100000000004,0.0,0,0,8,0,0,0,0,0.8333333333333334,12,0,72,0,-0.03534129172418928,-0.10308297893626205
3012,CCCCC(C)CCCCC=C,470.4,True,GYQYQZAGFHPROD-UHFFFAOYSA-N,168.32399999999998,168.187800768,4.559100000000004,0.0,0,0,8,0,0,0,0,0.8333333333333334,12,0,72,0,-0.035341120568408414,-0.1030829789310335
3013,CC(=CCC(=C)C)C,389.7,True,JRFKHZNULLDOGQ-UHFFFAOYSA-N,110.2,110.109550448,2.918800000000002,0.0,0,0,2,0,0,0,0,0.5,8,0,46,0,-0.014180840943974123,-0.09982780760138527
3014,CCCCC(CCC)CCCC,470.15,True,ISHSSTRAYNPQFX-UHFFFAOYSA-N,170.33999999999997,170.203450832,4.783100000000005,0.0,0,0,8,0,0,0,0,1.0,12,0,74,0,-0.04143898290326396,-0.06538220962150448
3015,CC(=C)CCCCCC(=C)C,444.4,True,CTURECVBUDVEDW-UHFFFAOYSA-N,152.281,152.15650064,4.089100000000003,0.0,0,0,6,0,0,0,0,0.6363636363636364,11,0,64,0,-0.03257673964158309,-0.10014093189413811
3016,CCCCCC(C)CC(C)C,451.15,True,JZUUOAUSQCXSTN-UHFFFAOYSA-N,156.313,156.187800768,4.2489000000000035,0.0,0,0,6,0,0,0,0,1.0,11,0,68,0,-0.044036851626344006,-0.06538238184038385
3017,CCCC(CC)(CC)CCC,456.46543,True,WDTMGYSKSAMSPF-UHFFFAOYSA-N,156.313,156.187800768,4.393000000000004,0.0,0,0,6,0,0,0,0,1.0,11,0,68,0,-0.030289785946624397,-0.06536205157552885
3018,CCC(CC)CCC(CC)CC,476.0,True,UTCTYSTYZOAAOS-UHFFFAOYSA-N,170.33999999999997,170.203450832,4.639000000000005,0.0,0,0,7,0,0,0,0,1.0,12,0,74,0,-0.04194301769633136,-0.06511835337807544
3019,CCC(C)CCC(C)(CC)CC,472.15,True,MNXPIOFJFYQCKE-UHFFFAOYSA-N,170.33999999999997,170.203450832,4.639000000000005,0.0,0,0,6,0,0,0,0,1.0,12,0,74,0,-0.03309718979748287,-0.06512829769855327
3020,CCC(C)CCCC(CC)CC,473.15,True,FSGFZSLYTXQNCW-UHFFFAOYSA-N,170.33999999999997,170.203450832,4.639000000000005,0.0,0,0,7,0,0,0,0,1.0,12,0,74,0,-0.04195297362477676,-0.06512830049201337
3021,CCC(C)C(C)C(C)C(C)CC,472.15,True,NADJQGPTQSFIHB-UHFFFAOYSA-N,170.33999999999995,170.203450832,4.350800000000004,0.0,0,0,5,0,0,0,0,1.0,12,0,74,0,-0.03887371783467135,-0.06511811863475746
3022,CCC(C)CCC(C)C(C)CC,473.15,True,HQIBDLHPQGDJEW-UHFFFAOYSA-N,170.33999999999997,170.203450832,4.494900000000004,0.0,0,0,6,0,0,0,0,1.0,12,0,74,0,-0.041698348145441946,-0.06512829910144752
3023,CCC(C)(CC)C(C)(CC)CC,483.15,True,NTQKWVJMJSYRDX-UHFFFAOYSA-N,170.33999999999997,170.203450832,4.639000000000005,0.0,0,0,5,0,0,0,0,1.0,12,0,74,0,-0.02773713892010701,-0.06484284203446349
3024,CCC(CC)CC(C)(CC)CC,470.15,True,RGRSPNWZJFXFAN-UHFFFAOYSA-N,170.33999999999997,170.203450832,4.639000000000005,0.0,0,0,6,0,0,0,0,1.0,12,0,74,0,-0.032844426393120914,-0.0651180051357342
3025,CCCN(CCC)CC=C,414.64,True,URBIUAWKOUCECW-UHFFFAOYSA-N,141.25799999999998,141.151749608,2.2944000000000004,3.24,0,1,6,0,0,0,0,0.7777777777777778,10,1,60,0,0.016009731678344137,-0.2997187968244193
3026,CCCCCCCCCCCCCCCCCC(=C)C,653.76,True,HVUWESKTPPGVAP-UHFFFAOYSA-N,280.53999999999996,280.31300128,7.824000000000008,0.0,0,0,16,0,0,0,0,0.9,20,0,120,0,-0.03257692625116632,-0.10014093189970978
3027,CC(C)CCCCCC=C,424.64,True,DMFDIYIYBVPKNT-UHFFFAOYSA-N,140.26999999999998,140.15650064,3.778900000000003,0.0,0,0,6,0,0,0,0,0.8,10,0,60,0,-0.035341291729483186,-0.10308297893626205
3028,CCCCCC(CC)CCC,457.15,True,UGCQDCMVAKKTQG-UHFFFAOYSA-N,156.313,156.187800768,4.393000000000004,0.0,0,0,7,0,0,0,0,1.0,11,0,68,0,-0.04170092175180566,-0.06538238183511792
3029,CCCCCC(C)CC(C)CC,473.15,True,XXSUEVGKGOUJMD-UHFFFAOYSA-N,170.33999999999997,170.203450832,4.639000000000005,0.0,0,0,7,0,0,0,0,1.0,12,0,74,0,-0.04402691693814669,-0.06538238184038385
3030,CCCCC(C)CC(C)CCC,471.15,True,TVGNRLXIJXKVGD-UHFFFAOYSA-N,170.33999999999995,170.203450832,4.639000000000005,0.0,0,0,7,0,0,0,0,1.0,12,0,74,0,-0.044026915953390415,-0.06538221100120974
3031,CCCC(C)CCC(C)CCC,472.15,True,GCKWUFQALHAZDH-UHFFFAOYSA-N,170.33999999999997,170.203450832,4.639000000000005,0.0,0,0,7,0,0,0,0,1.0,12,0,74,0,-0.04428017735466407,-0.06537242504220275
3032,CCCCCCCCCCCCCCCCCCCC(C)C,702.52,True,JQMPJOXNMWUULP-UHFFFAOYSA-N,310.60999999999996,310.359951472,8.684100000000004,0.0,0,0,18,0,0,0,0,1.0,22,0,134,0,-0.04713257615118824,-0.06538238322279266
3033,CCCCCCCCCCCCCCCCCCCCCCCCCC=C,694.15,True,YYLACZAXCCJCJO-UHFFFAOYSA-N,378.7290000000002,378.422551728,10.554699999999992,0.0,0,0,24,0,0,0,0,0.9259259259259259,27,0,162,0,-0.0353412931099218,-0.10308297893627165
3034,CCCCCCCCCCCCCCCCCCCCCCCC=C,674.15,True,BDWBGSCECOPTTH-UHFFFAOYSA-N,350.6750000000001,350.3912516,9.774499999999996,0.0,0,0,22,0,0,0,0,0.92,25,0,150,0,-0.0353412931099218,-0.10308297893627165
3035,CCCCCCCCCCCCCCCCCCCCCCCCCCCCCC=C,730.15,True,YITPJHKSILJOFQ-UHFFFAOYSA-N,434.8370000000004,434.485151984,12.115099999999982,0.0,0,0,28,0,0,0,0,0.9354838709677419,31,0,186,0,-0.0353412931099218,-0.10308297893627165
3036,CCC(C)CC#C,364.15,True,YFZSGTDENCTWGW-UHFFFAOYSA-N,96.17299999999999,96.093900384,2.0558,0.0,0,0,2,0,0,0,0,0.7142857142857143,7,0,40,0,0.011163519534719247,-0.12009887336630826
3037,CC(=C=C(C(=C)C)C(C)(C)O)C,543.98,True,OOYJYXZAXCOHEW-UHFFFAOYSA-N,166.26399999999998,166.135765196,2.8249000000000013,20.23,1,1,2,0,0,0,0,0.5454545454545454,12,1,68,0,0.09135661595900796,-0.38509833375250174
3038,CCCCCCC(C)(C)CC,455.15,True,HTRYNYZYFGHKDV-UHFFFAOYSA-N,156.313,156.187800768,4.393000000000004,0.0,0,0,6,0,0,0,0,1.0,11,0,68,0,-0.03568366315225175,-0.06538238321217113
3039,CCCCCCCC(CC)CC,480.22385,True,ZBDDVSBBCGZQDV-UHFFFAOYSA-N,170.33999999999997,170.203450832,4.783100000000005,0.0,0,0,8,0,0,0,0,1.0,12,0,74,0,-0.041953146069188395,-0.06538238322278293
3040,CCCCCCC(CC)CC,461.15,True,FKJSIWPQZCKMIL-UHFFFAOYSA-N,156.313,156.187800768,4.393000000000004,0.0,0,0,7,0,0,0,0,1.0,11,0,68,0,-0.04195314607443849,-0.06538238321749648
3041,CCCCCCCC(C)CCCCCC,542.36,True,QUMVEMCGRQYIQG-UHFFFAOYSA-N,212.42099999999994,212.25040102399998,5.9534000000000065,0.0,0,0,11,0,0,0,0,1.0,15,0,92,0,-0.04428007561102656,-0.06538238322278293
3042,CCCCCCCCCC(C)CCCCCCCCC,656.76,True,MIKKTERVKUURCM-UHFFFAOYSA-N,282.556,282.328651344,7.903900000000008,0.0,0,0,16,0,0,0,0,1.0,20,0,122,0,-0.04428007560575763,-0.06538238322279266
3043,CCCCC#CCO,460.94,True,OGDYROFIIXDTQK-UHFFFAOYSA-N,112.17199999999998,112.088815004,1.1723000000000001,20.23,1,1,2,0,0,0,0,0.7142857142857143,8,1,46,0,0.10373014320518519,-0.3836557912788238
3044,CCCCCC(C)(C)C(C)C,455.15,True,KFYWDCDWVPXXCA-UHFFFAOYSA-N,156.313,156.187800768,4.2489000000000035,0.0,0,0,5,0,0,0,0,1.0,11,0,68,0,-0.03311516371776542,-0.06538238044035294
3045,CCC(CCCC(C)C)C(C)C,469.15,True,XEMFRSYZKNPRTA-UHFFFAOYSA-N,170.34,170.203450832,4.494900000000004,0.0,0,0,6,0,0,0,0,1.0,12,0,74,0,-0.039372624596867065,-0.06510833904897298
3046,CCC(C)(CC)C(C)O,471.15,True,SLBLSROGXMXPPF-UHFFFAOYSA-N,130.231,130.135765196,2.1935000000000007,20.23,1,1,3,0,0,0,0,1.0,9,1,56,0,0.05649600383149898,-0.3928515835640068
3047,CCCCCC(C)C(C)O,496.82,True,WQADSKJNOTZWML-UHFFFAOYSA-N,144.25799999999998,144.15141526,2.583600000000001,20.23,1,1,5,0,0,0,0,1.0,10,1,62,0,0.05371429446272936,-0.39314126373337105
3048,CC(CCCC(=C)C)CCO,516.7,True,JGQFVRIQXUFPAH-UHFFFAOYSA-N,156.269,156.15141526,2.751300000000001,20.23,1,1,6,0,0,0,0,0.8,11,1,66,0,0.0433064855994453,-0.3963658949093974
3049,CCCCCCC(CCC(C)C)O,565.46,True,IHRNKXOJQXUPBE-UHFFFAOYSA-N,186.339,186.198365452,3.753900000000003,20.23,1,1,8,0,0,0,0,1.0,13,1,80,0,0.053994620526363814,-0.39313120021288006
3050,CCC(C)C(C)CCC(C)C,451.15,True,VHBZECSWMWWTMQ-UHFFFAOYSA-N,156.313,156.187800768,4.104800000000004,0.0,0,0,5,0,0,0,0,1.0,11,0,68,0,-0.04169852012582746,-0.06511829422164182
3051,CCC(C)CC(C)CC(C)C,447.15,True,XHNIFDXYGLPJLP-UHFFFAOYSA-N,156.313,156.187800768,4.104800000000004,0.0,0,0,5,0,0,0,0,1.0,11,0,68,0,-0.043783692901628174,-0.06512812728358393
3052,CCC(C)CC(C)C(C)(C)C,447.15,True,KXNFNEAZTWCHIL-UHFFFAOYSA-N,156.313,156.187800768,4.104800000000004,0.0,0,0,3,0,0,0,0,1.0,11,0,68,0,-0.03568107791921451,-0.06512812448412914
3053,CCCCCCCCCCCCCCCCC(C)CCCC(C)CCCC(C)CCCCCCCCCCCC,1113.48,True,USOBDKVYQJYRLI-UHFFFAOYSA-N,563.0960000000003,562.641652624,15.41769999999996,0.0,0,0,34,0,0,0,0,1.0,40,0,242,0,-0.04427973072658069,-0.06538238322279266
3054,CCCCC(CCC)CC(C)CC,496.16,True,XHJWMVOQYQFTBM-UHFFFAOYSA-N,184.367,184.219100896,5.029100000000005,0.0,0,0,8,0,0,0,0,1.0,13,0,80,0,-0.04118568435090004,-0.0653822096161777
3055,CCCCCNCC,409.15,True,ICVFPLUSMYSIFO-UHFFFAOYSA-N,115.22,115.13609954399999,1.7861,12.03,1,1,5,0,0,0,0,1.0,8,1,50,0,-0.004903655762444329,-0.3170070934099282
3056,CCCCCCCCCN(C)C,488.15,True,AMAADDMFZSZCNT-UHFFFAOYSA-N,171.328,171.19869979999999,3.298600000000002,3.24,0,1,8,0,0,0,0,1.0,12,1,74,0,-0.0024836425930573887,-0.30939993843088753
3057,CC(C)N(C)C(C)C,383.65,True,ISRXMEYARGEVIU-UHFFFAOYSA-N,115.21999999999998,115.13609954399999,1.735,3.24,0,1,2,0,0,0,0,1.0,8,1,50,0,0.003819440090102676,-0.30157163477807464
3058,CCCCCCCCCCCCC#CCC,559.15,True,HRFPRVYNMNOAQO-UHFFFAOYSA-N,222.41599999999994,222.23475095999999,5.710800000000006,0.0,0,0,10,0,0,0,0,0.875,16,0,94,0,0.008863823231915792,-0.10361163348989963
3059,CC(=C)C(CCC(C)(C=C)O)O,602.33,True,HZHJGFRDKJPQPV-UHFFFAOYSA-N,170.252,170.130679816,1.6406,40.46,2,2,5,0,0,0,0,0.6,12,2,70,0,0.07976676618539218,-0.3887854746906211
3060,CC(C)C(C)C(C)CO,456.15,True,PAZDSSMTPLLLIR-UHFFFAOYSA-N,130.231,130.135765196,1.9068999999999998,20.23,1,1,3,0,0,0,0,1.0,9,1,56,0,0.04587701909246598,-0.3960881028923611
3061,CCCCC#CC(C)(C)C,434.17,True,XBLMXBDWMYMTLK-UHFFFAOYSA-N,138.254,138.140850576,3.2261000000000024,0.0,0,0,2,0,0,0,0,0.8,10,0,58,0,0.022981760153224565,-0.10276095033242964
3062,CC(=CCCCC=C)C,416.85,True,UCKITPBQPGXDHV-UHFFFAOYSA-N,124.227,124.12520051199999,3.308900000000002,0.0,0,0,4,0,0,0,0,0.5555555555555556,9,0,52,0,-0.03453087384045328,-0.10308279363246993
3063,CCCN(C)CCC,388.4,True,UVBMZKBIZUWTLV-UHFFFAOYSA-N,115.21999999999998,115.13609954399999,1.7382,3.24,0,1,4,0,0,0,0,1.0,8,1,50,0,-0.0024419702901540175,-0.30638932268239344
3064,CCCCC(C)(CC(C)C)O,516.91,True,VRFMFHBPJUSGFK-UHFFFAOYSA-N,158.285,158.167065324,2.9737000000000022,20.23,1,1,5,0,0,0,0,1.0,11,1,68,0,0.062180744591757244,-0.3901730841265903
3065,C[C@H](CCO)O,475.04,True,PUPZLCDOIYMWBV-SCSAIBSYSA-N,90.12199999999999,90.06807956,-0.25039999999999996,40.46,2,2,2,0,0,0,0,1.0,6,2,38,0,0.05334957508052504,-0.39627512172883306
3066,CCCC/C=C/CCCC,444.45,True,UURSXESKOOOTOV-MDZDMXLPSA-N,140.26999999999998,140.15650064,3.9230000000000027,0.0,0,0,6,0,0,0,0,0.8,10,0,60,0,-0.035083534843657525,-0.08853945863807447
3067,CC/C=C/CC,340.21,True,ZQDPJFUHLCOCRG-AATRIKPKSA-N,84.162,84.093900384,2.3626000000000005,0.0,0,0,2,0,0,0,0,0.6666666666666666,6,0,36,0,-0.03793270846774509,-0.08882374820554795
3068,CC(C)/C=C/C(C)C,375.21134,True,KNCMKWVOMRUHKZ-AATRIKPKSA-N,112.21599999999998,112.12520051199999,2.8546000000000014,0.0,0,0,2,0,0,0,0,0.75,8,0,48,0,-0.02903241642124311,-0.08571244635908129
3069,C/C=C(\\C)/C(C)C,364.15,True,PPBWEVVDSRKEIK-FNORWQNLSA-N,98.18899999999998,98.109550448,2.608600000000001,0.0,0,0,1,0,0,0,0,0.7142857142857143,7,0,42,0,-0.026299849864092784,-0.08847555223595195
3070,C/C=C(\\C)/C=C,350.15,True,BOGRNZQRTNVZCZ-AATRIKPKSA-N,82.14599999999999,82.07825032,2.1386000000000003,0.0,0,0,1,0,0,0,0,0.3333333333333333,6,0,34,0,-0.04012296511332252,-0.0988134538865661
3071,C/C=C/C=C/C,353.15,True,APPOKADJQUIAHP-GGWOSOGESA-N,82.146,82.07825032,2.1386000000000003,0.0,0,0,1,0,0,0,0,0.3333333333333333,6,0,34,0,-0.04667849643437667,-0.08767230365496724
3072,CC(=CCC/C(=C/CC/C(=C/CC/C=C(/CC/C=C(/CCC=C(C)C)\\C)\\C)/C)/C)C,694.45,True,YYGNTYWPHWGJRM-AAJYLUCBSA-N,410.73000000000025,410.3912516,10.604999999999992,0.0,0,0,15,0,0,0,0,0.6,30,0,170,0,-0.0288251916899103,-0.08557122401572562
3073,C[C@H](C#C)O,382.65,True,GKPOMITUDGXOSB-SCSAIBSYSA-N,70.091,70.041864812,0.00040000000000001146,20.23,1,1,0,0,0,0,0,0.5,5,1,28,0,0.11121115883529961,-0.38068943106612235
3074,CCCC/C=C/CC,396.35,True,YCTDZYMMFQCTEO-FNORWQNLSA-N,112.21599999999998,112.12520051199999,3.142800000000002,0.0,0,0,4,0,0,0,0,0.75,8,0,48,0,-0.03508370882088122,-0.08881350195100242
3075,CCC/C=C/C,341.15,True,RYPKRALMXUUNKS-HWKANZROSA-N,84.16199999999999,84.093900384,2.3626000000000005,0.0,0,0,2,0,0,0,0,0.6666666666666666,6,0,36,0,-0.03534645830278346,-0.09166437222257405
3076,CCCC/C=C/C,371.15,True,OTTZHAVKAVGASB-HWKANZROSA-N,98.18899999999998,98.109550448,2.752700000000001,0.0,0,0,3,0,0,0,0,0.7142857142857143,7,0,42,0,-0.03509387329465243,-0.09166420096099578
3077,CC[C@H](C)CCO,426.0,True,IWTBVKIGCDZRPL-LURJTMIESA-N,102.17699999999999,102.104465068,1.4149,20.23,1,1,3,0,0,0,0,1.0,7,1,44,0,0.04330630932774035,-0.3963658963780811
3078,C/C=C/CCCO,432.15,True,VTIODUHBZHNXFP-NSCUHMNNSA-N,100.161,100.088815004,1.335,20.23,1,1,3,0,0,0,0,0.6666666666666666,7,1,42,0,0.04334790188211047,-0.3963648379423641
3079,C/C=C/C=C/CO,437.38,True,MEIRRNXMZYDVDW-MQQKCMAXSA-N,98.145,98.07316494,1.111,20.23,1,1,2,0,0,0,0,0.3333333333333333,7,1,40,0,0.06149635415267204,-0.39229581723924534
3080,CC/C(=C/C)/C,340.82,True,BEQGRRJLJLVQAQ-GQCTYLIASA-N,84.16199999999999,84.093900384,2.3626000000000005,0.0,0,0,1,0,0,0,0,0.6666666666666666,6,0,36,0,-0.035176970755015434,-0.08874490670870167
3081,CC/C=C\\CC,339.55,True,ZQDPJFUHLCOCRG-WAYWQWQTSA-N,84.162,84.093900384,2.3626000000000005,0.0,0,0,2,0,0,0,0,0.6666666666666666,6,0,36,0,-0.03793270846774509,-0.08882374820554795
3082,C/C=C(/C)\\C(C)C,365.15,True,PPBWEVVDSRKEIK-ALCCZGGFSA-N,98.18899999999998,98.109550448,2.608600000000001,0.0,0,0,1,0,0,0,0,0.7142857142857143,7,0,42,0,-0.026299849864092784,-0.08847555223595195
3083,C/C=C/C=C\\C,356.15,True,APPOKADJQUIAHP-CIIODKQPSA-N,82.146,82.07825032,2.1386000000000003,0.0,0,0,1,0,0,0,0,0.3333333333333333,6,0,34,0,-0.04667849643437667,-0.08767230365496724
3084,C/C=C\\CO,396.15,True,WCASXYBKJHWFMY-IHWYPQMZSA-N,72.107,72.057514876,0.5548,20.23,1,1,1,0,0,0,0,0.5,5,1,30,0,0.06118185980250814,-0.39230770670876625
3085,C(/C=C\\CO)O,508.15,True,ORTVZLZNOYNASJ-UPHRSURJSA-N,88.10599999999998,88.052429496,-0.4728,40.46,2,2,2,0,0,0,0,0.5,6,2,36,0,0.061274561501024574,-0.3923060469272983
3086,CC(=CCC/C(=C\\CO)/C)C,502.15,True,GLZPCOQZEFWAFX-YFHOEESVSA-N,154.253,154.135765196,2.671400000000001,20.23,1,1,4,0,0,0,0,0.6,11,1,64,0,0.06144351054774095,-0.39229736991721587
3087,CCC/C=C\\C,342.05,True,RYPKRALMXUUNKS-HYXAFXHYSA-N,84.16199999999999,84.093900384,2.3626000000000005,0.0,0,0,2,0,0,0,0,0.6666666666666666,6,0,36,0,-0.03534645830278346,-0.09166437222257405
3088,CCCC/C=C\\C,370.15,True,OTTZHAVKAVGASB-HYXAFXHYSA-N,98.18899999999998,98.109550448,2.752700000000001,0.0,0,0,3,0,0,0,0,0.7142857142857143,7,0,42,0,-0.03509387329465243,-0.09166420096099578
3089,CC/C(=C\\C)/C,343.55,True,BEQGRRJLJLVQAQ-XQRVVYSFSA-N,84.16199999999999,84.093900384,2.3626000000000005,0.0,0,0,1,0,0,0,0,0.6666666666666666,6,0,36,0,-0.035176970755015434,-0.08874490670870167
3090,CC(C)C[C@@](C)(C#C)O,421.15,True,NECRQCBKTGZNMH-MRVPVSSYSA-N,126.19899999999997,126.104465068,1.4166999999999998,20.23,1,1,2,0,0,0,0,0.75,9,1,52,0,0.12223013031169176,-0.37791076757810327
3091,CCC[C@](C)(C#C)O,410.15,True,DTGUZRPEDLHAAO-ZETCQYMHSA-N,112.17199999999997,112.088815004,1.1706999999999999,20.23,1,1,2,0,0,0,0,0.7142857142857143,8,1,46,0,0.12197694979084536,-0.37792179863717207
3092,CC(=CCC/C(=C/CC/C(=C\\CO)/C)/C)C,647.1,True,CRDAMVZIKSXKFV-PVMFERMNSA-N,222.37199999999999,222.198365452,4.3979000000000035,20.23,1,1,7,0,0,0,0,0.6,16,1,92,0,0.06144351054775057,-0.39229736991721587
3093,CCCCCCCCOCCOCCO,611.18,True,NDSYZZUVPRGESW-UHFFFAOYSA-N,218.33699999999996,218.188194692,2.372400000000001,38.69,1,3,12,0,0,0,0,1.0,15,3,92,0,0.07011205674362406,-0.3939803248745099
3094,CCCCCCCCOCCOCCOCCO,679.36,True,XIVLVYLYOMHUGB-UHFFFAOYSA-N,262.38999999999993,262.21440944,2.3890000000000007,47.92,1,4,15,0,0,0,0,1.0,18,4,110,0,0.07011439360108675,-0.39398032487450974
3095,CCCCCC[C@H](C)O,449.65,True,SJWFXCIHNDVPSH-QMMMGPOBSA-N,130.231,130.135765196,2.3376000000000006,20.23,1,1,5,0,0,0,0,1.0,9,1,56,0,0.05116668312937806,-0.393419269033318
3096,CCCCC[C@H](C)O,431.4,True,CETWDUZRCINIHU-ZETCQYMHSA-N,116.20399999999998,116.120115132,1.9475000000000002,20.23,1,1,4,0,0,0,0,1.0,8,1,50,0,0.0511666817432466,-0.3934192690388673
3097,CCCCC[C@@H](C=C)O,447.15,True,VSMOENVRRABVKN-MRVPVSSYSA-N,128.21499999999997,128.120115132,2.1136000000000004,20.23,1,1,5,0,0,0,0,0.75,9,1,54,0,0.07178455473957934,-0.38906063596882545
3098,CCCCCCCCCCCCCCCCCCCC=C,676.76,True,JTOGFHAZQVDOAO-UHFFFAOYSA-N,294.56699999999995,294.328651344,8.214100000000007,0.0,0,0,18,0,0,0,0,0.9047619047619048,21,0,126,0,-0.0353412931099218,-0.10308297893627165
3099,CCCCCCCCC(C=C)O,539.7,True,NAOMHUDQUVEWEF-UHFFFAOYSA-N,170.296,170.167065324,3.2839000000000023,20.23,1,1,8,0,0,0,0,0.8181818181818182,12,1,72,0,0.07178455613334979,-0.38906063596321055
3100,CC(C)CCCC(C)CCCC(C)O,587.9,True,GNJORAZPXCKMSY-UHFFFAOYSA-N,200.36599999999999,200.21401551600002,3.9999000000000033,20.23,1,1,8,0,0,0,0,1.0,14,1,86,0,0.05116685707466661,-0.3934192675659511
3101,CC(CC(C)O)CC(C)(C)C,516.47,True,FHQUDZUTAZYJRH-UHFFFAOYSA-N,158.28499999999997,158.167065324,2.829600000000001,20.23,1,1,3,0,0,0,0,1.0,11,1,68,0,0.051420758070742506,-0.3934085552353492
3102,CCC(C)(C(C)O)O,517.57,True,RLWWHEFTJSHFRN-UHFFFAOYSA-N,118.17599999999996,118.099379688,0.5282,40.46,2,2,2,0,0,0,0,1.0,8,2,50,0,0.08716944834105439,-0.3904351179072982
3103,CCCC(CC(C)CC)CO,481.65,True,VZXWJVFQXZUFQS-UHFFFAOYSA-N,158.285,158.167065324,2.831200000000002,20.23,1,1,6,0,0,0,0,1.0,11,1,68,0,0.04588631481031272,-0.39608798485963587
3104,CCC(C)(CCCC(C)CCCC(C)CCCC(C)C)O,744.83,True,CVPIIXFZNPKANT-UHFFFAOYSA-N,298.55499999999995,298.323565964,6.586500000000008,20.23,1,1,13,0,0,0,0,1.0,21,1,128,0,0.06167552630283548,-0.39019451899167573
3105,CC(CCCCN)C(C)(C)N,505.15,True,HUXPKQXHDPXCMM-UHFFFAOYSA-N,158.28900000000002,158.17829870399999,1.4888,52.04,2,2,5,0,0,0,0,1.0,11,2,68,0,0.012273654403844193,-0.3304735025047399
3106,CC/C(=C(/C)\\CC)/C,395.15,True,XTUXVDJHGIEBAA-FPLPWBNLSA-N,112.21599999999998,112.12520051199999,3.142800000000002,0.0,0,0,2,0,0,0,0,0.75,8,0,48,0,-0.03490793357461401,-0.07468222520125278
3107,CC/C(=C(\\C)/CC)/C,392.4,True,XTUXVDJHGIEBAA-BQYQJAHWSA-N,112.21599999999998,112.12520051199999,3.142800000000002,0.0,0,0,2,0,0,0,0,0.75,8,0,48,0,-0.03490793357461401,-0.07468222520125278
3108,CCC(C)CCN,395.15,True,JLAUIBFZZUVOBB-UHFFFAOYSA-N,101.19300000000001,101.12044947999999,1.3813,26.02,1,1,3,0,0,0,0,1.0,7,1,44,0,-0.007473717358036413,-0.3304631911211864
3109,CCCCO[C@@H](CC)CO,496.8,True,BJZYYSAMLOBSDY-QMMMGPOBSA-N,146.23,146.130679816,1.5739999999999998,29.46,1,2,6,0,0,0,0,1.0,10,2,62,0,0.08026457625340719,-0.39367857866581313
3110,C=CCOCC(CO)(CO)CO,675.05,True,RFIMISVNSAUMBU-UHFFFAOYSA-N,176.212,176.104858992,-0.8477000000000003,69.92,3,4,7,0,0,0,0,0.75,12,4,72,0,0.06446789314694855,-0.3955226749847163
3111,CCC(CC)(C(C)(C)C)O,447.15,True,CFWIFHZJKFFDFU-UHFFFAOYSA-N,144.25799999999998,144.15141526,2.583600000000001,20.23,1,1,2,0,0,0,0,1.0,10,1,62,0,0.06901123745629098,-0.3893689053950868
3112,CCCCC(CC(C)O)O,566.12,True,HOWLAKMIIWUJEJ-UHFFFAOYSA-N,146.23,146.130679816,1.3084,40.46,2,2,5,0,0,0,0,1.0,10,2,62,0,0.056432629595345674,-0.39331728042857583
3113,CCC(C)C(C)C(C)C(C)C,452.15,True,LGUFKOOYNDNVNP-UHFFFAOYSA-N,156.31299999999996,156.187800768,3.9607000000000037,0.0,0,0,4,0,0,0,0,1.0,11,0,68,0,-0.038883691041810636,-0.06511811864012576
3114,CCC#CC(C)(C)O,419.15,True,SPLYFWRRAFIWQH-UHFFFAOYSA-N,112.17199999999997,112.088815004,1.1706999999999999,20.23,1,1,0,0,0,0,0,0.7142857142857143,8,1,46,0,0.11946405840484202,-0.3782057772884431
3115,C(CCCCCCCCCCO)CCCCCCCCCO,841.56,True,PGMMMHFNKZSYEP-UHFFFAOYSA-N,314.55400000000003,314.318480584,5.992800000000008,40.46,2,2,19,0,0,0,0,1.0,22,2,134,0,0.043052407228889096,-0.39637656934228244
3116,CCCCC(C(C)CC)O,453.15,True,MJOKZMZDONULOD-UHFFFAOYSA-N,144.25799999999998,144.15141526,2.583600000000001,20.23,1,1,5,0,0,0,0,1.0,10,1,62,0,0.056521100048278726,-0.39285332016303215
3117,CCC(C)(C)CCO,440.15,True,IFDHMBHPLKHMOY-UHFFFAOYSA-N,116.20399999999998,116.120115132,1.8050000000000002,20.23,1,1,3,0,0,0,0,1.0,8,1,50,0,0.043561386913919344,-0.396355147472219
3118,CCC(C(C)C)C(C)C(C)C,450.15,True,LDKMZLRIVWGQRW-UHFFFAOYSA-N,156.313,156.187800768,3.9607000000000037,0.0,0,0,4,0,0,0,0,1.0,11,0,68,0,-0.03654912216616355,-0.06509813908306766
3119,CCCCCCCCCNC,480.15,True,OZIXTIPURXIEMB-UHFFFAOYSA-N,157.30100000000002,157.183049736,2.9564000000000012,12.03,1,1,8,0,0,0,0,1.0,11,1,68,0,-0.005192353633838563,-0.3197521233783683
3120,CCCCCCC(C)C(C)O,519.7,True,QCBDLZKDRUKOFS-UHFFFAOYSA-N,158.285,158.167065324,2.9737000000000022,20.23,1,1,6,0,0,0,0,1.0,11,1,68,0,0.05371429446805822,-0.3931412637333608
3121,CC(C)(C)OCC(CO)O,562.87,True,JPWDLYMEUNBLIR-UHFFFAOYSA-N,148.202,148.109944372,0.15470000000000017,49.69,2,3,3,0,0,0,0,1.0,10,3,62,0,0.1003504185777803,-0.39359313628957054
3122,CC(CC/C=C(\\C)/CCC=C(C)C)CCO,642.62,True,OOOOFOPLSIWRAR-NTEUORMPSA-N,224.38799999999998,224.21401551600002,4.477800000000005,20.23,1,1,8,0,0,0,0,0.7333333333333333,16,1,94,0,0.043306671825942444,-0.3963658933537243
3123,C[C@@H](CCC[C@@H](C)CCC/C(=C/CO)/C)CCCC(C)C,752.1,True,BOTWFXYSPFMFNR-PYDDKJGSSA-N,296.539,296.3079159,6.364100000000008,20.23,1,1,13,0,0,0,0,0.9,21,1,126,0,0.06144332680360647,-0.39229737144489657
3124,CC/C=C\\CCO,430.15,True,UFLHIIWVXFIJGU-ARJAWSKDSA-N,100.161,100.088815004,1.335,20.23,1,1,3,0,0,0,0,0.6666666666666666,7,1,42,0,0.046502131114836774,-0.39605447798452764
3125,CC(=CCC/C(=C/C/C=C(\\C)/C=C)/C)C,398.15,True,CXENHBSYCFFKJS-VDQVFBMKSA-N,204.35699999999997,204.187800768,5.201500000000005,0.0,0,0,6,0,0,0,0,0.4666666666666667,15,0,84,0,-0.016087914773067962,-0.09881309820557128
3126,CC(=CCC/C(=C/CCC(=C)C=C)/C)C,544.12,True,JSNRRGGBADWTMC-NTCAYCPXSA-N,204.35699999999997,204.187800768,5.201500000000005,0.0,0,0,7,0,0,0,0,0.4666666666666667,15,0,84,0,-0.025013546760074504,-0.09881252036791494
3127,CC(=CC/C=C(\\C)/C=C)C,346.15,True,IHPKGUQCSIINRJ-CSKARUKUSA-N,136.238,136.125200512,3.4750000000000023,0.0,0,0,3,0,0,0,0,0.4,10,0,56,0,-0.016098494812339142,-0.09881309820558076
3128,CC/C=C/CCO,426.15,True,UFLHIIWVXFIJGU-ONEGZZNKSA-N,100.161,100.088815004,1.335,20.23,1,1,3,0,0,0,0,0.6666666666666666,7,1,42,0,0.046502131114836774,-0.39605447798452764
3129,CC(=CCC/C(=C/CCC(C)(C=C)O)/C)C,395.15,True,FQTLCLSUCSAZDY-SDNWHVSQSA-N,222.37199999999999,222.198365452,4.396300000000004,20.23,1,1,7,0,0,0,0,0.6,16,1,92,0,0.07995432892911318,-0.38609150255511393
3130,C/C=C\\C,276.87,True,IAQRGUVFOMOMEM-ARJAWSKDSA-N,56.108000000000004,56.062600255999996,1.5824,0.0,0,0,0,0,0,0,0,0.5,4,0,24,0,-0.047001923410199216,-0.09194211202026763
3131,C[C@H](CC(C)(C)O)O,470.15,True,SVTBMSDMJJWYQN-RXMQYKEDSA-N,118.17599999999997,118.099379688,0.5282,40.46,2,2,2,0,0,0,0,1.0,8,2,50,0,0.06157732087321983,-0.3933060128156288
3132,CCC/C=C/CCO,442.65,True,SDZQUCJFTUULJX-SNAWJCMRSA-N,114.18799999999999,114.104465068,1.7250999999999999,20.23,1,1,4,0,0,0,0,0.7142857142857143,8,1,48,0,0.046502132513314545,-0.39605447797896004
3133,CC(=C)CC/C=C(\\C)/C=C,354.15,True,XJPBRODHZKDRCB-CSKARUKUSA-N,136.23799999999997,136.125200512,3.4750000000000023,0.0,0,0,4,0,0,0,0,0.4,10,0,56,0,-0.029082411606143874,-0.10012973575067347
3134,CC(=CC/C=C(/C)\\C=C)C,433.16,True,IHPKGUQCSIINRJ-NTMALXAHSA-N,136.238,136.125200512,3.4750000000000023,0.0,0,0,3,0,0,0,0,0.4,10,0,56,0,-0.016098494812339142,-0.09881309820558076
3135,C/C=C\\C=C/C,355.55,True,APPOKADJQUIAHP-GLIMQPGKSA-N,82.146,82.07825032,2.1386000000000003,0.0,0,0,1,0,0,0,0,0.3333333333333333,6,0,34,0,-0.04667849643437667,-0.08767230365496724
3136,C/C=C\\C(C)(C)C,349.89151,True,BIDIHFPLDRSAMB-WAYWQWQTSA-N,98.189,98.109550448,2.608600000000001,0.0,0,0,0,0,0,0,0,0.7142857142857143,7,0,42,0,-0.02032773133647175,-0.09113586744108519
3137,C/C=C\\C(C)C,329.55,True,LGAQJENWWYGFSN-PLNGDYQASA-N,84.162,84.093900384,2.2184999999999997,0.0,0,0,1,0,0,0,0,0.6666666666666666,6,0,36,0,-0.029052811982983727,-0.09140569170863219
3138,CC/C=C\\C,310.05,True,QMMOXUPEWRXHJS-HYXAFXHYSA-N,70.135,70.07825032,1.9725,0.0,0,0,1,0,0,0,0,0.6,5,0,30,0,-0.03794287307367419,-0.0916744470464646
3139,CC/C=C/C,309.45,True,QMMOXUPEWRXHJS-HWKANZROSA-N,70.135,70.07825032,1.9725,0.0,0,0,1,0,0,0,0,0.6,5,0,30,0,-0.03794287307367419,-0.0916744470464646
3140,CCCCCCCCCCCC/C=C/C,546.96,True,PIKNPBDDTPJRGQ-HWKANZROSA-N,210.40499999999997,210.23475095999999,5.873500000000006,0.0,0,0,11,0,0,0,0,0.8666666666666667,15,0,90,0,-0.03508380584503736,-0.09166419959213364
3141,CC/C=C\\C/C=C/C=C/C=C,460.44,True,JXRWPVZILDJGFO-QVKHCOBZSA-N,148.24899999999997,148.125200512,3.6411000000000024,0.0,0,0,5,0,0,0,0,0.2727272727272727,11,0,60,0,-0.01660597403781554,-0.09906582025179002
3142,CC/C=C(\\C)/CC,367.15,True,FHHSSXNRVNXTBG-VOTSOKGWSA-N,98.189,98.109550448,2.752700000000001,0.0,0,0,2,0,0,0,0,0.7142857142857143,7,0,42,0,-0.03516676861003716,-0.0858948092194275
3143,CC(C)(/C=C/CC(C)(C=C)O)O,607.14,True,QEOHJVNDENHRCH-VOTSOKGWSA-N,170.25199999999998,170.130679816,1.6406,40.46,2,2,4,0,0,0,0,0.6,12,2,70,0,0.08308476433154112,-0.38638354648228745
3144,C/C=C(/C)\\CCC=C(C)C,441.15,True,MZPDTOMKQCMETI-YHYXMXQVSA-N,138.254,138.140850576,3.6990000000000025,0.0,0,0,3,0,0,0,0,0.6,10,0,58,0,-0.028835934108703134,-0.08872342521014694
3145,CCCCCC/C=C/CCO,524.74,True,MTIJDFJGPCJFKE-BQYQJAHWSA-N,156.26899999999998,156.15141526,2.8954000000000018,20.23,1,1,7,0,0,0,0,0.8,11,1,66,0,0.046502132518656085,-0.3960544779789498
3146,CC/C=C/C(C)C,361.15,True,IQANHWBWTVLDTP-AATRIKPKSA-N,98.189,98.109550448,2.608600000000001,0.0,0,0,2,0,0,0,0,0.7142857142857143,7,0,42,0,-0.02904264889215319,-0.08855501123374397
3147,CCCC(C)/C=C/C,387.15,True,SVGLFIBXFVQUQY-GQCTYLIASA-N,112.21599999999998,112.12520051199999,2.9987000000000013,0.0,0,0,3,0,0,0,0,0.75,8,0,48,0,-0.026216952373703164,-0.09139539822555129
3148,CCC/C=C/C(C)(C)C,406.45,True,BQOCYCICSYUPRF-BQYQJAHWSA-N,126.24299999999998,126.14085057599999,3.3888000000000025,0.0,0,0,2,0,0,0,0,0.7777777777777778,9,0,54,0,-0.020317397029787302,-0.08802129988777188
3149,CCC/C(=C/C)/C,367.65,True,JZMUUSXQSKCZNO-FNORWQNLSA-N,98.18899999999998,98.109550448,2.752700000000001,0.0,0,0,2,0,0,0,0,0.7142857142857143,7,0,42,0,-0.03258150000263613,-0.08873479253673282
3150,CCC(C)/C(=C/C)/C,389.15,True,FMNLVKMLDPGPRY-FNORWQNLSA-N,112.21599999999998,112.12520051199999,2.9987000000000013,0.0,0,0,2,0,0,0,0,0.75,8,0,48,0,-0.023717167286206833,-0.08846539158373921
3151,CCCCC/C=C\\C/C=C\\CCCCCC=C,593.56,True,XFZBIINLEPBMDY-NERFDCTISA-N,234.4269999999999,234.23475095999999,6.2057000000000055,0.0,0,0,12,0,0,0,0,0.6470588235294118,17,0,98,0,-0.01691858976849719,-0.10308297893073642
3152,CCCCCCCCCC/C=C/CC,524.08,True,QKTFNIWYLYTNIS-FNORWQNLSA-N,196.378,196.219100896,5.483400000000006,0.0,0,0,10,0,0,0,0,0.8571428571428571,14,0,84,0,-0.0350736413729191,-0.088813500582038
3153,CCCCCCCCC/C=C/C,478.32,True,ADOQBZAVKYCFOI-HWKANZROSA-N,168.324,168.187800768,4.703200000000004,0.0,0,0,8,0,0,0,0,0.8333333333333334,12,0,72,0,-0.03508380584503737,-0.09166419959213364
3154,CCCCCCC/C=C/CCCCCC,546.96,True,ZXFYKYSBFXNVIG-FYWRMAATSA-N,210.40499999999992,210.23475095999999,5.873500000000006,0.0,0,0,11,0,0,0,0,0.8666666666666667,15,0,90,0,-0.035073467395724,-0.08853928216145977
3155,CCCCCCC/C=C/CCCCC,524.08,True,BIODCQQZTGWGNH-ACCUITESSA-N,196.37799999999993,196.219100896,5.483400000000006,0.0,0,0,10,0,0,0,0,0.8571428571428571,14,0,84,0,-0.03507346739573361,-0.08853928355034026
3156,CC(=CCC/C(=C\\CC[C@@](C)(C=C)O)/C)C,395.15,True,FQTLCLSUCSAZDY-QKXCFHHRSA-N,222.37199999999999,222.198365452,4.396300000000004,20.23,1,1,7,0,0,0,0,0.6,16,1,92,0,0.07995432892911318,-0.38609150255511393
3157,CCCCCCCC/C=C\\CCCCCCCCN,612.15,True,QGLWBTPVKHMVHM-KTKRTIGZSA-N,267.5009999999999,267.292600184,5.982600000000005,26.02,1,1,15,0,0,0,0,0.8888888888888888,19,1,114,0,-0.007727546703952435,-0.3304735039634225
3158,CCCCC/C=C\\C,398.75,True,ILPBINAXDRFYPL-HYXAFXHYSA-N,112.21599999999998,112.12520051199999,3.142800000000002,0.0,0,0,4,0,0,0,0,0.75,8,0,48,0,-0.035083978327509785,-0.09166419959733818
3159,CCC/C(=C\\C)/C,370.15,True,JZMUUSXQSKCZNO-ALCCZGGFSA-N,98.18899999999998,98.109550448,2.752700000000001,0.0,0,0,2,0,0,0,0,0.7142857142857143,7,0,42,0,-0.03258150000263613,-0.08873479253673282
3160,CCC(C)/C=C/C,360.5,True,MBNDKEPQUVZHCM-GQCTYLIASA-N,98.18899999999998,98.109550448,2.608600000000001,0.0,0,0,2,0,0,0,0,0.7142857142857143,7,0,42,0,-0.026469183878914778,-0.09139557043484106
3161,C/C=C/CC(C)C,360.15,True,GHBKCPRDHLITSE-SNAWJCMRSA-N,98.189,98.109550448,2.608600000000001,0.0,0,0,2,0,0,0,0,0.7142857142857143,7,0,42,0,-0.032758921035982984,-0.09165422621110181
3162,CCC/C=C/CCC,395.55,True,IRUCBBFNLDIMIK-BQYQJAHWSA-N,112.216,112.12520051199999,3.142800000000002,0.0,0,0,4,0,0,0,0,0.75,8,0,48,0,-0.035336121178298735,-0.08854976435019243
3163,CCC/C=C/C(C)C,387.13,True,CYEZJYAMLNTSKN-VOTSOKGWSA-N,112.21599999999998,112.12520051199999,2.9987000000000013,0.0,0,0,3,0,0,0,0,0.75,8,0,48,0,-0.029042476215539025,-0.08829110396139932
3164,CCC/C=C\\CC,369.15,True,WZHKDGJSXCTSCK-ALCCZGGFSA-N,98.189,98.109550448,2.752700000000001,0.0,0,0,3,0,0,0,0,0.7142857142857143,7,0,42,0,-0.0353362937807098,-0.08881367322201045
3165,CCC/C=C/CC,369.15,True,WZHKDGJSXCTSCK-FNORWQNLSA-N,98.189,98.109550448,2.752700000000001,0.0,0,0,3,0,0,0,0,0.7142857142857143,7,0,42,0,-0.0353362937807098,-0.08881367322201045
3166,CC/C=C\\C(C)(C)C,378.55,True,JPLZSSHKQZJYTJ-SREVYHEPSA-N,112.216,112.12520051199999,2.9987000000000013,0.0,0,0,1,0,0,0,0,0.75,8,0,48,0,-0.020317569787536807,-0.08828520552459584
3167,CC/C=C(\\C)/C(C)C,386.24,True,PRTXQHCLTIKAAJ-SOFGYWHQSA-N,112.21599999999998,112.12520051199999,2.9987000000000013,0.0,0,0,2,0,0,0,0,0.75,8,0,48,0,-0.02628964933061806,-0.08562547324814508
3168,CCCCCC/C=C/CCC,466.15,True,JABYJIQOLGWMQW-VQHVLOKHSA-N,154.29699999999997,154.172150704,4.313100000000004,0.0,0,0,7,0,0,0,0,0.8181818181818182,11,0,66,0,-0.035073470149316915,-0.08854959171017691
3169,CCCC/C=C/C(C)O,478.54,True,YJJIVDCKSZMHGZ-VOTSOKGWSA-N,128.21499999999997,128.120115132,2.1136000000000004,20.23,1,1,4,0,0,0,0,0.75,9,1,54,0,0.06922573339259135,-0.3893403670087179
3170,CCC/C=C(\\CC)/CO,478.86,True,JSRFYJBJQPGAAA-SOFGYWHQSA-N,128.215,128.120115132,2.1152,20.23,1,1,4,0,0,0,0,0.75,9,1,54,0,0.0641157483681665,-0.3920243979734027
3171,CCCCCCCCC/C=C\\CC,501.2,True,OMBXNSHDJUALCV-ALCCZGGFSA-N,182.351,182.203450832,5.0933000000000055,0.0,0,0,9,0,0,0,0,0.8461538461538461,13,0,78,0,-0.035073641372919115,-0.088813500582038
3172,CCCCCCCC/C=C\\CCC,501.2,True,UJZLNVCZGZKIHR-CLFYSBASSA-N,182.35099999999997,182.203450832,5.0933000000000055,0.0,0,0,9,0,0,0,0,0.8461538461538461,13,0,78,0,-0.03507346877067528,-0.08854959171016737
3173,CCCCCCCCCC/C=C\\C,501.2,True,XWVHBWQEYOROBE-HYXAFXHYSA-N,182.351,182.203450832,5.0933000000000055,0.0,0,0,9,0,0,0,0,0.8461538461538461,13,0,78,0,-0.03508380584503736,-0.09166419959213364
3174,CCCC/C=C\\CC,396.15,True,YCTDZYMMFQCTEO-ALCCZGGFSA-N,112.21599999999998,112.12520051199999,3.142800000000002,0.0,0,0,4,0,0,0,0,0.75,8,0,48,0,-0.03508370882088122,-0.08881350195100242
3175,CCCCCC/C=C\\CC,432.56,True,GVRWIAHBVAYKIZ-ALCCZGGFSA-N,140.26999999999998,140.15650064,3.9230000000000036,0.0,0,0,6,0,0,0,0,0.8,10,0,60,0,-0.035073642751570405,-0.08881350058204755
3176,CCCC/C=C\\CCCCCCO,570.5,True,WWDOVTHLTQFGOZ-WAYWQWQTSA-N,184.32299999999995,184.182715388,3.6756000000000024,20.23,1,1,9,0,0,0,0,0.8333333333333334,13,1,78,0,0.04305240871304166,-0.39637656933638954
3177,C/C=C/CCCC=C,383.48,True,RJUCIROUEDJQIB-GQCTYLIASA-N,110.2,110.109550448,2.918800000000002,0.0,0,0,4,0,0,0,0,0.5,8,0,46,0,-0.03478906926365663,-0.10308279363745573
3178,CCCCCCCC/C=C/CC,478.32,True,WLTSXAIICPDFKI-FNORWQNLSA-N,168.32399999999998,168.187800768,4.703200000000004,0.0,0,0,8,0,0,0,0,0.8333333333333334,12,0,72,0,-0.035073641372928774,-0.088813500582038
3179,CC/C=C(\\C)/CO,440.65,True,KIKXGIRAIYTCRB-GQCTYLIASA-N,100.16099999999999,100.088815004,1.335,20.23,1,1,2,0,0,0,0,0.6666666666666666,7,1,42,0,0.0638562587073531,-0.39203515766031444
3180,CC(=CCC/C(=C/C/C=C(/C)\\C=C)/C)C,551.6,True,CXENHBSYCFFKJS-OXYODPPFSA-N,204.35699999999997,204.187800768,5.201500000000005,0.0,0,0,6,0,0,0,0,0.4666666666666667,15,0,84,0,-0.016087914773067962,-0.09881309820557128
3181,CCCCCCCCCCC/C=C/CCCCCCCCCC,730.0,True,RIERBYNHXFKVQP-XTQSDGFTSA-N,322.6210000000001,322.359951472,8.9943,0.0,0,0,19,0,0,0,0,0.9130434782608695,23,0,138,0,-0.035073467390462444,-0.08853928215614884
3182,CC(/C=C/C=C)O,429.46,True,VAOJQRMYAXTUQI-SNAWJCMRSA-N,98.145,98.07316494,1.1094,20.23,1,1,2,0,0,0,0,0.3333333333333333,7,1,40,0,0.06952957614654746,-0.38932862198788604
3183,CCC/C=C/CC=C,392.15,True,HYBLFDUGSBOMPI-BQYQJAHWSA-N,110.19999999999999,110.109550448,2.918800000000002,0.0,0,0,4,0,0,0,0,0.5,8,0,46,0,-0.017186378768238184,-0.10277077654438592
3184,C/C=C/CC/C=C/C,397.65,True,LAGGTOBQMQHXON-GGWOSOGESA-N,110.19999999999999,110.109550448,2.918800000000002,0.0,0,0,3,0,0,0,0,0.5,8,0,46,0,-0.03160956328414149,-0.09165305076581673
3185,C/C=C/CCC=C,367.15337,True,ZGXMNEKDFYUNDQ-GQCTYLIASA-N,96.173,96.093900384,2.5287000000000006,0.0,0,0,3,0,0,0,0,0.42857142857142855,7,0,40,0,-0.03161929323124635,-0.10307182947824979
3186,C/C=C/CC(C)C=C,384.12498,True,QIWJMWAOAINRPL-GQCTYLIASA-N,110.19999999999999,110.109550448,2.774700000000001,0.0,0,0,3,0,0,0,0,0.5,8,0,46,0,-0.023003764776468184,-0.10280261288291662
3187,CCCCCC/C=C/CCCCC,501.2,True,QHOMPCGOCNNMFK-ACCUITESSA-N,182.35099999999994,182.203450832,5.0933000000000055,0.0,0,0,9,0,0,0,0,0.8461538461538461,13,0,78,0,-0.035073468769123366,-0.08853928355034979
3188,CCCCCCCCCC/C=C/C,510.65,True,XWVHBWQEYOROBE-HWKANZROSA-N,182.351,182.203450832,5.0933000000000055,0.0,0,0,9,0,0,0,0,0.8461538461538461,13,0,78,0,-0.03508380584503736,-0.09166419959213364
3189,CCCCCCC/C=C/CCC,478.32,True,PHCKFVVLVZFFLU-VQHVLOKHSA-N,168.32399999999996,168.187800768,4.703200000000004,0.0,0,0,8,0,0,0,0,0.8333333333333334,12,0,72,0,-0.03507346877592716,-0.08854959171016738
3190,CCCCCC/C=C/CCCC,478.32,True,ZOKYTRIEIDWYSG-PKNBQFBNSA-N,168.32399999999996,168.187800768,4.703200000000004,0.0,0,0,8,0,0,0,0,0.8333333333333334,12,0,72,0,-0.03507346877436111,-0.08853945726911709
3191,CCCCC/C=C/CC,409.68,True,YCBSHDKATAPNIA-FNORWQNLSA-N,126.24299999999998,126.14085057599999,3.5329000000000024,0.0,0,0,5,0,0,0,0,0.7777777777777778,9,0,54,0,-0.0350738138553778,-0.088813500587243
3192,CCC/C=C\\CCC,395.75,True,IRUCBBFNLDIMIK-FPLPWBNLSA-N,112.216,112.12520051199999,3.142800000000002,0.0,0,0,4,0,0,0,0,0.75,8,0,48,0,-0.035336121178298735,-0.08854976435019243
3193,CCCCC/C=C/C,397.15,True,ILPBINAXDRFYPL-HWKANZROSA-N,112.21599999999998,112.12520051199999,3.142800000000002,0.0,0,0,4,0,0,0,0,0.75,8,0,48,0,-0.035083978327509785,-0.09166419959733818
3194,CCCC/C=C\\CCCC,444.45,True,UURSXESKOOOTOV-KTKRTIGZSA-N,140.26999999999998,140.15650064,3.9230000000000027,0.0,0,0,6,0,0,0,0,0.8,10,0,60,0,-0.035083534843657525,-0.08853945863807447
3195,CCCCCCC/C=C\\C,447.35,True,YKNMBTZOEVIJCM-HYXAFXHYSA-N,140.26999999999998,140.15650064,3.9230000000000036,0.0,0,0,6,0,0,0,0,0.8,10,0,60,0,-0.03508380585029892,-0.09166419959213364
3196,CCCCC/C=C\\CC,409.68,True,YCBSHDKATAPNIA-ALCCZGGFSA-N,126.24299999999998,126.14085057599999,3.5329000000000024,0.0,0,0,5,0,0,0,0,0.7777777777777778,9,0,54,0,-0.0350738138553778,-0.088813500587243
3197,CCCC/C=C/CCC,418.15,True,KPADFPAILITQBG-VQHVLOKHSA-N,126.24299999999998,126.14085057599999,3.5329000000000024,0.0,0,0,5,0,0,0,0,0.7777777777777778,9,0,54,0,-0.03508353621861336,-0.08854959307913429
3198,CCCCCC/C=C\\C,409.68,True,IICQZTQZQSBHBY-HYXAFXHYSA-N,126.24299999999998,126.14085057599999,3.5329000000000024,0.0,0,0,5,0,0,0,0,0.7777777777777778,9,0,54,0,-0.03508380722368869,-0.09166419959214317
3199,CCCC/C=C\\CCC,418.15,True,KPADFPAILITQBG-CLFYSBASSA-N,126.24299999999998,126.14085057599999,3.5329000000000024,0.0,0,0,5,0,0,0,0,0.7777777777777778,9,0,54,0,-0.03508353621861336,-0.08854959307913429
3200,CCCCC/C=C/CCC,432.56,True,SOVOPSCRHKEUNJ-VQHVLOKHSA-N,140.26999999999998,140.15650064,3.9230000000000027,0.0,0,0,6,0,0,0,0,0.8,10,0,60,0,-0.03507364125312409,-0.08854959171537237
3201,CCCC/C=C\\CCO,478.98,True,YDXQPTHHAPCTPP-WAYWQWQTSA-N,128.21499999999997,128.120115132,2.1152,20.23,1,1,5,0,0,0,0,0.75,9,1,54,0,0.04650213251864628,-0.3960544779789498
3202,CCCCCCCCC/C=C\\C,478.32,True,ADOQBZAVKYCFOI-HYXAFXHYSA-N,168.324,168.187800768,4.703200000000004,0.0,0,0,8,0,0,0,0,0.8333333333333334,12,0,72,0,-0.03508380584503737,-0.09166419959213364
3203,CCCCCC/C=C/C,420.15,True,IICQZTQZQSBHBY-HWKANZROSA-N,126.24299999999998,126.14085057599999,3.5329000000000024,0.0,0,0,5,0,0,0,0,0.7777777777777778,9,0,54,0,-0.03508380722368869,-0.09166419959214317
3204,CCCCCCCC/C=C/CCCCCCCC,615.6,True,HSNQNPCNYIJJHT-ISLYRVAYSA-N,252.4859999999999,252.28170115199998,7.043800000000007,0.0,0,0,14,0,0,0,0,0.8888888888888888,18,0,108,0,-0.0350734673904721,-0.08853928215614884
3205,C/C=C\\CCO,413.65,True,FSUXYWPILZJGCC-IHWYPQMZSA-N,86.134,86.07316494,0.9448999999999999,20.23,1,1,2,0,0,0,0,0.6,6,1,36,0,0.046501955404975,-0.39605447945194927
3206,CCCCC/C=C/CCCCC,478.32,True,DZGHBGLILAEHOR-VAWYXSNFSA-N,168.32399999999996,168.187800768,4.703200000000004,0.0,0,0,8,0,0,0,0,0.8333333333333334,12,0,72,0,-0.03507363987293056,-0.08853928355554526
3207,CCCCC/C=C\\CCCCC,478.32,True,DZGHBGLILAEHOR-QXMHVHEDSA-N,168.32399999999996,168.187800768,4.703200000000004,0.0,0,0,8,0,0,0,0,0.8333333333333334,12,0,72,0,-0.03507363987293056,-0.08853928355554526
3208,CCCCCC/C=C/CCCCCC,524.08,True,UBDIXSAEHLOROW-BUHFOSPRSA-N,196.37799999999993,196.219100896,5.483400000000006,0.0,0,0,10,0,0,0,0,0.8571428571428571,14,0,84,0,-0.03507346876911376,-0.08853928216146931
3209,CC(C)C/C=C/C(C)C,387.4,True,KDISTZUHDQPXDE-AATRIKPKSA-N,126.24299999999997,126.14085057599999,3.2447000000000017,0.0,0,0,3,0,0,0,0,0.7777777777777778,9,0,54,0,-0.029042302098668323,-0.08802609480180089
3210,CCCC/C=C\\CCCCCCCCO,616.26,True,GSAAJQNJNPBBSX-WAYWQWQTSA-N,212.37699999999992,212.21401551600002,4.455800000000004,20.23,1,1,11,0,0,0,0,0.8571428571428571,15,1,90,0,0.04305240722889945,-0.39637656934228244
3211,CCC/C=C(\\C)/CC,394.15,True,AAUHUDBDDBJONC-BQYQJAHWSA-N,112.216,112.12520051199999,3.142800000000002,0.0,0,0,3,0,0,0,0,0.75,8,0,48,0,-0.035078046576829024,-0.08563091765747696
3212,CCC(C)/C=C(\\C)/CC,409.12,True,OXOLZWHOQAEIAW-VQHVLOKHSA-N,126.24299999999998,126.14085057599999,3.3888000000000025,0.0,0,0,3,0,0,0,0,0.7777777777777778,9,0,54,0,-0.02620114124158712,-0.08278837139215992
3213,CCC(C)C/C=C/C,386.36,True,VIHUHUGDEZCPDK-GQCTYLIASA-N,112.21599999999998,112.12520051199999,2.9987000000000013,0.0,0,0,3,0,0,0,0,0.75,8,0,48,0,-0.03250579714802279,-0.0916540539851856
3214,CC/C=C\\CO,411.15,True,BTSIZIIPFNVMHF-ARJAWSKDSA-N,86.134,86.07316494,0.9448999999999999,20.23,1,1,2,0,0,0,0,0.6,6,1,36,0,0.061191784329084724,-0.3923075276167946
3215,CC/C=C/CO,411.15,True,BTSIZIIPFNVMHF-ONEGZZNKSA-N,86.134,86.07316494,0.9448999999999999,20.23,1,1,2,0,0,0,0,0.6,6,1,36,0,0.061191784329084724,-0.3923075276167946
3216,CCCCCCC/C=C/CO,524.74,True,QOPYYRPCXHTOQZ-CMDGGOBGSA-N,156.26899999999998,156.15141526,2.8954000000000018,20.23,1,1,7,0,0,0,0,0.8,11,1,66,0,0.06119195447814224,-0.39230752619422454
3217,CCCCCCCC/C=C/CO,547.62,True,SKBIQKQBLQHOSU-MDZDMXLPSA-N,170.296,170.167065324,3.285500000000002,20.23,1,1,8,0,0,0,0,0.8181818181818182,12,1,72,0,0.06119195447814224,-0.39230752619422454
3218,C/C=C(\\C)/CC(C)(C)C,434.35,True,MXAFMRHRWMAVRM-SOFGYWHQSA-N,126.24299999999998,126.14085057599999,3.3888000000000025,0.0,0,0,1,0,0,0,0,0.7777777777777778,9,0,54,0,-0.027417522604078755,-0.08871435018540336
3219,C/C=C/CC=C,338.15,True,PRBHEGAFLDMLAL-GQCTYLIASA-N,82.146,82.07825032,2.1386000000000003,0.0,0,0,2,0,0,0,0,0.3333333333333333,6,0,34,0,-0.017196722401644757,-0.1027707779299281
3220,C/C=C(/C)\\C=C,350.15,True,BOGRNZQRTNVZCZ-WAYWQWQTSA-N,82.14599999999999,82.07825032,2.1386000000000003,0.0,0,0,1,0,0,0,0,0.3333333333333333,6,0,34,0,-0.04012296511332252,-0.0988134538865661
3221,C/C=C\\CCC/C=C\\C,424.2,True,MAMCJGWPGQJKLS-GLIMQPGKSA-N,124.22699999999999,124.12520051199999,3.308900000000002,0.0,0,0,4,0,0,0,0,0.5555555555555556,9,0,52,0,-0.03478890393200833,-0.09166401419384293
3222,CCCC/C=C/C=C/C,413.84,True,HKEBYUNPANBGPL-WJDMQLPWSA-N,124.22699999999996,124.12520051199999,3.308900000000002,0.0,0,0,4,0,0,0,0,0.5555555555555556,9,0,52,0,-0.03477089641017838,-0.08767213297443617
3223,C/C=C/C(C)CC=C,388.97729,True,ITKKJSFRRSLPHX-FNORWQNLSA-N,110.2,110.109550448,2.774700000000001,0.0,0,0,3,0,0,0,0,0.5,8,0,46,0,-0.02275641193463197,-0.10306159598060892
3224,CC(=CCC/C(=C/CCC(C)(C#C)O)/C)C,629.95,True,ZNVPGYAGXVEAFP-SDNWHVSQSA-N,220.356,220.182715388,3.8435000000000032,20.23,1,1,6,0,0,0,0,0.6,16,1,90,0,0.12228194313803394,-0.37790948171964417
3225,CCCC/C=C/C(C)C,409.24,True,RXYSIDRRVRTDIF-BQYQJAHWSA-N,126.24299999999997,126.14085057599999,3.3888000000000025,0.0,0,0,4,0,0,0,0,0.7777777777777778,9,0,54,0,-0.02904247483962517,-0.08828096954236352
3226,CCCC/C(=C/C)/C,394.15,True,OFKLSPUVNMOIJB-VMPITWQZSA-N,112.21599999999998,112.12520051199999,3.142800000000002,0.0,0,0,3,0,0,0,0,0.75,8,0,48,0,-0.032328947410897,-0.08873462051160126
3227,CCCCC(/C=C/C)O,448.15,True,WGDUEFYADBRNKG-GQCTYLIASA-N,128.21499999999997,128.120115132,2.1136000000000004,20.23,1,1,4,0,0,0,0,0.75,9,1,54,0,0.07203463480632212,-0.38905049296416233
3228,C/C=C/C(C)O,391.65,True,GJYMQFMQRRNLCY-ONEGZZNKSA-N,86.134,86.07316494,0.9433,20.23,1,1,1,0,0,0,0,0.6,6,1,36,0,0.0692156403262493,-0.38934054819007685
3229,CC(C)CCCC(C)CCCC(C)CCC/C(=C/CO)/C,752.1,True,BOTWFXYSPFMFNR-HMMYKYKNSA-N,296.539,296.3079159,6.364100000000008,20.23,1,1,13,0,0,0,0,0.9,21,1,126,0,0.06144332680360647,-0.39229737144489657
3230,CC(=C)/C=C/CC(C)(C=C)O,514.75,True,ZJIQIJIQBTVTDY-VOTSOKGWSA-N,152.237,152.120115132,2.4458000000000006,20.23,1,1,4,0,0,0,0,0.4,11,1,62,0,0.08309446703199462,-0.38577728418276847
3231,C/C=C/C=C/C=C,386.65,True,USKZHEQYENVSMH-YDFGWWAZSA-N,94.157,94.07825032,2.3047000000000004,0.0,0,0,2,0,0,0,0,0.14285714285714285,7,0,38,0,-0.046678311421404856,-0.09906582026204945
3232,CC/C=C/C=C/CO,460.26,True,MDRZSADXFOPYOC-VNKDHWASSA-N,112.17199999999998,112.088815004,1.5011,20.23,1,1,3,0,0,0,0,0.42857142857142855,8,1,46,0,0.061496355474914166,-0.39229581723396956
3233,CC(=C)/C=C/C=C,357.16,True,PPWGXYXJMQAWSX-AATRIKPKSA-N,94.157,94.07825032,2.3047000000000004,0.0,0,0,2,0,0,0,0,0.14285714285714285,7,0,38,0,-0.04036226483599181,-0.09906566011167493
3234,CCCCC/C=C/C=C/C=C,456.28,True,JQQDKNVOSLONRS-JEGFTUTRSA-N,150.26499999999996,150.140850576,3.8651000000000035,0.0,0,0,6,0,0,0,0,0.45454545454545453,11,0,62,0,-0.03476081638911512,-0.09906582025707959
3235,CC/C=C/C(C)C=C,378.25,True,FBJNXQPYIFUANI-VOTSOKGWSA-N,110.19999999999999,110.109550448,2.774700000000001,0.0,0,0,3,0,0,0,0,0.5,8,0,46,0,-0.00845675175079374,-0.1024998862613003
3236,C/C=C/C(=C/C)/C,381.0,True,KOXWOWPVSGRFCZ-YDFGWWAZSA-N,96.17299999999999,96.093900384,2.5287000000000006,0.0,0,0,1,0,0,0,0,0.42857142857142855,7,0,40,0,-0.040113179305061086,-0.08740897193313667
3237,CCCCCCCC/C=C/CCCCCCCCO,606.15,True,ALSTYHKOOCGGFT-MDZDMXLPSA-N,268.4849999999999,268.276615772,6.0162000000000075,20.23,1,1,15,0,0,0,0,0.8888888888888888,19,1,114,0,0.04305240722889945,-0.39637656934228244
3238,C/C=C/C=C/C=C/C,420.65,True,CGMDPTNRMYIZTM-NKYSMPERSA-N,108.18399999999998,108.093900384,2.6948000000000008,0.0,0,0,2,0,0,0,0,0.25,8,0,44,0,-0.04667831141667748,-0.08766099721260301
3239,C/C=C(\\C)/C=C/C=C(C)C,461.15,True,GQVMHMFBVWSSPF-SOYUKNQTSA-N,136.23799999999997,136.125200512,3.4750000000000023,0.0,0,0,2,0,0,0,0,0.4,10,0,56,0,-0.0401016590181564,-0.08472104139273888
3240,C/C=C(/C)\\C(C)(C)C,385.45,True,FZQMZRXKWHQJAG-SREVYHEPSA-N,112.21599999999998,112.12520051199999,2.9987000000000013,0.0,0,0,0,0,0,0,0,0.75,8,0,48,0,-0.017587596790620746,-0.08820513084866306
3241,C/C=C(/C)\\C=C\\C=C(C)C,440.64,True,GQVMHMFBVWSSPF-DAIHKBMKSA-N,136.23799999999997,136.125200512,3.4750000000000023,0.0,0,0,2,0,0,0,0,0.4,10,0,56,0,-0.0401016590181564,-0.08472104139273888
3242,C([C@@H]([C@H]([C@@H]([C@H](CO)O)O)O)O)O,888.2,True,FBPFZTCFMRRESA-UNTFVMJOSA-N,182.172,182.079038168,-3.585399999999998,121.38000000000001,6,6,5,0,0,0,0,1.0,12,6,74,0,0.11057860653131252,-0.393579134968567
3243,CCC/C=C/C=C,360.6,True,OGQVROWWFUXRST-FNORWQNLSA-N,96.17299999999999,96.093900384,2.5287000000000006,0.0,0,0,3,0,0,0,0,0.42857142857142855,7,0,40,0,-0.03502363999752372,-0.09907695656874989
3244,CC(C)/C=C\\C(C)C,371.8,True,KNCMKWVOMRUHKZ-WAYWQWQTSA-N,112.21599999999998,112.12520051199999,2.8546000000000014,0.0,0,0,2,0,0,0,0,0.75,8,0,48,0,-0.02903241642124311,-0.08571244635908129
3245,CC/C=C/C(C)CC,385.15,True,YMNTZRCUPAYGLG-VOTSOKGWSA-N,112.216,112.12520051199999,2.9987000000000013,0.0,0,0,3,0,0,0,0,0.75,8,0,48,0,-0.02645902087538153,-0.08854488980071154
3246,C/C=C/C=C/CC(C)C,422.0,True,LLCIDQNOIXWXCW-YTXTXJHMSA-N,124.22699999999999,124.12520051199999,3.1648000000000023,0.0,0,0,3,0,0,0,0,0.5555555555555556,9,0,52,0,-0.03243597523426655,-0.0876721316317608
3247,C/C=C/CC(C)(C)C,383.57,True,NWZJLSKAFZXSQH-AATRIKPKSA-N,112.216,112.12520051199999,2.9987000000000013,0.0,0,0,1,0,0,0,0,0.75,8,0,48,0,-0.030180584334845807,-0.09164400931617367
3248,CCCCCCCC/C=C/CCC,501.2,True,UJZLNVCZGZKIHR-VQHVLOKHSA-N,182.35099999999997,182.203450832,5.0933000000000055,0.0,0,0,9,0,0,0,0,0.8461538461538461,13,0,78,0,-0.03507346877067528,-0.08854959171016737
3249,C/C=C/C(C)(C)O,385.15,True,OWVUFBAJXKEVBE-SNAWJCMRSA-N,100.16099999999999,100.088815004,1.3334000000000001,20.23,1,1,1,0,0,0,0,0.6666666666666666,7,1,42,0,0.07710243985990028,-0.3863837451341847
3250,CCC/C=C/CC(C)C,412.15,True,IGMJZWHHNPRADN-VOTSOKGWSA-N,126.24299999999998,126.14085057599999,3.3888000000000025,0.0,0,0,4,0,0,0,0,0.7777777777777778,9,0,54,0,-0.03274858398189782,-0.08853961820411936
3251,CC(C)(C)/C=C/C(C)(C)C,398.25,True,UYWLQEPMPVDASH-BQYQJAHWSA-N,140.26999999999998,140.15650064,3.634800000000003,0.0,0,0,0,0,0,0,0,0.8,10,0,60,0,-0.020297038959365583,-0.08260856259024793
3252,CC(=CC[C@@H](CO)C(=C)C)C,520.74,True,CZVXBFUKBZRMKR-JTQLQIEISA-N,154.253,154.135765196,2.5273000000000003,20.23,1,1,4,0,0,0,0,0.6,11,1,64,0,0.04987543002034241,-0.39574184608341634
3253,CCCCC/C=C/CCCO,524.74,True,VUNFOJWKJSYIDH-VOTSOKGWSA-N,156.26899999999998,156.15141526,2.8954000000000018,20.23,1,1,7,0,0,0,0,0.8,11,1,66,0,0.04334790329107565,-0.3963648379367723
3254,CCCCCCCCCC/C=C\\CCCCC(C)C,638.04,True,XDBKLFODBADBED-YPKPFQOOSA-N,266.513,266.297351216,7.289800000000008,0.0,0,0,14,0,0,0,0,0.8947368421052632,19,0,114,0,-0.03507329623596393,-0.0885392821509148
3255,C(CO)/C=C/O,479.64,True,OZCRKDNRAAKDAN-HNQUOIGGSA-N,88.106,88.052429496,0.44049999999999995,40.46,2,2,2,0,0,0,0,0.5,6,2,36,0,0.0752131056869575,-0.5159293934810344
3256,CC(CC/C=C(\\C)/CCC=C(C)C)CO,619.74,True,SVHDKVPXRARVAO-UKTHLTGXSA-N,210.361,210.198365452,4.087700000000004,20.23,1,1,7,0,0,0,0,0.7142857142857143,15,1,88,0,0.045623555068977736,-0.3960988138776226
3257,CCCCCC/C=C\\CCCCO,570.5,True,OTJWLIMIKGBSSN-FPLPWBNLSA-N,184.32299999999995,184.182715388,3.6756000000000033,20.23,1,1,9,0,0,0,0,0.8333333333333334,13,1,78,0,0.04306342671710832,-0.39637637309306056
3258,CC(C)CCCCC(C)O,496.82,True,NOEKZKTXHKNMAQ-UHFFFAOYSA-N,144.258,144.15141526,2.583600000000001,20.23,1,1,5,0,0,0,0,1.0,10,1,62,0,0.051166684527936164,-0.39341926902771723
3259,CCC(C)CCCCC(C)C,453.15,True,QYQSPINNJUXEDY-UHFFFAOYSA-N,156.313,156.187800768,4.2489000000000035,0.0,0,0,6,0,0,0,0,1.0,11,0,68,0,-0.0445423900426271,-0.0651283004973315
3260,CC(C)CCCCCC(C)C,456.15,True,FZFRYQHIQUEAAV-UHFFFAOYSA-N,156.313,156.187800768,4.2489000000000035,0.0,0,0,6,0,0,0,0,1.0,11,0,68,0,-0.04713257614590023,-0.06277361060345849
3261,CCCCCCCCCCCCCCCCCCCCCCCCCCCCCCCC=C,746.15,True,DRJAAODMPBOZLH-UHFFFAOYSA-N,462.8910000000005,462.516452112,12.895299999999978,0.0,0,0,30,0,0,0,0,0.9393939393939394,33,0,198,0,-0.0353412931099218,-0.10308297893627165
3262,C/C=C(\\C)/CO,410.15,True,NEJDKFPXHQRVMV-HWKANZROSA-N,86.13399999999999,86.07316494,0.9448999999999999,20.23,1,1,1,0,0,0,0,0.6,6,1,36,0,0.0638462978993553,-0.39203533771923355
3263,CC/C(=C/CCC(C)(C=C)O)/C,540.95,True,KRLBLPBPZSSIGH-CSKARUKUSA-N,168.27999999999997,168.15141526,3.0599000000000016,20.23,1,1,5,0,0,0,0,0.6363636363636364,12,1,70,0,0.07995432891795866,-0.38609150255513547
3264,CCC=C.C/C=C/C,590.15,True,WTOOLIQYCQJDBG-BJILWQEISA-N,112.21599999999998,112.12520051199999,3.1648000000000023,0.0,0,0,1,0,0,0,0,0.5,8,0,48,0,-0.038200393605486604,-0.10309322712116141
3265,CC/C=C\\C/C=C\\C/C=C\\CCCCCCCCO,716.1,True,IKYKEVDKGZYRMQ-PDBXOOCHSA-N,264.45299999999986,264.245315644,5.568200000000006,20.23,1,1,13,0,0,0,0,0.6666666666666666,19,1,110,0,0.04305240722889945,-0.39637656934228244
3266,CCCCCCCCCCCCCCCCCCCCN(C)C,652.15,True,AYNZRGVSQNDHIX-UHFFFAOYSA-N,325.625,325.370850504,7.5897000000000086,3.24,0,1,19,0,0,0,0,1.0,23,1,140,0,-0.00248364259305738,-0.30939993843088753
3267,C[C@H](C[C@H](C)O)O,491.15,True,GTCCGKPBSJZVRZ-SYDPRGILSA-N,104.14899999999999,104.083729624,0.1381,40.46,2,2,2,0,0,0,0,1.0,7,2,44,0,0.053615023403694104,-0.3933174754384742
3268,CCCCC[C@H](C=C)O,471.06,True,VSMOENVRRABVKN-QMMMGPOBSA-N,128.21499999999997,128.120115132,2.1136000000000004,20.23,1,1,5,0,0,0,0,0.75,9,1,54,0,0.07178455473957934,-0.38906063596882545
3269,C(CO)[C@H](CO)O,567.22,True,ARXKVVRQIIOZGF-SCSAIBSYSA-N,106.121,106.06299418,-1.2780000000000002,60.69,3,3,3,0,0,0,0,1.0,7,3,44,0,0.07922909103547164,-0.39627330039606967
3270,CCCCC[C@H](CC)O,449.98776,True,NMRPBPVERJPACX-QMMMGPOBSA-N,130.231,130.135765196,2.3376000000000006,20.23,1,1,5,0,0,0,0,1.0,9,1,56,0,0.05372202737458578,-0.3931422119493265
3271,C[C@@H](C(C)(C)C)O,393.15,True,DFOXKPDFWGNLJU-YFKPBYRVSA-N,102.17699999999998,102.104465068,1.4133,20.23,1,1,0,0,0,0,0,1.0,7,1,44,0,0.055988460991076384,-0.39287306240248776
3272,CCC[C@](C)(CC=C)O,468.27,True,PYKQMQBNPLNLPS-QMMMGPOBSA-N,128.21499999999997,128.120115132,2.1136000000000004,20.23,1,1,4,0,0,0,0,0.75,9,1,54,0,0.06533925078378545,-0.3898605070777275
3273,CCC[C@@H](C)O,393.42017,True,JYVLIDXNZAXMDK-RXMQYKEDSA-N,88.14999999999999,88.088815004,1.1673,20.23,1,1,2,0,0,0,0,1.0,6,1,38,0,0.051156559616146235,-0.39341945247761856
3274,CCCC(CO)CO,520.8,True,FZHZPYGRGQZBCV-UHFFFAOYSA-N,118.17599999999999,118.099379688,0.38730000000000003,40.46,2,2,4,0,0,0,0,1.0,8,2,50,0,0.04806864392778329,-0.395997553179847
3275,C[C@H](CCC(C)(C)O)C(C)C,466.15,True,LQQYOLMGDBGEBC-SECBINFHSA-N,158.28499999999997,158.167065324,2.829600000000001,20.23,1,1,4,0,0,0,0,1.0,11,1,68,0,0.05914248632996903,-0.39047181177985324
3276,CCCCCCCCCCCCCCCCOC[C@H](CO)O,840.66,True,OOWQBDFWEXAXPB-IBGZPJMESA-N,316.52599999999995,316.29774513999996,4.837500000000006,49.69,2,3,18,0,0,0,0,1.0,22,3,134,0,0.10032083650018836,-0.3935931409598309
3277,CCCCCCCCCCCCCCCCCCOC[C@H](CO)O,886.42,True,OGBUMNBNEWYMNJ-NRFANRHFSA-N,344.58,344.32904526799996,5.617700000000006,49.69,2,3,20,0,0,0,0,1.0,24,3,146,0,0.10032083650018836,-0.3935931409598309
3278,CC(C)CCCCCCCCCCCO,611.66,True,ZXUOFCUEFQCKKH-UHFFFAOYSA-N,214.39299999999994,214.22966558000002,4.535700000000005,20.23,1,1,11,0,0,0,0,1.0,15,1,92,0,0.043052407228889096,-0.39637656934228244
3279,CC(C)(CCO)CO,518.01,True,GQSZUUPRBBBHRI-UHFFFAOYSA-N,118.17599999999999,118.099379688,0.38730000000000003,40.46,2,2,3,0,0,0,0,1.0,8,2,50,0,0.04824829729466525,-0.39635359803948184
3280,CC(C)C(C)C(C)C(C)C(C)C,468.15,True,YIKFFSNUOIJPSI-UHFFFAOYSA-N,170.33999999999997,170.203450832,4.206700000000004,0.0,0,0,4,0,0,0,0,1.0,12,0,74,0,-0.03862990526757755,-0.06250876272967516
3281,CCC(CC)(CC)C(CC)(CC)CC,513.46,True,PGZWQYVRUOIRTH-UHFFFAOYSA-N,198.39399999999995,198.23475095999999,5.419200000000005,0.0,0,0,7,0,0,0,0,1.0,14,0,86,0,-0.024910162682780748,-0.06483264341399056
3282,CC(C)(CCCO)O,491.65,True,HAIVWDGLCRYQMC-UHFFFAOYSA-N,118.17599999999999,118.099379688,0.5297999999999998,40.46,2,2,3,0,0,0,0,1.0,8,2,50,0,0.0592168888556898,-0.3963746454909501
3283,CCC(C)CCCC(C)CO,519.7,True,ZKWASVBZSAGDBI-UHFFFAOYSA-N,158.285,158.167065324,2.831200000000002,20.23,1,1,6,0,0,0,0,1.0,11,1,68,0,0.045612493310712224,-0.3960990112324868
3284,CCC(C)CCCCCCO,520.14,True,BJKXZCGJAOWNTN-UHFFFAOYSA-N,158.285,158.167065324,2.975300000000002,20.23,1,1,7,0,0,0,0,1.0,11,1,68,0,0.04305240723423617,-0.39637656934227217
3285,CCCCCCCCCC(C)CC(C)C,524.15,True,JDFJCABQSZLDMZ-UHFFFAOYSA-N,212.421,212.25040102399998,5.809300000000006,0.0,0,0,10,0,0,0,0,1.0,15,0,92,0,-0.04403685024835843,-0.06538238322279266
3286,CC(C)(CCCCO)O,540.89,True,LNFDWQCEHXSMLT-UHFFFAOYSA-N,132.203,132.115029752,0.9198999999999999,40.46,2,2,4,0,0,0,0,1.0,9,2,56,0,0.05913375015861316,-0.39637655399634336
3287,CCCCCCOCC(CO)O,611.86,True,MQVMITUCTLYRNV-UHFFFAOYSA-N,176.256,176.1412445,0.9364999999999999,49.69,2,3,8,0,0,0,0,1.0,12,3,74,0,0.10032083650018836,-0.3935931409598309
3288,CCC[C@@H](CC(C)(C)C)O,447.15,True,ZIKNXBYJTDTRQA-QMMMGPOBSA-N,144.258,144.15141526,2.583600000000001,20.23,1,1,3,0,0,0,0,1.0,10,1,62,0,0.054472812731103035,-0.39311023309973886
3289,CCCC(C)CC(C)(CC)O,516.91,True,DMIBTMSBSULJMT-UHFFFAOYSA-N,158.285,158.167065324,2.9737000000000022,20.23,1,1,5,0,0,0,0,1.0,11,1,68,0,0.061928694229584066,-0.39018376363654084
3290,CCCC(C)(CC(C)CC)O,516.91,True,QJVDAQVYZBSYCB-UHFFFAOYSA-N,158.285,158.167065324,2.9737000000000022,20.23,1,1,5,0,0,0,0,1.0,11,1,68,0,0.06218079254517676,-0.3901730831111428
3291,CCCCCCC[C@@H](CC)O,490.15,True,ICEQLCZWZXUUIJ-SNVBAGLBSA-N,158.285,158.167065324,3.117800000000002,20.23,1,1,7,0,0,0,0,1.0,11,1,68,0,0.05372202876614347,-0.39314221194376076
3292,CCCCCCCN(CC)CC,471.15,True,YUCNJMBRLIZNMO-UHFFFAOYSA-N,171.328,171.19869979999999,3.298600000000002,3.24,0,1,8,0,0,0,0,1.0,12,1,74,0,-0.0018969298342392253,-0.3038858316840595
3293,CCCCCCCCNCC,475.15,True,SDQCOADWEMMSGK-UHFFFAOYSA-N,157.301,157.183049736,2.9564000000000012,12.03,1,1,8,0,0,0,0,1.0,11,1,68,0,-0.004903482664115341,-0.31700709199432203
3294,CCCCC/C=C\\C=C,406.36,True,CLNYHERYALISIR-ALCCZGGFSA-N,124.22699999999998,124.12520051199999,3.308900000000002,0.0,0,0,5,0,0,0,0,0.5555555555555556,9,0,52,0,-0.03476116319741119,-0.09907695656367406
3295,CCCCCC(C)(C)CCCC,470.15,True,RNXSOUOIPAWOAC-UHFFFAOYSA-N,170.33999999999997,170.203450832,4.783100000000005,0.0,0,0,7,0,0,0,0,1.0,12,0,74,0,-0.035421874552754785,-0.06538238044569397
3296,CCCC(C)C(C)C(C)CC,454.15,True,BPFOUTQNEVQSFR-UHFFFAOYSA-N,156.31299999999996,156.187800768,4.104800000000004,0.0,0,0,5,0,0,0,0,1.0,11,0,68,0,-0.03912755418507825,-0.06537225045868333
3297,CCCC(CC(C)CC)O,496.82,True,KFRCBGHGDZSOJV-UHFFFAOYSA-N,144.258,144.15141526,2.583600000000001,20.23,1,1,5,0,0,0,0,1.0,10,1,62,0,0.054228168242831595,-0.3931208456216065
3298,CCC(C)(C(C)C)C(C)(C)C,459.15,True,HBSINJYUKWVYBC-UHFFFAOYSA-N,156.31299999999996,156.187800768,4.104800000000004,0.0,0,0,2,0,0,0,0,1.0,11,0,68,0,-0.0256774935931194,-0.06483310892851171
3299,CCC(CC)(CC)C(C)(C)C,462.15,True,KCQSYGZVYTYSLG-UHFFFAOYSA-N,156.313,156.187800768,4.2489000000000035,0.0,0,0,3,0,0,0,0,1.0,11,0,68,0,-0.025669465911120723,-0.06483316912433744
3300,CC(C)(C)C(C)(C)C(C)(C)C,467.15,True,JKJQSSSRSKPVEM-UHFFFAOYSA-N,156.313,156.187800768,4.104800000000004,0.0,0,0,0,0,0,0,0,1.0,11,0,68,0,-0.025693859264409768,-0.05964250619167955
3301,C#CCCCCCCCCCC#C,477.28,True,ADPIJJJMOBOULR-UHFFFAOYSA-N,176.303,176.15650064,3.7637000000000027,0.0,0,0,8,0,0,0,0,0.6923076923076923,13,0,72,0,0.008600939426519408,-0.12010931578969077
3302,CC[C@H](C)CCCCO,456.27755,True,KFARNLMRENFOHE-QMMMGPOBSA-N,130.23100000000002,130.135765196,2.1951000000000005,20.23,1,1,5,0,0,0,0,1.0,9,1,56,0,0.0430525810568864,-0.39637656788108505
3303,CC(C)CCCCC(C)(C)O,516.91,True,JJZZVQICFJITMO-UHFFFAOYSA-N,158.285,158.167065324,2.9737000000000022,20.23,1,1,5,0,0,0,0,1.0,11,1,68,0,0.059132293846457504,-0.39047199747059835
3304,CCC[C@@H](C)CCO,445.35,True,YGZVAQICDGBHMD-SSDOTTSWSA-N,116.204,116.120115132,1.8050000000000002,20.23,1,1,4,0,0,0,0,1.0,8,1,50,0,0.04330648270303165,-0.39636589492090607
3305,CCCC(C)CCC(C)O,496.82,True,IWFICVXFFNDWOJ-UHFFFAOYSA-N,144.258,144.15141526,2.583600000000001,20.23,1,1,5,0,0,0,0,1.0,10,1,62,0,0.05117670378450627,-0.3934190855190964
3306,CCCCCC(C)C(C)CC,458.15,True,PAXLEVPLFYBSQJ-UHFFFAOYSA-N,156.31299999999996,156.187800768,4.2489000000000035,0.0,0,0,6,0,0,0,0,1.0,11,0,68,0,-0.04170830569605443,-0.06538238183507465
3307,CC[C@H](C)CCCO,445.15,True,YNPVNLWKVZZBTM-ZETCQYMHSA-N,116.204,116.120115132,1.8050000000000002,20.23,1,1,4,0,0,0,0,1.0,8,1,50,0,0.04306242683611909,-0.39637638655079904
3308,CC=C=C=C,317.22,True,WWQAGDWTJOKFQB-UHFFFAOYSA-N,66.103,66.046950192,1.5025,0.0,0,0,0,0,0,0,0,0.2,5,0,26,0,-0.0370370942229455,-0.07848553385261255
3309,CCCCCCCCCCC#CCCCCCC,620.44,True,JNRZVQIBDMWBHF-UHFFFAOYSA-N,250.4699999999999,250.26605108799998,6.491000000000007,0.0,0,0,12,0,0,0,0,0.8888888888888888,18,0,106,0,0.00886400393644043,-0.10332291293791848
3310,C/C=C/CCC/C=C/C,424.65,True,MAMCJGWPGQJKLS-GGWOSOGESA-N,124.22699999999999,124.12520051199999,3.308900000000002,0.0,0,0,4,0,0,0,0,0.5555555555555556,9,0,52,0,-0.03478890393200833,-0.09166401419384293
3311,CCCCCCCCCCCCCCCCCCCCCCCCCCCCCCCCC=C,974.2,True,AQUWSCLUQRAMPO-UHFFFAOYSA-N,476.9180000000005,476.53210217599997,13.285399999999974,0.0,0,0,31,0,0,0,0,0.9411764705882353,34,0,204,0,-0.0353412931099218,-0.10308297893627165
3312,CCCCCCCCCCCCCCCCCCCCCCCCCCCCCCCCCC=C,762.15,True,NOCIDIARFGFRSA-UHFFFAOYSA-N,490.94500000000056,490.54775224,13.675499999999971,0.0,0,0,32,0,0,0,0,0.9428571428571428,35,0,210,0,-0.0353412931099218,-0.10308297893627165
3313,CCCCCCCCCCCCCCCCCCCCCCCCCCCCCCCCCCCCCC=C,790.15,True,KNEBRZXNWZPYBZ-UHFFFAOYSA-N,547.0530000000006,546.610352496,15.235899999999962,0.0,0,0,36,0,0,0,0,0.9487179487179487,39,0,234,0,-0.0353412931099218,-0.10308297893627165
3314,CCCCCCCCCCCCCC#CC,569.15,True,QYOCOJVJMRFVPG-UHFFFAOYSA-N,222.41599999999994,222.23475095999999,5.710800000000006,0.0,0,0,11,0,0,0,0,0.875,16,0,94,0,0.00885312143701119,-0.10673740124239377
3315,CC(CC=C)CC=C,382.4,True,GWBIZSHSUHWEEP-UHFFFAOYSA-N,110.2,110.109550448,2.774700000000001,0.0,0,0,4,0,0,0,0,0.5,8,0,46,0,-0.03245772658192278,-0.10307264477004761
3316,CCCC(CCC)C(C)(C)C,447.15,True,MDOHZJRFNISIIH-UHFFFAOYSA-N,156.313,156.187800768,4.2489000000000035,0.0,0,0,4,0,0,0,0,1.0,11,0,68,0,-0.035428607894290136,-0.06537190496356025
3317,CCC(C)CCC(CC)O,496.82,True,MFYHIHFYDULUQP-UHFFFAOYSA-N,144.258,144.15141526,2.583600000000001,20.23,1,1,5,0,0,0,0,1.0,10,1,62,0,0.0537320480784836,-0.39314202824051125
3318,CCCCCC(C)CCCO,489.15,True,HECVGHIJHFNAIL-UHFFFAOYSA-N,158.285,158.167065324,2.975300000000002,20.23,1,1,7,0,0,0,0,1.0,11,1,68,0,0.043062428234943044,-0.39637638654522805
3319,CCCCC(C)C(C)C(C)C,453.15,True,SJQAEXCGOLTHPG-UHFFFAOYSA-N,156.31299999999996,156.187800768,4.104800000000004,0.0,0,0,5,0,0,0,0,1.0,11,0,68,0,-0.039380145753597474,-0.06538220961050917
3320,CCCCC(C)(CC)CCC,453.15,True,IXZULXYHNRHENR-UHFFFAOYSA-N,156.313,156.187800768,4.393000000000004,0.0,0,0,6,0,0,0,0,1.0,11,0,68,0,-0.032855445738946984,-0.0653820359761724
3321,CC(C)CCC(C)CC(C)C,443.15,True,DUHKHXHIPOGMOW-UHFFFAOYSA-N,156.313,156.187800768,4.104800000000004,0.0,0,0,5,0,0,0,0,1.0,11,0,68,0,-0.04402706612220375,-0.06277343761560654
3322,CCCCC(C)C(CC)O,496.82,True,XPWBBDBJJRZCPW-UHFFFAOYSA-N,144.25799999999998,144.15141526,2.583600000000001,20.23,1,1,5,0,0,0,0,1.0,10,1,62,0,0.05626871864655009,-0.3928639739683716
3323,CCCCCC(C)CCO,497.26,True,CLFSZAMBOZSCOS-UHFFFAOYSA-N,144.258,144.15141526,2.5852000000000017,20.23,1,1,6,0,0,0,0,1.0,10,1,62,0,0.04330648410135996,-0.3963658949153365
3324,CCC(C)C(CC)C(C)CC,454.15,True,IKVNPWSSYMJDKE-UHFFFAOYSA-N,156.31299999999996,156.187800768,4.104800000000004,0.0,0,0,5,0,0,0,0,1.0,11,0,68,0,-0.03655014976536159,-0.06511794695032053
3325,CCCCCCCCCCCCCCCCCCCCCCCCCCCCCCCC(C)C,977.08,True,HRSSMXMUGSEGEK-UHFFFAOYSA-N,478.9340000000005,478.54775224,13.365299999999975,0.0,0,0,30,0,0,0,0,1.0,34,0,206,0,-0.04713257615118824,-0.06538238322279266
3326,CCC(C)C(C)(C(C)(C)C)O,464.89743,True,SAFMWGCEQYLRLS-UHFFFAOYSA-N,158.285,158.167065324,2.8296000000000014,20.23,1,1,2,0,0,0,0,1.0,11,1,68,0,0.06925557529769324,-0.3893572465356276
3327,CC(C)CC(C)(C)N,394.75,True,BFUITLGNKICXGA-UHFFFAOYSA-N,115.22,115.13609954399999,1.7698,26.02,1,1,2,0,0,0,0,1.0,8,1,50,0,0.009944009534734451,-0.32555208015445225
3328,CC(CC/C=C(/C)\\CCC=C(C)C)CCO,642.62,True,OOOOFOPLSIWRAR-ZROIWOOFSA-N,224.38799999999998,224.21401551600002,4.477800000000005,20.23,1,1,8,0,0,0,0,0.7333333333333333,16,1,94,0,0.043306671825942444,-0.3963658933537243
3329,CC(C)(C)CCCCCO,494.47,True,IOFUAVGBFVXDAO-UHFFFAOYSA-N,144.258,144.15141526,2.5852000000000017,20.23,1,1,4,0,0,0,0,1.0,10,1,62,0,0.04305241003058037,-0.3963765693310882
3330,CCCCCCCC(C)(C)CC,476.15,True,URERYYDSQOIHQK-UHFFFAOYSA-N,170.33999999999997,170.203450832,4.783100000000005,0.0,0,0,7,0,0,0,0,1.0,12,0,74,0,-0.03568366314699662,-0.06538238322277314
3331,CCCCC(C)(CC)CC(C)C,464.15,True,XAKSPVTVTMAMDT-UHFFFAOYSA-N,170.34,170.203450832,4.639000000000005,0.0,0,0,6,0,0,0,0,1.0,12,0,74,0,-0.03260254911313363,-0.06538203597081253
3332,CC(C)CCCCCCCCC(C)C,519.04,True,CDJYGEREXGLOSL-UHFFFAOYSA-N,198.39399999999998,198.23475095999999,5.419200000000005,0.0,0,0,9,0,0,0,0,1.0,14,0,86,0,-0.04713257615118824,-0.06277361060346826
3333,CCC(C)CCC(CC)C(C)C,470.15,True,WAFCPUFGSNTFSP-UHFFFAOYSA-N,170.34,170.203450832,4.494900000000004,0.0,0,0,6,0,0,0,0,1.0,12,0,74,0,-0.03936283942644348,-0.06512829909614438
3334,CCC(C)CC(CC)CC(C)C,463.15,True,JIOQMQLJPQDNFA-UHFFFAOYSA-N,170.34,170.203450832,4.494900000000004,0.0,0,0,6,0,0,0,0,1.0,12,0,74,0,-0.04119454070228656,-0.06512812589570433
3335,CCCCC(CCC)C(C)C,451.15,True,VSJAVEFYQMREHJ-UHFFFAOYSA-N,156.313,156.187800768,4.2489000000000035,0.0,0,0,6,0,0,0,0,1.0,11,0,68,0,-0.03912077309709775,-0.0653822082346836
3336,CCC(CC(C)C)C(C)(C)C,443.15,True,GJVFOLLEVKEKMU-UHFFFAOYSA-N,156.313,156.187800768,4.104800000000004,0.0,0,0,3,0,0,0,0,1.0,11,0,68,0,-0.03542853868445548,-0.06509808123627055
3337,CCCC(CC(C)C)C(C)(C)C,458.15,True,HIHQJZLWJQHTEJ-UHFFFAOYSA-N,170.33999999999997,170.203450832,4.494900000000004,0.0,0,0,4,0,0,0,0,1.0,12,0,74,0,-0.03541860220087615,-0.06537190356778677
3338,CCCC#CCCC(C)C,436.96,True,PPAFZGNCAFJAEV-UHFFFAOYSA-N,138.254,138.140850576,3.2261000000000015,0.0,0,0,3,0,0,0,0,0.8,10,0,58,0,0.009107395332803032,-0.10333341743701242
3339,CCC(C)C(C)CC(C)(C)C,442.15,True,MPDBIZNQOUSUIN-UHFFFAOYSA-N,156.313,156.187800768,4.104800000000004,0.0,0,0,3,0,0,0,0,1.0,11,0,68,0,-0.03799810663377254,-0.06511829142156927
3340,CCCC(C)CC(C)(C)CC,447.15,True,BEFCOJKHEMBPSK-UHFFFAOYSA-N,156.313,156.187800768,4.2489000000000035,0.0,0,0,5,0,0,0,0,1.0,11,0,68,0,-0.03543068500864821,-0.06537242225315329
3341,CCCC(C)(C)CC(C)(C)C,443.15,True,JMRHVFQTDSCACD-UHFFFAOYSA-N,156.313,156.187800768,4.2489000000000035,0.0,0,0,3,0,0,0,0,1.0,11,0,68,0,-0.03493495948725265,-0.06536239469130413
3342,CCC(C)C(C)(C)C(C)CC,458.15,True,CXIAIMLBUJNNJR-UHFFFAOYSA-N,156.31299999999996,156.187800768,4.104800000000004,0.0,0,0,4,0,0,0,0,1.0,11,0,68,0,-0.030304697597487575,-0.06510804320738761
3343,CC(C)C(C)CC(C)C(C)C,448.15,True,RAHGVMDMAJFLTP-UHFFFAOYSA-N,156.313,156.187800768,3.9607000000000037,0.0,0,0,4,0,0,0,0,1.0,11,0,68,0,-0.04169796218488558,-0.06251880895009915
3344,CC(C)C(C)(C)CO,429.73095,True,FAMOAJMEFGYSNY-UHFFFAOYSA-N,116.20399999999998,116.120115132,1.6609,20.23,1,1,2,0,0,0,0,1.0,8,1,50,0,0.04840789383106693,-0.3958097460121667
3345,CC(C)CC(C)(C)CC(C)C,437.15,True,DTMSZIVVBLZFEV-UHFFFAOYSA-N,156.313,156.187800768,4.104800000000004,0.0,0,0,4,0,0,0,0,1.0,11,0,68,0,-0.034935965500146805,-0.062753545346752
3346,CC(C)CCC(C)CCC(C)C,463.0,True,YYZRNFMGAQMLJJ-UHFFFAOYSA-N,170.34,170.203450832,4.494900000000004,0.0,0,0,6,0,0,0,0,1.0,12,0,74,0,-0.044260507265334086,-0.06277343762093313
3347,CCCC(C)(CCC)CCC,451.15,True,RDZFGBZTNOYNAH-UHFFFAOYSA-N,156.313,156.187800768,4.393000000000004,0.0,0,0,6,0,0,0,0,1.0,11,0,68,0,-0.03261346259540131,-0.06536222323993716
3348,CCC(C)CC(C)C(C)CC,452.15,True,RMGAENUTYIFEJO-UHFFFAOYSA-N,156.31299999999996,156.187800768,4.104800000000004,0.0,0,0,5,0,0,0,0,1.0,11,0,68,0,-0.04145517529676346,-0.06512812589006833
3349,CC(CC(C)(C)C)C(C)(C)C,438.275,True,UKYAYXXQXKPIBL-UHFFFAOYSA-N,156.313,156.187800768,4.104800000000004,0.0,0,0,1,0,0,0,0,1.0,11,0,68,0,-0.035671186342084035,-0.06198924969044525
3350,CC(C)CC(C)C(C)CC(C)C,459.4,True,PWYLDJLMYGOPSR-UHFFFAOYSA-N,170.33999999999997,170.203450832,4.350800000000004,0.0,0,0,5,0,0,0,0,1.0,12,0,74,0,-0.04144518946731037,-0.06276343951903714
3351,CCCCCCCCCCCCC#CC,553.15,True,VWWAVTXUUYIIEE-UHFFFAOYSA-N,208.38899999999995,208.219100896,5.320700000000005,0.0,0,0,10,0,0,0,0,0.8666666666666667,15,0,88,0,0.00885312143701119,-0.10673740124239377
3352,CCCCC(C)(CC)CCCC,471.15,True,DZSBQMNPPIKBNF-UHFFFAOYSA-N,170.33999999999997,170.203450832,4.783100000000005,0.0,0,0,7,0,0,0,0,1.0,12,0,74,0,-0.032845559175093283,-0.06538203597616261
3353,CCCCC(C)(C)CCCC,450.15,True,BEPKYSJVUZWKMP-UHFFFAOYSA-N,156.313,156.187800768,4.393000000000004,0.0,0,0,6,0,0,0,0,1.0,11,0,68,0,-0.035422045660492285,-0.06538203736395996
3354,CCCC(C)CCCC(C)O,519.7,True,OYTRLQQQIHEJFE-UHFFFAOYSA-N,158.285,158.167065324,2.9737000000000022,20.23,1,1,6,0,0,0,0,1.0,11,1,68,0,0.05116685707465678,-0.3934192675659511
3355,CCCCCCC(C)(C)CCC,472.15,True,WZCACTKWHXCWFZ-UHFFFAOYSA-N,170.33999999999997,170.203450832,4.783100000000005,0.0,0,0,7,0,0,0,0,1.0,12,0,74,0,-0.0354317597206731,-0.06538238321217112
3356,CCCCCC(CC)(CC)CC,478.0,True,DGJISSKLLWWXTG-UHFFFAOYSA-N,170.33999999999997,170.203450832,4.783100000000005,0.0,0,0,7,0,0,0,0,1.0,12,0,74,0,-0.030531569617661798,-0.06538238043508357
3357,CCCCC(CC)CC(C)(C)C,460.15,True,PEGJIJFSOTZJFH-UHFFFAOYSA-N,170.33999999999997,170.203450832,4.639000000000005,0.0,0,0,5,0,0,0,0,1.0,12,0,74,0,-0.03799816574051056,-0.06538220961609031
3358,CCCCCCCCCCC(C)(C)C,513.15,True,ATWISEHEXAEGKB-UHFFFAOYSA-N,198.39399999999998,198.23475095999999,5.563300000000005,0.0,0,0,8,0,0,0,0,1.0,14,0,86,0,-0.03826112133366543,-0.06538238322279266
3359,CCCC(CC)CC(C)(C)C,441.15,True,BJOUMNMMNSZESV-UHFFFAOYSA-N,156.313,156.187800768,4.2489000000000035,0.0,0,0,4,0,0,0,0,1.0,11,0,68,0,-0.037998167124148045,-0.06537225032706734
3360,CC(C)CCCCC(C)(C)C,443.15,True,QGQAHVJOBYNMFN-UHFFFAOYSA-N,156.313,156.187800768,4.2489000000000035,0.0,0,0,4,0,0,0,0,1.0,11,0,68,0,-0.03826111995275494,-0.06277361059280477
3361,CCCCCC(C)CC(C)(C)C,464.15,True,YYYAICGYFLHBIN-UHFFFAOYSA-N,170.33999999999997,170.203450832,4.639000000000005,0.0,0,0,5,0,0,0,0,1.0,12,0,74,0,-0.03800811044153462,-0.06538238184037398
3362,CCC(C)CC(CC)C(C)C,449.15,True,DEZOXTLNRYCKNK-UHFFFAOYSA-N,156.313,156.187800768,4.104800000000004,0.0,0,0,5,0,0,0,0,1.0,11,0,68,0,-0.039119695045991554,-0.06512812450607113
3363,CCCCC(CC)(CC)CC,459.9,True,XATIZWAWQAIMQJ-UHFFFAOYSA-N,156.313,156.187800768,4.393000000000004,0.0,0,0,6,0,0,0,0,1.0,11,0,68,0,-0.030531740745372623,-0.06538203459224483
3364,CCCCC(C)C(C)(C)CC,455.15,True,IJVIFYHTPQSPSW-UHFFFAOYSA-N,156.31299999999996,156.187800768,4.2489000000000035,0.0,0,0,5,0,0,0,0,1.0,11,0,68,0,-0.03311456001651318,-0.065382208212818
3365,CCCCC(C)C(C)(CC)CC,473.15,True,AOQVLRSMPNHJPF-UHFFFAOYSA-N,170.33999999999997,170.203450832,4.639000000000005,0.0,0,0,6,0,0,0,0,1.0,12,0,74,0,-0.030538986424899977,-0.0653822082074769
3366,CCCCC(CC)(CC)CCC,473.15,True,FTEQKVNFZNDQJG-UHFFFAOYSA-N,170.33999999999997,170.203450832,4.783100000000005,0.0,0,0,7,0,0,0,0,1.0,12,0,74,0,-0.03027989935830178,-0.06538203458692804
3367,CCCC(C)CCC(C)CC,455.15,True,YHLBUWVGPXILSW-UHFFFAOYSA-N,156.313,156.187800768,4.2489000000000035,0.0,0,0,6,0,0,0,0,1.0,11,0,68,0,-0.04428017873593091,-0.06537242504220275
3368,CCCCC(C)(C)C(C)(C)C,452.8,True,YPGGGWSLWOECQF-UHFFFAOYSA-N,156.313,156.187800768,4.2489000000000035,0.0,0,0,3,0,0,0,0,1.0,11,0,68,0,-0.030556112122227388,-0.06538203455932692
3369,CCC(C)C(C)C(C)(C)CC,454.15,True,QVCSKDHUHWRVTA-UHFFFAOYSA-N,156.31299999999996,156.187800768,4.104800000000004,0.0,0,0,4,0,0,0,0,1.0,11,0,68,0,-0.03286122230304899,-0.06511794442176944
3370,CCCC[C@@H](C)CCC,415.15,True,DOGIHOCMZJUJNR-VIFPVBQESA-N,128.259,128.15650064,3.6128000000000027,0.0,0,0,5,0,0,0,0,1.0,9,0,56,0,-0.04429030725972217,-0.06538221100653975
3371,CCC(C)(C)CCCC(C)(C)C,455.9,True,BANZIZHQGFRTMI-UHFFFAOYSA-N,170.33999999999997,170.203450832,4.639000000000005,0.0,0,0,4,0,0,0,0,1.0,12,0,74,0,-0.035683318022989435,-0.06487320468630536
3372,CC(C)CC(C(C)C)C(C)C,443.15,True,QKICRGDGSLQROM-UHFFFAOYSA-N,156.31299999999996,156.187800768,3.9607000000000037,0.0,0,0,4,0,0,0,0,1.0,11,0,68,0,-0.03655025596931456,-0.06276309373576097
3373,CCCCC(CC)C(C)(C)C,449.15,True,SBWMIVQVGGUMCE-UHFFFAOYSA-N,156.313,156.187800768,4.2489000000000035,0.0,0,0,4,0,0,0,0,1.0,11,0,68,0,-0.035438371587193665,-0.06538220683548633
3374,CCC(C)C(C)(C)C(C)(C)C,457.15,True,RSEBTOONCGVAKN-UHFFFAOYSA-N,156.313,156.187800768,4.104800000000004,0.0,0,0,2,0,0,0,0,1.0,11,0,68,0,-0.027998831409694697,-0.06510786803090875
3375,CCC(C)C(C)(C(C)C)O,452.15,True,LTKHKGAPVGSECA-UHFFFAOYSA-N,144.25799999999998,144.15141526,2.439500000000001,20.23,1,1,3,0,0,0,0,1.0,10,1,62,0,0.06673236186446437,-0.3896372060289348
3376,CC(C)C(C)C(C)(C)C(C)C,454.15,True,STMIMOZUYGUOQZ-UHFFFAOYSA-N,156.313,156.187800768,3.9607000000000037,0.0,0,0,3,0,0,0,0,1.0,11,0,68,0,-0.030303673244589383,-0.06249864950642044
3377,CCCC(C)CCC(C)(C)C,444.15,True,CSVNISDVBYGXME-UHFFFAOYSA-N,156.313,156.187800768,4.2489000000000035,0.0,0,0,4,0,0,0,0,1.0,11,0,68,0,-0.03825116415138511,-0.0653724250368446
3378,CCCC(CC(C)C)C(C)C,445.15,True,ADLZFTVQXMDTCY-UHFFFAOYSA-N,156.313,156.187800768,4.104800000000004,0.0,0,0,5,0,0,0,0,1.0,11,0,68,0,-0.0388774375396947,-0.0653720783672421
3379,CCCC(C)C(CC)CCC,453.15,True,DTSHQAHKLUTGAR-UHFFFAOYSA-N,156.313,156.187800768,4.2489000000000035,0.0,0,0,6,0,0,0,0,1.0,11,0,68,0,-0.039120166380705486,-0.0653722504696812
3380,CC(C)CCC(C)(C)CC(C)C,457.0,True,QYUWMFZODNLLRJ-UHFFFAOYSA-N,170.34,170.203450832,4.494900000000004,0.0,0,0,5,0,0,0,0,1.0,12,0,74,0,-0.03516904810322591,-0.06277326320046925
3381,CCCC(C)CC(CC)CC,453.15,True,NXUUVZOGBPCPDV-UHFFFAOYSA-N,156.313,156.187800768,4.2489000000000035,0.0,0,0,6,0,0,0,0,1.0,11,0,68,0,-0.04169984241401234,-0.06537242365122191
3382,CCCCCCCCCCC(C)C(C)C,538.15,True,SWUJSLXRUPXTQB-UHFFFAOYSA-N,212.421,212.25040102399998,5.809300000000006,0.0,0,0,10,0,0,0,0,1.0,15,0,92,0,-0.04196109860828849,-0.06538238322279266
3383,CCCCC(CC)C(CC)CC,472.15,True,HILZBOWVGZXYGQ-UHFFFAOYSA-N,170.33999999999997,170.203450832,4.639000000000005,0.0,0,0,7,0,0,0,0,1.0,12,0,74,0,-0.03886722022764621,-0.0653822082293418
3384,CCCC(C)C(CC)CO,466.15,True,DXXCMAAACWSRPE-UHFFFAOYSA-N,144.258,144.15141526,2.441100000000001,20.23,1,1,5,0,0,0,0,1.0,10,1,62,0,0.0461210622299264,-0.3960776156129505
3385,CC(C)CC(C)(C(C)C)O,493.59,True,ZVKQNIUBLJYSGN-UHFFFAOYSA-N,144.25799999999998,144.15141526,2.439500000000001,20.23,1,1,3,0,0,0,0,1.0,10,1,62,0,0.06445224965275591,-0.3899053251009441
3386,CCCC(C)(C)CCO,471.59,True,RAKYQWCHMSXUEG-UHFFFAOYSA-N,130.231,130.135765196,2.1951000000000005,20.23,1,1,4,0,0,0,0,1.0,9,1,56,0,0.04356156126741825,-0.3963551460061516
3387,CCCCC(CCC)C(C)(C)C,464.15,True,RWILNGDOCMDMJW-UHFFFAOYSA-N,170.33999999999997,170.203450832,4.639000000000005,0.0,0,0,5,0,0,0,0,1.0,12,0,74,0,-0.03542843583402064,-0.06538220683019662
3388,CCC(C)CCC(CC)CC,455.15,True,FTQLPWORENXYAZ-UHFFFAOYSA-N,156.313,156.187800768,4.2489000000000035,0.0,0,0,6,0,0,0,0,1.0,11,0,68,0,-0.04194318985597223,-0.06512829910150081
3389,CC(C)CC(C)C(C)C(C)C,446.7,True,WOHJQOFSYZPITE-UHFFFAOYSA-N,156.31299999999996,156.187800768,3.9607000000000037,0.0,0,0,4,0,0,0,0,1.0,11,0,68,0,-0.03937032218003877,-0.0627634381238432
3390,CCCC(CC)CC(CC)CC,470.15,True,DSYIMNMBWBEOHY-UHFFFAOYSA-N,170.33999999999997,170.203450832,4.639000000000005,0.0,0,0,7,0,0,0,0,1.0,12,0,74,0,-0.04143784655813505,-0.0653722517214035
3391,CC(C)CCC(C)(C)C(C)C,448.15,True,ZVRALCAHDAJURU-UHFFFAOYSA-N,156.313,156.187800768,4.104800000000004,0.0,0,0,4,0,0,0,0,1.0,11,0,68,0,-0.03310537857830816,-0.0627732618057978
3392,CCC(CC)CC(CC)CC,452.15,True,OBHTWTQZINRNAB-UHFFFAOYSA-N,156.313,156.187800768,4.2489000000000035,0.0,0,0,6,0,0,0,0,1.0,11,0,68,0,-0.04169006948235238,-0.0651181799855226
3393,CCCC(C)(C)CC(C)CC,443.15,True,FVYNWISHVUNIOZ-UHFFFAOYSA-N,156.31299999999996,156.187800768,4.2489000000000035,0.0,0,0,5,0,0,0,0,1.0,11,0,68,0,-0.035178956423492745,-0.06536239609790057
3394,CCCC(CCC)(C(C)C)O,462.15,True,OHSMKBPEDBXYDU-UHFFFAOYSA-N,158.285,158.167065324,2.9737000000000022,20.23,1,1,5,0,0,0,0,1.0,11,1,68,0,0.06699242176770676,-0.38962745148848343
3395,CCCCCCCCCCCC#CCC,544.15,True,RUHQUJVXUGQUNY-UHFFFAOYSA-N,208.38899999999995,208.219100896,5.320700000000005,0.0,0,0,9,0,0,0,0,0.8666666666666667,15,0,88,0,0.008863823231915792,-0.10361163348989963
3396,CCC(CC)C(C)(CC)CC,459.15,True,ZFMWIWWLOKHXHC-UHFFFAOYSA-N,156.313,156.187800768,4.2489000000000035,0.0,0,0,5,0,0,0,0,1.0,11,0,68,0,-0.030296453959306885,-0.06509807943947384
3397,CCC(CC)CCCCO,497.26,True,GOJBFVJUMYSMJJ-UHFFFAOYSA-N,144.258,144.15141526,2.5852000000000017,20.23,1,1,6,0,0,0,0,1.0,10,1,62,0,0.04305258245151577,-0.39637656787551984
3398,CCC(CC)N(C)C,389.65,True,SUEKSPIQGIMSQM-UHFFFAOYSA-N,115.22,115.13609954399999,1.7366,3.24,0,1,3,0,0,0,0,1.0,8,1,50,0,0.008386799312810646,-0.30647207851953545
3399,CCC(C)C(CC)CC(C)C,448.15,True,CUHCBWKQRDWQMN-UHFFFAOYSA-N,156.313,156.187800768,4.104800000000004,0.0,0,0,5,0,0,0,0,1.0,11,0,68,0,-0.03887686927423277,-0.06511811991539557
3400,CC(C)(C)CC(C)(C)C(C)(C)C,468.15,True,YFGLJPQISFJQSO-UHFFFAOYSA-N,170.33999999999997,170.203450832,4.494900000000004,0.0,0,0,1,0,0,0,0,1.0,12,0,74,0,-0.030059259262500193,-0.06015345710990148
3401,CC(C)C(CC(C)(C)C)O,493.59,True,NPUIBFBNZSKEAP-UHFFFAOYSA-N,144.258,144.15141526,2.439500000000001,20.23,1,1,2,0,0,0,0,1.0,10,1,62,0,0.056766239901129834,-0.3928426627711546
3402,CC(C(C)O)C(C)(C)C,432.40963,True,MXDGSCZQIMQLII-UHFFFAOYSA-N,130.23099999999997,130.135765196,2.0494,20.23,1,1,1,0,0,0,0,1.0,9,1,56,0,0.054213511471585166,-0.3931198525495896
3403,CCC(C)(C)N(C)C,391.15,True,CUHMMDPUXJFCNB-UHFFFAOYSA-N,115.21999999999998,115.13609954399999,1.7366,3.24,0,1,2,0,0,0,0,1.0,8,1,50,0,0.01440682242880746,-0.3042845802121919
3404,CCC(C)(CC(C)(C)C)O,491.24,True,HGGJNDQMXCTKCR-UHFFFAOYSA-N,144.25799999999998,144.15141526,2.583600000000001,20.23,1,1,2,0,0,0,0,1.0,10,1,62,0,0.06217281347281017,-0.3901731181985802
3405,CCC(C)C(C)C(C)(C)O,493.59,True,JTOONBKGYWVPOY-UHFFFAOYSA-N,144.25799999999998,144.15141526,2.439500000000001,20.23,1,1,3,0,0,0,0,1.0,10,1,62,0,0.061921261933344164,-0.390182778155241
3406,CCCC(C)CC(C)CCC,452.15,True,JZKWOUUZMBTBDO-UHFFFAOYSA-N,156.313,156.187800768,4.2489000000000035,0.0,0,0,6,0,0,0,0,1.0,11,0,68,0,-0.04403680279954729,-0.06537242365652038
3407,CCC(C)(C)C(C)(C)C(C)C,460.15,True,GHRPCKCGHFDDOH-UHFFFAOYSA-N,156.31299999999996,156.187800768,4.104800000000004,0.0,0,0,3,0,0,0,0,1.0,11,0,68,0,-0.027998295466176014,-0.06485285380596684
3408,CCC(CC)(C(C)C)C(C)(C)C,479.15,True,GIKXQMPMOJVRDN-UHFFFAOYSA-N,170.33999999999997,170.203450832,4.494900000000004,0.0,0,0,3,0,0,0,0,1.0,12,0,74,0,-0.023104716435849666,-0.06482307590655438
3409,CCC(C)C(CC)(CC)C(C)C,473.15,True,OXAROVXPKXMTIV-UHFFFAOYSA-N,170.34,170.203450832,4.494900000000004,0.0,0,0,5,0,0,0,0,1.0,12,0,74,0,-0.025408781702388188,-0.06510769634208487
3410,CCC(CC)(C(C)C)C(C)C,462.15,True,VVQOQVXGUMJNET-UHFFFAOYSA-N,156.31299999999996,156.187800768,4.104800000000004,0.0,0,0,4,0,0,0,0,1.0,11,0,68,0,-0.02566112809119052,-0.06483322883356528
3411,CCCCC(CC)(CC)C(C)C,476.15,True,VBKOVPDJLQIMSZ-UHFFFAOYSA-N,170.34,170.203450832,4.639000000000005,0.0,0,0,6,0,0,0,0,1.0,12,0,74,0,-0.02796512676496793,-0.06538203319056982
3412,CCCC(CC)(CC)C(C)C,459.15,True,QNRHKXCWHYUEKP-UHFFFAOYSA-N,156.313,156.187800768,4.2489000000000035,0.0,0,0,5,0,0,0,0,1.0,11,0,68,0,-0.027975013429241222,-0.06536187847116168
3413,CCC(C(C)C)C(C)(C)CC,451.15,True,MTYPKDRKJRWXKB-UHFFFAOYSA-N,156.313,156.187800768,4.104800000000004,0.0,0,0,4,0,0,0,0,1.0,11,0,68,0,-0.0326183133646215,-0.06508821714036717
3414,CCCC(C(C)C)C(C)CC,450.15,True,SRECVVXQFXRBNI-UHFFFAOYSA-N,156.31299999999996,156.187800768,4.104800000000004,0.0,0,0,5,0,0,0,0,1.0,11,0,68,0,-0.03655071782320772,-0.06537190620990653
3415,CCC(C)CC(CC)CO,468.15,True,NRZVENBFUFCASY-UHFFFAOYSA-N,144.258,144.15141526,2.441100000000001,20.23,1,1,5,0,0,0,0,1.0,10,1,62,0,0.045876315302462625,-0.39608816738434344
3416,CC(C)CC(C)(C)C(C)(C)C,446.17573,True,QGVXFIIZUSICQO-UHFFFAOYSA-N,156.313,156.187800768,4.104800000000004,0.0,0,0,2,0,0,0,0,1.0,11,0,68,0,-0.03031313034719454,-0.06275319688424653
3417,CCC(C)(CC)CC(C)(C)C,451.15,True,YFQDCXGMLYJDSG-UHFFFAOYSA-N,156.313,156.187800768,4.2489000000000035,0.0,0,0,3,0,0,0,0,1.0,11,0,68,0,-0.03261040293871149,-0.06486286352677063
3418,CCC(C)CCC(C)(C)CC,450.15,True,CFESHXNQRRYSED-UHFFFAOYSA-N,156.313,156.187800768,4.2489000000000035,0.0,0,0,5,0,0,0,0,1.0,11,0,68,0,-0.035673707327418085,-0.06512829770389239
3419,CCCC(C)C(C)CC(C)C,449.15,True,UJYGOBMOHSFJQP-UHFFFAOYSA-N,156.313,156.187800768,4.104800000000004,0.0,0,0,5,0,0,0,0,1.0,11,0,68,0,-0.041455184692484284,-0.06537225185264238
3420,CCCCC#CC(C)(C)CC,457.05,True,DEPWYUIUNKUYSW-UHFFFAOYSA-N,152.28099999999998,152.15650064,3.6162000000000027,0.0,0,0,3,0,0,0,0,0.8181818181818182,11,0,64,0,0.025537587441423298,-0.10275050405902114
3421,CCCCCCCCCC(CCCCCCCC)N(C(CCCCCCCC)CCCCCCCCC)C(CCCCCCCC)CCCCCCCCC,1446.24,True,WDGDITYEVDXFGO-UHFFFAOYSA-N,774.4889999999995,773.871652552,20.068099999999994,3.24,0,1,48,0,0,0,0,1.0,55,1,332,0,0.010107919768372458,-0.2944961682939212
3422,CC(C)CC(CC(C)C)CO,477.15,True,FXXCTCCAZGTNNO-UHFFFAOYSA-N,158.28499999999997,158.167065324,2.6871000000000014,20.23,1,1,5,0,0,0,0,1.0,11,1,68,0,0.045896210349753844,-0.39608780227694257
3423,CCCC(C)(CCC)CC(C)C,462.15,True,FDVJFPZZPSPQAO-UHFFFAOYSA-N,170.34,170.203450832,4.639000000000005,0.0,0,0,6,0,0,0,0,1.0,12,0,74,0,-0.03236056867520096,-0.0653622218387665
3424,CCCCCCCCCCC(C)CC(C)C,521.0,True,NWTLFDYNCLTSAR-UHFFFAOYSA-N,226.44799999999998,226.26605108799998,6.199400000000007,0.0,0,0,11,0,0,0,0,1.0,16,0,98,0,-0.04403685024835843,-0.06538238322279266
3425,CCCC(C)C(CC(C)C)O,519.26,True,VIHAZZPWGKHJQE-UHFFFAOYSA-N,158.285,158.167065324,2.8296000000000014,20.23,1,1,5,0,0,0,0,1.0,11,1,68,0,0.0567747505914414,-0.39284258803203104
3426,CCCC(CC(C)C)C(C)CC,463.15,True,PJXVVWKRCASATD-UHFFFAOYSA-N,170.33999999999997,170.203450832,4.494900000000004,0.0,0,0,6,0,0,0,0,1.0,12,0,74,0,-0.0386246796937506,-0.06537207697861215
3427,CCCC(C)(C)CCCC(C)C,463.15,True,MTPVPWZHWOHMQT-UHFFFAOYSA-N,170.34,170.203450832,4.639000000000005,0.0,0,0,6,0,0,0,0,1.0,12,0,74,0,-0.035431588557605476,-0.06536239749739488
3428,CCCC(CC(C)C)CC(C)C,457.75,True,UFJZYHSURMZROL-UHFFFAOYSA-N,170.34,170.203450832,4.494900000000004,0.0,0,0,6,0,0,0,0,1.0,12,0,74,0,-0.040952257783126285,-0.06537224895889955
3429,CCCCC(C)(C)CCC(C)C,463.15,True,ZRRKWMYBHUMSTG-UHFFFAOYSA-N,170.34,170.203450832,4.639000000000005,0.0,0,0,6,0,0,0,0,1.0,12,0,74,0,-0.035412089478267544,-0.0653820373639501
3430,CCCC(C)(C)CCC(C)C,445.15,True,DZKJZWAIBSEZKB-UHFFFAOYSA-N,156.313,156.187800768,4.2489000000000035,0.0,0,0,5,0,0,0,0,1.0,11,0,68,0,-0.03542197601852724,-0.06536239749206316
3431,CCCC(CCC)CC(C)C,447.15,True,AXOUMHTUGUFOKF-UHFFFAOYSA-N,156.313,156.187800768,4.2489000000000035,0.0,0,0,6,0,0,0,0,1.0,11,0,68,0,-0.04120550584378052,-0.0653722503516504
3432,CCCC(CCC)CCC(C)C,462.0,True,NYBDGQCIJCAIJL-UHFFFAOYSA-N,170.34,170.203450832,4.639000000000005,0.0,0,0,7,0,0,0,0,1.0,12,0,74,0,-0.0414389132437363,-0.06537225173370714
3433,CCCC(C)(C)C(C)(C)CC,457.15,True,CFNIIBCZVLNKPV-UHFFFAOYSA-N,156.31299999999996,156.187800768,4.2489000000000035,0.0,0,0,4,0,0,0,0,1.0,11,0,68,0,-0.030313056498514138,-0.06536204777853198
3434,CCCC(C)(CCC)C(C)CC,471.15,True,UGSAJWKYCFFZRD-UHFFFAOYSA-N,170.33999999999997,170.203450832,4.639000000000005,0.0,0,0,6,0,0,0,0,1.0,12,0,74,0,-0.03004540295841938,-0.06536204891586049
3435,CCCC(C(C)CC)C(C)CC,469.15,True,GKVRDSIZILZQJE-UHFFFAOYSA-N,170.33999999999997,170.203450832,4.494900000000004,0.0,0,0,6,0,0,0,0,1.0,12,0,74,0,-0.03629798816560572,-0.06537190481977145
3436,CCCC(CCC)C(C)(C)CC,469.15,True,XVWBLUKOUJTCDO-UHFFFAOYSA-N,170.33999999999997,170.203450832,4.639000000000005,0.0,0,0,6,0,0,0,0,1.0,12,0,74,0,-0.03285212548740493,-0.06537190356693409
3437,CCCCC(C)(C)C(C)CC,454.15,True,WWCBWKZBTINVDE-UHFFFAOYSA-N,156.31299999999996,156.187800768,4.2489000000000035,0.0,0,0,5,0,0,0,0,1.0,11,0,68,0,-0.03286289773492084,-0.06538203596517918
3438,CCC(C)(C(C)C(C)(C)C)O,467.8,True,LBLUJHQRJVUQJR-UHFFFAOYSA-N,158.28499999999997,158.167065324,2.8296000000000014,20.23,1,1,2,0,0,0,0,1.0,11,1,68,0,0.06470813286555437,-0.3898943631159756
3439,CCCC(CCC)C(C)CC,452.15,True,WAMROSASDOIVDE-UHFFFAOYSA-N,156.313,156.187800768,4.2489000000000035,0.0,0,0,6,0,0,0,0,1.0,11,0,68,0,-0.03887789946723434,-0.0653720783728742
3440,CCCC(C)C(C)(C)CCC,453.15,True,QGCXVKCDWOOWTQ-UHFFFAOYSA-N,156.313,156.187800768,4.2489000000000035,0.0,0,0,5,0,0,0,0,1.0,11,0,68,0,-0.03286285939439465,-0.06537207723525343
3441,CCCCCC(C)(C)CCC,451.15,True,HARRKRKVTQABSF-UHFFFAOYSA-N,156.313,156.187800768,4.393000000000004,0.0,0,0,6,0,0,0,0,1.0,11,0,68,0,-0.03543176109465022,-0.06538238044569399
3442,CC(C)CCC(C)(C)C(C)(C)C,466.15,True,LYTFNNQFUUFUDH-UHFFFAOYSA-N,170.33999999999997,170.203450832,4.494900000000004,0.0,0,0,3,0,0,0,0,1.0,12,0,74,0,-0.030546155831698927,-0.06277326038792601
3443,CCC(C)(C)C(C)C(C)(C)C,459.15,True,HBVQLCKOFAUQGY-UHFFFAOYSA-N,156.31299999999996,156.187800768,4.104800000000004,0.0,0,0,2,0,0,0,0,1.0,11,0,68,0,-0.03261673273028313,-0.0648628011606589
3444,CC(C)C(C)C(C)C(C)(C)C,447.15,True,LDUJDGROUWHEKU-UHFFFAOYSA-N,156.313,156.187800768,3.9607000000000037,0.0,0,0,2,0,0,0,0,1.0,11,0,68,0,-0.0354276615796833,-0.06250858915000165
3445,CCCC(C)C(C)C(C)(C)C,449.15,True,HPKDRGPKZGWSND-UHFFFAOYSA-N,156.313,156.187800768,4.104800000000004,0.0,0,0,3,0,0,0,0,1.0,11,0,68,0,-0.0354375315938175,-0.06537224905229826
3446,CC(C)C(C)(C)CCC(C)(C)C,459.15,True,FMJMMNPKKCFHTH-UHFFFAOYSA-N,170.33999999999997,170.203450832,4.494900000000004,0.0,0,0,3,0,0,0,0,1.0,12,0,74,0,-0.03309535298609419,-0.062263344840183345
3447,CCCC(C)(C)CCC(C)(C)C,457.15,True,RJJMZKVKQLGGDK-UHFFFAOYSA-N,170.33999999999997,170.203450832,4.639000000000005,0.0,0,0,4,0,0,0,0,1.0,12,0,74,0,-0.035411950498919334,-0.06536239748666266
3448,CC(C)C(C)CCC(C)(C)C,442.15,True,ZYJXKOJVCNGFSL-UHFFFAOYSA-N,156.313,156.187800768,4.104800000000004,0.0,0,0,3,0,0,0,0,1.0,11,0,68,0,-0.038250992031829543,-0.06251898152477064
3449,CCC(C)C(CC(C)(C)C)O,516.47,True,JHHGGYCQTXZCTL-UHFFFAOYSA-N,158.285,158.167065324,2.8296000000000014,20.23,1,1,3,0,0,0,0,1.0,11,1,68,0,0.057019374616737395,-0.3928319651037573
3450,CCCC(CCC)C(C)C(C)C,467.15,True,AZUDVOIXPNEOLR-UHFFFAOYSA-N,170.34,170.203450832,4.494900000000004,0.0,0,0,6,0,0,0,0,1.0,12,0,74,0,-0.038624113750952364,-0.0653720769718956
3451,CCCCCCCCCCCC(C)C(C)C,555.15,True,ZQRVEWIJXCRTFW-UHFFFAOYSA-N,226.44799999999998,226.26605108799998,6.199400000000007,0.0,0,0,11,0,0,0,0,1.0,16,0,98,0,-0.04196109860828849,-0.06538238322279266
3452,CCC(C)(C)C(C)(C)CC(C)C,469.15,True,TXGUYEKSMHZHSB-UHFFFAOYSA-N,170.33999999999997,170.203450832,4.494900000000004,0.0,0,0,4,0,0,0,0,1.0,12,0,74,0,-0.03006019084492092,-0.06485302710481683
3453,CCC(C)(C)CC(C)(C)O,491.24,True,QMEHJTXRYVSFES-UHFFFAOYSA-N,144.25799999999998,144.15141526,2.583600000000001,20.23,1,1,3,0,0,0,0,1.0,10,1,62,0,0.05963985904843532,-0.3904504309809815
3454,CCCCC(C)(C)CC(C)C,444.15,True,CJXXTMYWNCYKHU-UHFFFAOYSA-N,156.313,156.187800768,4.2489000000000035,0.0,0,0,5,0,0,0,0,1.0,11,0,68,0,-0.03517900423992761,-0.06538203735861597
3455,CCCCC(C)C(CCC)O,519.7,True,BFYIAYZULSQBFQ-UHFFFAOYSA-N,158.285,158.167065324,2.9737000000000022,20.23,1,1,6,0,0,0,0,1.0,11,1,68,0,0.056521311135706444,-0.3928533178683643
3456,CC[C@@H](CC(C)(C)C)O,426.15,True,NPZRPUOKIPAIEL-ZETCQYMHSA-N,130.231,130.135765196,2.1935000000000007,20.23,1,1,2,0,0,0,0,1.0,9,1,56,0,0.05422019571848022,-0.3931208804480673
3457,CC/C(=C/C(=C/C)/C)/C,413.15,True,UCZAREQHYMBQOS-OCIXRKKMSA-N,124.22699999999998,124.12520051199999,3.308900000000002,0.0,0,0,2,0,0,0,0,0.5555555555555556,9,0,52,0,-0.03484336241262567,-0.08472252562486686
3458,CCC(C)(C)[C@@H](C(C)(C)C)O,460.65,True,LKAPNEGVXBMYKE-MRVPVSSYSA-N,158.28499999999997,158.167065324,2.8296000000000014,20.23,1,1,2,0,0,0,0,1.0,11,1,68,0,0.0638745770827509,-0.3920263601713861
3459,CC[C@@H](CO)C(C)(C)C,471.15,True,WOVMYJCSCISMAU-ZETCQYMHSA-N,130.23099999999997,130.135765196,2.051,20.23,1,1,2,0,0,0,0,1.0,9,1,56,0,0.046366609671499644,-0.3960669910143593
3460,C[C@@H](C(C)(C)C(C)C)O,437.9,True,BOBYQFFCQPQLOB-ZETCQYMHSA-N,130.231,130.135765196,2.0494,20.23,1,1,2,0,0,0,0,1.0,9,1,56,0,0.056496801881055096,-0.3928515187822341
3461,CCCCCCCCCCCCC[C@@H](C)CO,657.42,True,ZBQXOOAHEIPFSM-MRXNPFEDSA-N,242.44699999999995,242.26096570800001,5.315900000000006,20.23,1,1,13,0,0,0,0,1.0,17,1,104,0,0.045612491906914535,-0.3960990112380961
